brand,product,product_type,shade,hex,R,G,B,L_star,depth_band,band_order,in_deeper_half,rank_in_product,gap_to_next,product_half,swatch_type,in_stock,source_url
e.l.f.,Camo CC Cream,CC cream,Fair 120 N - fair with neutral undertones,#F2C79C,242,199,156,82.98,Light,1,No,1,6.18,lighter half,color code,,https://www.elfcosmetics.com/products/camo-cc-cream
e.l.f.,Camo CC Cream,CC cream,Fair 100 W - Fair with warm undertones,#D9B895,217,184,149,76.8,Light,1,No,2,0.42,lighter half,color code,,https://www.elfcosmetics.com/products/camo-cc-cream
e.l.f.,Camo CC Cream,CC cream,Fair 125 C - Fair with cool undertones,#D9B5A5,217,181,165,76.38,Light,1,No,3,2.95,lighter half,color code,,https://www.elfcosmetics.com/products/camo-cc-cream
e.l.f.,Camo CC Cream,CC cream,Fair 140 W - fair with warm undertones,#D7AD7D,215,173,125,73.43,Medium,2,No,4,0.78,lighter half,color code,,https://www.elfcosmetics.com/products/camo-cc-cream
e.l.f.,Camo CC Cream,CC cream,Light 280 N - light with neutral undertones,#DDA874,221,168,116,72.65,Medium,2,No,5,2.21,lighter half,color code,,https://www.elfcosmetics.com/products/camo-cc-cream
e.l.f.,Camo CC Cream,CC cream,Fair 150 C - fair with cool undertones,#D4A18C,212,161,140,70.44,Medium,2,No,6,0.31,lighter half,color code,,https://www.elfcosmetics.com/products/camo-cc-cream
e.l.f.,Camo CC Cream,CC cream,Light 250 W - light with warm undertones,#D8A071,216,160,113,70.13,Medium,2,No,7,1.4,lighter half,color code,,https://www.elfcosmetics.com/products/camo-cc-cream
e.l.f.,Camo CC Cream,CC cream,Light 205 N - Light with neutral undertones,#C3A27F,195,162,127,68.73,Medium,2,No,8,1,lighter half,color code,,https://www.elfcosmetics.com/products/camo-cc-cream
e.l.f.,Camo CC Cream,CC cream,Light 240 W - light with warm undertones,#C89D72,200,157,114,67.73,Medium,2,No,9,0.78,lighter half,color code,,https://www.elfcosmetics.com/products/camo-cc-cream
e.l.f.,Camo CC Cream,CC cream,Medium 355 W - medium with warm undertones,#D39663,211,150,99,66.95,Medium,2,No,10,3.47,lighter half,color code,,https://www.elfcosmetics.com/products/camo-cc-cream
e.l.f.,Camo CC Cream,CC cream,Light 210 N - light with neutral undertones,#C78D67,199,141,103,63.48,Medium,2,No,11,1.81,lighter half,color code,,https://www.elfcosmetics.com/products/camo-cc-cream
e.l.f.,Camo CC Cream,CC cream,Medium 370 N - medium with neutral undertones,#C28865,194,136,101,61.67,Medium,2,No,12,0.45,lighter half,color code,,https://www.elfcosmetics.com/products/camo-cc-cream
e.l.f.,Camo CC Cream,CC cream,Medium 330 W - medium with warm undertones,#BE8955,190,137,85,61.22,Medium,2,No,13,0.02,lighter half,color code,,https://www.elfcosmetics.com/products/camo-cc-cream
e.l.f.,Camo CC Cream,CC cream,Medium 310 C - medium with cool undertones,#C5855F,197,133,95,61.2,Medium,2,No,14,1.83,lighter half,color code,,https://www.elfcosmetics.com/products/camo-cc-cream
e.l.f.,Camo CC Cream,CC cream,Medium 375 N - medium with neutral undertones,#C0805D,192,128,93,59.37,Medium,2,No,15,2.82,lighter half,color code,,https://www.elfcosmetics.com/products/camo-cc-cream
e.l.f.,Camo CC Cream,CC cream,Tan 415 C - tan with cool undertones,#AF7D57,175,125,87,56.55,Medium,2,No,16,5.29,lighter half,color code,,https://www.elfcosmetics.com/products/camo-cc-cream
e.l.f.,Camo CC Cream,CC cream,Tan 400 W - Tan with warm undertones,#A76D3D,167,109,61,51.26,Tan,3,Yes,17,0.42,deeper half,color code,,https://www.elfcosmetics.com/products/camo-cc-cream
e.l.f.,Camo CC Cream,CC cream,Tan 425 N - tan with neutral undertones,#AA6949,170,105,73,50.84,Tan,3,Yes,18,1.87,deeper half,color code,,https://www.elfcosmetics.com/products/camo-cc-cream
e.l.f.,Camo CC Cream,CC cream,Tan 460 W - Tan with warm undertones,#A26641,162,102,65,48.97,Tan,3,Yes,19,3.42,deeper half,color code,,https://www.elfcosmetics.com/products/camo-cc-cream
e.l.f.,Camo CC Cream,CC cream,Deep 510 C - deep with cool undertones,#9D5B38,157,91,56,45.55,Tan,3,Yes,20,5.43,deeper half,color code,,https://www.elfcosmetics.com/products/camo-cc-cream
e.l.f.,Camo CC Cream,CC cream,Deep 540 N - deep with neutral undertones,#805533,128,85,51,40.12,Tan,3,Yes,21,1.2,deeper half,color code,,https://www.elfcosmetics.com/products/camo-cc-cream
e.l.f.,Camo CC Cream,CC cream,Deep 500 W - deep with warm undertones,#725641,114,86,65,38.92,Tan,3,Yes,22,0.35,deeper half,color code,,https://www.elfcosmetics.com/products/camo-cc-cream
e.l.f.,Camo CC Cream,CC cream,Tan 450 N - tan with neutral undertones,#7D503B,125,80,59,38.57,Tan,3,Yes,23,1.21,deeper half,color code,,https://www.elfcosmetics.com/products/camo-cc-cream
e.l.f.,Camo CC Cream,CC cream,Deep 560 C - deep with cool undertones,#7E4B36,126,75,54,37.36,Tan,3,Yes,24,4.43,deeper half,color code,,https://www.elfcosmetics.com/products/camo-cc-cream
e.l.f.,Camo CC Cream,CC cream,Deep 530 W - Deep with warm undertones,#754016,117,64,22,32.93,Deep,4,Yes,25,1.65,deeper half,color code,,https://www.elfcosmetics.com/products/camo-cc-cream
e.l.f.,Camo CC Cream,CC cream,Rich 620 W - rich with warm undertones,#654131,101,65,49,31.28,Deep,4,Yes,26,2.46,deeper half,color code,,https://www.elfcosmetics.com/products/camo-cc-cream
e.l.f.,Camo CC Cream,CC cream,Rich 640 W - rich with warm undertones,#573E39,87,62,57,28.82,Deep,4,Yes,27,4.16,deeper half,color code,,https://www.elfcosmetics.com/products/camo-cc-cream
e.l.f.,Camo CC Cream,CC cream,Rich 610 N - Rich with neutral udertones,#5A2F1F,90,47,31,24.66,Deep,4,Yes,28,2.52,deeper half,color code,,https://www.elfcosmetics.com/products/camo-cc-cream
e.l.f.,Camo CC Cream,CC cream,Rich 660 N - rich with neutral undertones,#45302B,69,48,43,22.14,Deep,4,Yes,29,0.31,deeper half,color code,,https://www.elfcosmetics.com/products/camo-cc-cream
e.l.f.,Camo CC Cream,CC cream,Rich 650 C - Rich with cool undertones,#4F2B1B,79,43,27,21.83,Deep,4,Yes,30,,deeper half,color code,,https://www.elfcosmetics.com/products/camo-cc-cream
e.l.f.,Halo Glow Liquid Filter,Glow filter,1 Fair Neutral Peach,#EAC6AC,234,198,172,82.3,Light,1,No,1,0.91,lighter half,color code,,https://www.elfcosmetics.com/products/halo-glow-liquid-filter
e.l.f.,Halo Glow Liquid Filter,Glow filter,0.5 Fair Cool,#E4C5A6,228,197,166,81.39,Light,1,No,2,0.18,lighter half,color code,,https://www.elfcosmetics.com/products/halo-glow-liquid-filter
e.l.f.,Halo Glow Liquid Filter,Glow filter,00 Fair Neutral,#E5C4A5,229,196,165,81.21,Light,1,No,3,1.53,lighter half,color code,,https://www.elfcosmetics.com/products/halo-glow-liquid-filter
e.l.f.,Halo Glow Liquid Filter,Glow filter,2 Fair/Light,#DCC1A6,220,193,166,79.68,Light,1,No,4,0.8,lighter half,color code,,https://www.elfcosmetics.com/products/halo-glow-liquid-filter
e.l.f.,Halo Glow Liquid Filter,Glow filter,0 Fair Neutral Warm,#E4BC98,228,188,152,78.88,Light,1,No,5,5.19,lighter half,color code,,https://www.elfcosmetics.com/products/halo-glow-liquid-filter
e.l.f.,Halo Glow Liquid Filter,Glow filter,3 Light/Medium Cool,#D6AD91,214,173,145,73.69,Medium,2,No,6,7.1,lighter half,color code,,https://www.elfcosmetics.com/products/halo-glow-liquid-filter
e.l.f.,Halo Glow Liquid Filter,Glow filter,3.5 Medium Neutral Olive,#C39B6A,195,155,106,66.59,Medium,2,No,7,1.72,lighter half,color code,,https://www.elfcosmetics.com/products/halo-glow-liquid-filter
e.l.f.,Halo Glow Liquid Filter,Glow filter,5 Medium/Tan Warm,#BF9668,191,150,104,64.87,Medium,2,No,8,1.03,lighter half,color code,,https://www.elfcosmetics.com/products/halo-glow-liquid-filter
e.l.f.,Halo Glow Liquid Filter,Glow filter,4 Medium Neutral,#BE926D,190,146,109,63.84,Medium,2,No,9,8.45,lighter half,color code,,https://www.elfcosmetics.com/products/halo-glow-liquid-filter
e.l.f.,Halo Glow Liquid Filter,Glow filter,5.5 Medium/Tan Neutral Warm,#B07943,176,121,67,55.39,Medium,2,No,10,9.22,lighter half,color code,,https://www.elfcosmetics.com/products/halo-glow-liquid-filter
e.l.f.,Halo Glow Liquid Filter,Glow filter,6 Tan/Deep Warm,#96613F,150,97,63,46.17,Tan,3,Yes,11,0.43,deeper half,color code,,https://www.elfcosmetics.com/products/halo-glow-liquid-filter
e.l.f.,Halo Glow Liquid Filter,Glow filter,6.5 Deep Warm,#9E5C28,158,92,40,45.74,Tan,3,Yes,12,5.38,deeper half,color code,,https://www.elfcosmetics.com/products/halo-glow-liquid-filter
e.l.f.,Halo Glow Liquid Filter,Glow filter,7 Deep/Rich Cool,#83543A,131,84,58,40.36,Tan,3,Yes,13,8.76,deeper half,color code,,https://www.elfcosmetics.com/products/halo-glow-liquid-filter
e.l.f.,Halo Glow Liquid Filter,Glow filter,8 Rich Cool,#6C3F2A,108,63,42,31.6,Deep,4,Yes,14,3.25,deeper half,color code,,https://www.elfcosmetics.com/products/halo-glow-liquid-filter
e.l.f.,Halo Glow Liquid Filter,Glow filter,8.5 Rich Neutral Warm,#65371D,101,55,29,28.35,Deep,4,Yes,15,,deeper half,color code,,https://www.elfcosmetics.com/products/halo-glow-liquid-filter
e.l.f.,Halo Glow Skin Tint SPF 50,Skin tint,2 Fair Warm,#F0D2B0,240,210,176,85.88,Light,1,No,1,0.8,lighter half,color code,,https://www.elfcosmetics.com/products/halo-glow-skin-tint-spf-50
e.l.f.,Halo Glow Skin Tint SPF 50,Skin tint,3 Fair Cool,#F6CCB6,246,204,182,85.08,Light,1,No,2,0.65,lighter half,color code,,https://www.elfcosmetics.com/products/halo-glow-skin-tint-spf-50
e.l.f.,Halo Glow Skin Tint SPF 50,Skin tint,1 Fair Neutral,#F2CCA8,242,204,168,84.43,Light,1,No,3,1.07,lighter half,color code,,https://www.elfcosmetics.com/products/halo-glow-skin-tint-spf-50
e.l.f.,Halo Glow Skin Tint SPF 50,Skin tint,4 Light Neutral,#F0C9A0,240,201,160,83.36,Light,1,No,4,5.9,lighter half,color code,,https://www.elfcosmetics.com/products/halo-glow-skin-tint-spf-50
e.l.f.,Halo Glow Skin Tint SPF 50,Skin tint,5 Light Warm,#E3B885,227,184,133,77.46,Light,1,No,5,1.31,lighter half,color code,,https://www.elfcosmetics.com/products/halo-glow-skin-tint-spf-50
e.l.f.,Halo Glow Skin Tint SPF 50,Skin tint,6 Light Cool,#E8B08D,232,176,141,76.15,Light,1,No,6,4.71,lighter half,color code,,https://www.elfcosmetics.com/products/halo-glow-skin-tint-spf-50
e.l.f.,Halo Glow Skin Tint SPF 50,Skin tint,7 Medium Warm,#E0A26F,224,162,111,71.44,Medium,2,No,7,8.54,lighter half,color code,,https://www.elfcosmetics.com/products/halo-glow-skin-tint-spf-50
e.l.f.,Halo Glow Skin Tint SPF 50,Skin tint,8 Medium Neutral,#C48C67,196,140,103,62.9,Medium,2,No,8,0.38,lighter half,color code,,https://www.elfcosmetics.com/products/halo-glow-skin-tint-spf-50
e.l.f.,Halo Glow Skin Tint SPF 50,Skin tint,9 Medium Cool,#CC8760,204,135,96,62.52,Medium,2,No,9,8.61,lighter half,color code,,https://www.elfcosmetics.com/products/halo-glow-skin-tint-spf-50
e.l.f.,Halo Glow Skin Tint SPF 50,Skin tint,10 Tan Neutral,#B6703F,182,112,63,53.91,Tan,3,Yes,10,1.29,deeper half,color code,,https://www.elfcosmetics.com/products/halo-glow-skin-tint-spf-50
e.l.f.,Halo Glow Skin Tint SPF 50,Skin tint,11 Tan Warm,#B36C42,179,108,66,52.62,Tan,3,Yes,11,2.09,deeper half,color code,,https://www.elfcosmetics.com/products/halo-glow-skin-tint-spf-50
e.l.f.,Halo Glow Skin Tint SPF 50,Skin tint,12 Tan Cool,#A86946,168,105,70,50.53,Tan,3,Yes,12,11.49,deeper half,color code,,https://www.elfcosmetics.com/products/halo-glow-skin-tint-spf-50
e.l.f.,Halo Glow Skin Tint SPF 50,Skin tint,15 Deep Cool,#864D3A,134,77,58,39.04,Tan,3,Yes,13,0.11,deeper half,color code,,https://www.elfcosmetics.com/products/halo-glow-skin-tint-spf-50
e.l.f.,Halo Glow Skin Tint SPF 50,Skin tint,14 Deep Warm,#844E36,132,78,54,38.93,Tan,3,Yes,14,1.58,deeper half,color code,,https://www.elfcosmetics.com/products/halo-glow-skin-tint-spf-50
e.l.f.,Halo Glow Skin Tint SPF 50,Skin tint,13 Deep Neutral,#7A4D38,122,77,56,37.35,Tan,3,Yes,15,6.19,deeper half,color code,,https://www.elfcosmetics.com/products/halo-glow-skin-tint-spf-50
e.l.f.,Halo Glow Skin Tint SPF 50,Skin tint,17 Rich Warm,#693F29,105,63,41,31.16,Deep,4,Yes,16,0.97,deeper half,color code,,https://www.elfcosmetics.com/products/halo-glow-skin-tint-spf-50
e.l.f.,Halo Glow Skin Tint SPF 50,Skin tint,16 Rich Cool,#6B3A29,107,58,41,30.19,Deep,4,Yes,17,6.62,deeper half,color code,,https://www.elfcosmetics.com/products/halo-glow-skin-tint-spf-50
e.l.f.,Halo Glow Skin Tint SPF 50,Skin tint,18 Rich Neutral,#4D3221,77,50,33,23.57,Deep,4,Yes,18,,deeper half,color code,,https://www.elfcosmetics.com/products/halo-glow-skin-tint-spf-50
e.l.f.,Hydrating Camo CC Cream,CC cream,Fair 100 W - fair with warm undertones,#FDDEAF,253,222,175,89.96,Light,1,No,1,4.54,lighter half,color code,,https://www.elfcosmetics.com/products/hydrating-camo-cc-cream
e.l.f.,Hydrating Camo CC Cream,CC cream,Fair 140 W - fair with warm undertones,#F5D099,245,208,153,85.42,Light,1,No,2,2.44,lighter half,color code,,https://www.elfcosmetics.com/products/hydrating-camo-cc-cream
e.l.f.,Hydrating Camo CC Cream,CC cream,Fair 120 N - fair with neutral undertones,#F2C79C,242,199,156,82.98,Light,1,No,3,0.69,lighter half,color code,,https://www.elfcosmetics.com/products/hydrating-camo-cc-cream
e.l.f.,Hydrating Camo CC Cream,CC cream,Fair 125 C - fair with cool undertones,#ECC6A2,236,198,162,82.29,Light,1,No,4,1.79,lighter half,color code,,https://www.elfcosmetics.com/products/hydrating-camo-cc-cream
e.l.f.,Hydrating Camo CC Cream,CC cream,Fair 150 C - fair with cool undertones,#F1BE91,241,190,145,80.5,Light,1,No,5,1.47,lighter half,color code,,https://www.elfcosmetics.com/products/hydrating-camo-cc-cream
e.l.f.,Hydrating Camo CC Cream,CC cream,Light 240 W - light with warm undertones,#E9BC85,233,188,133,79.03,Light,1,No,6,2.14,lighter half,color code,,https://www.elfcosmetics.com/products/hydrating-camo-cc-cream
e.l.f.,Hydrating Camo CC Cream,CC cream,Medium 310 C - medium with cool undertones,#F0B179,240,177,121,76.89,Light,1,No,7,3.36,lighter half,color code,,https://www.elfcosmetics.com/products/hydrating-camo-cc-cream
e.l.f.,Hydrating Camo CC Cream,CC cream,Light 210 N - light with neutral undertones,#E2A97B,226,169,123,73.53,Medium,2,No,8,0.88,lighter half,color code,,https://www.elfcosmetics.com/products/hydrating-camo-cc-cream
e.l.f.,Hydrating Camo CC Cream,CC cream,Light 280 N - light with neutral undertones,#DDA874,221,168,116,72.65,Medium,2,No,9,2.52,lighter half,color code,,https://www.elfcosmetics.com/products/hydrating-camo-cc-cream
e.l.f.,Hydrating Camo CC Cream,CC cream,Light 250 W - light with warm undertones,#D8A071,216,160,113,70.13,Medium,2,No,10,0.16,lighter half,color code,,https://www.elfcosmetics.com/products/hydrating-camo-cc-cream
e.l.f.,Hydrating Camo CC Cream,CC cream,Light 205 N - light with neutral undertones,#CEA287,206,162,135,69.97,Medium,2,No,11,1.75,lighter half,color code,,https://www.elfcosmetics.com/products/hydrating-camo-cc-cream
e.l.f.,Hydrating Camo CC Cream,CC cream,Medium 330 W - medium with warm undertones,#D09C6C,208,156,108,68.22,Medium,2,No,12,1.27,lighter half,color code,,https://www.elfcosmetics.com/products/hydrating-camo-cc-cream
e.l.f.,Hydrating Camo CC Cream,CC cream,Medium 355 W - medium with warm undertones,#D39663,211,150,99,66.95,Medium,2,No,13,5.28,lighter half,color code,,https://www.elfcosmetics.com/products/hydrating-camo-cc-cream
e.l.f.,Hydrating Camo CC Cream,CC cream,Medium 370 N - medium with neutral undertones,#C28865,194,136,101,61.67,Medium,2,No,14,2.3,lighter half,color code,,https://www.elfcosmetics.com/products/hydrating-camo-cc-cream
e.l.f.,Hydrating Camo CC Cream,CC cream,Medium 375 N - medium with neutral undertones,#C0805D,192,128,93,59.37,Medium,2,No,15,2.82,deeper half,color code,,https://www.elfcosmetics.com/products/hydrating-camo-cc-cream
e.l.f.,Hydrating Camo CC Cream,CC cream,Tan 415 C - tan with cool undertones,#AF7D57,175,125,87,56.55,Medium,2,No,16,0.84,deeper half,color code,,https://www.elfcosmetics.com/products/hydrating-camo-cc-cream
e.l.f.,Hydrating Camo CC Cream,CC cream,Tan 400 W - tan with warm undertones,#BA7548,186,117,72,55.71,Medium,2,No,17,1.67,deeper half,color code,,https://www.elfcosmetics.com/products/hydrating-camo-cc-cream
e.l.f.,Hydrating Camo CC Cream,CC cream,Tan 450 N - tan with neutral undertones,#AE744C,174,116,76,54.04,Tan,3,Yes,18,2.37,deeper half,color code,,https://www.elfcosmetics.com/products/hydrating-camo-cc-cream
e.l.f.,Hydrating Camo CC Cream,CC cream,Tan 460 W - tan with warm undertones,#AA6D40,170,109,64,51.67,Tan,3,Yes,19,0.83,deeper half,color code,,https://www.elfcosmetics.com/products/hydrating-camo-cc-cream
e.l.f.,Hydrating Camo CC Cream,CC cream,Tan 425 N - tan with neutral undertones,#AA6949,170,105,73,50.84,Tan,3,Yes,20,5.29,deeper half,color code,,https://www.elfcosmetics.com/products/hydrating-camo-cc-cream
e.l.f.,Hydrating Camo CC Cream,CC cream,Deep 510 C - deep with cool undertones,#9D5B38,157,91,56,45.55,Tan,3,Yes,21,4.9,deeper half,color code,,https://www.elfcosmetics.com/products/hydrating-camo-cc-cream
e.l.f.,Hydrating Camo CC Cream,CC cream,Rich 620 W - rich with warm undertones,#8C512D,140,81,45,40.65,Tan,3,Yes,22,0.29,deeper half,color code,,https://www.elfcosmetics.com/products/hydrating-camo-cc-cream
e.l.f.,Hydrating Camo CC Cream,CC cream,Deep 540 N - deep with neutral undertones,#865330,134,83,48,40.36,Tan,3,Yes,23,1.44,deeper half,color code,,https://www.elfcosmetics.com/products/hydrating-camo-cc-cream
e.l.f.,Hydrating Camo CC Cream,CC cream,Deep 500 W - deep with warm undertones,#725641,114,86,65,38.92,Tan,3,Yes,24,0.01,deeper half,color code,,https://www.elfcosmetics.com/products/hydrating-camo-cc-cream
e.l.f.,Hydrating Camo CC Cream,CC cream,Deep 560 C - deep with cool undertones,#8C4936,140,73,54,38.91,Tan,3,Yes,25,2.17,deeper half,color code,,https://www.elfcosmetics.com/products/hydrating-camo-cc-cream
e.l.f.,Hydrating Camo CC Cream,CC cream,Rich 640 W - rich with warm undertones,#7E483C,126,72,60,36.74,Tan,3,Yes,26,0.51,deeper half,color code,,https://www.elfcosmetics.com/products/hydrating-camo-cc-cream
e.l.f.,Hydrating Camo CC Cream,CC cream,Rich 610 N - rich with neutral undertones,#6D4F38,109,79,56,36.23,Tan,3,Yes,27,0.94,deeper half,color code,,https://www.elfcosmetics.com/products/hydrating-camo-cc-cream
e.l.f.,Hydrating Camo CC Cream,CC cream,Rich 660 N - rich with neutral undertones,#6D4B3F,109,75,63,35.29,Tan,3,Yes,28,2.65,deeper half,color code,,https://www.elfcosmetics.com/products/hydrating-camo-cc-cream
e.l.f.,Hydrating Camo CC Cream,CC cream,Deep 530 W - deep with warm undertones,#6A442B,106,68,43,32.64,Deep,4,Yes,29,1.93,deeper half,color code,,https://www.elfcosmetics.com/products/hydrating-camo-cc-cream
e.l.f.,Hydrating Camo CC Cream,CC cream,Rich 650 C - rich with cool undertones,#683D34,104,61,52,30.71,Deep,4,Yes,30,,deeper half,color code,,https://www.elfcosmetics.com/products/hydrating-camo-cc-cream
e.l.f.,Soft Glam Satin Foundation,Foundation,10 Fair Cool,#EBD4C2,235,212,194,86.33,Light,1,No,1,0.82,lighter half,color code,,https://www.elfcosmetics.com/products/soft-glam-satin-foundation
e.l.f.,Soft Glam Satin Foundation,Foundation,11 Fair Neutral,#EBD2B3,235,210,179,85.51,Light,1,No,2,0.75,lighter half,color code,,https://www.elfcosmetics.com/products/soft-glam-satin-foundation
e.l.f.,Soft Glam Satin Foundation,Foundation,12 Fair Warm,#E9D0AF,233,208,175,84.76,Light,1,No,3,2.19,lighter half,color code,,https://www.elfcosmetics.com/products/soft-glam-satin-foundation
e.l.f.,Soft Glam Satin Foundation,Foundation,14 Fair Cool,#ECC7A4,236,199,164,82.57,Light,1,No,4,2.12,lighter half,color code,,https://www.elfcosmetics.com/products/soft-glam-satin-foundation
e.l.f.,Soft Glam Satin Foundation,Foundation,15 Fair Warm,#E9C190,233,193,144,80.45,Light,1,No,5,0.1,lighter half,color code,,https://www.elfcosmetics.com/products/soft-glam-satin-foundation
e.l.f.,Soft Glam Satin Foundation,Foundation,13 Fair Neutral,#E1C2A5,225,194,165,80.35,Light,1,No,6,0.48,lighter half,color code,,https://www.elfcosmetics.com/products/soft-glam-satin-foundation
e.l.f.,Soft Glam Satin Foundation,Foundation,20 Light Cool,#E5BFA0,229,191,160,79.87,Light,1,No,7,5.35,lighter half,color code,,https://www.elfcosmetics.com/products/soft-glam-satin-foundation
e.l.f.,Soft Glam Satin Foundation,Foundation,23 Light Cool,#DEAE86,222,174,134,74.52,Medium,2,No,8,3.2,lighter half,color code,,https://www.elfcosmetics.com/products/soft-glam-satin-foundation
e.l.f.,Soft Glam Satin Foundation,Foundation,21 Light Neutral,#D8A47E,216,164,126,71.32,Medium,2,No,9,1.59,lighter half,color code,,https://www.elfcosmetics.com/products/soft-glam-satin-foundation
e.l.f.,Soft Glam Satin Foundation,Foundation,22 Light Warm,#CCA377,204,163,119,69.73,Medium,2,No,10,0.83,lighter half,color code,,https://www.elfcosmetics.com/products/soft-glam-satin-foundation
e.l.f.,Soft Glam Satin Foundation,Foundation,24 Light Warm,#D19E71,209,158,113,68.9,Medium,2,No,11,1.32,lighter half,color code,,https://www.elfcosmetics.com/products/soft-glam-satin-foundation
e.l.f.,Soft Glam Satin Foundation,Foundation,30 Medium Warm,#D29964,210,153,100,67.58,Medium,2,No,12,0.52,lighter half,color code,,https://www.elfcosmetics.com/products/soft-glam-satin-foundation
e.l.f.,Soft Glam Satin Foundation,Foundation,34 Medium Cool,#D19769,209,151,105,67.06,Medium,2,No,13,0.24,lighter half,color code,,https://www.elfcosmetics.com/products/soft-glam-satin-foundation
e.l.f.,Soft Glam Satin Foundation,Foundation,35 Medium Cool,#D09670,208,150,112,66.82,Medium,2,No,14,0.11,lighter half,color code,,https://www.elfcosmetics.com/products/soft-glam-satin-foundation
e.l.f.,Soft Glam Satin Foundation,Foundation,25 Light Neutral,#CC9775,204,151,117,66.71,Medium,2,No,15,0.1,lighter half,color code,,https://www.elfcosmetics.com/products/soft-glam-satin-foundation
e.l.f.,Soft Glam Satin Foundation,Foundation,32 Medium Neutral,#CE9761,206,151,97,66.61,Medium,2,No,16,0.35,lighter half,color code,,https://www.elfcosmetics.com/products/soft-glam-satin-foundation
e.l.f.,Soft Glam Satin Foundation,Foundation,33 Medium Warm,#CF9563,207,149,99,66.26,Medium,2,No,17,6.23,lighter half,color code,,https://www.elfcosmetics.com/products/soft-glam-satin-foundation
e.l.f.,Soft Glam Satin Foundation,Foundation,40 Tan Warm,#BA8656,186,134,86,60.03,Medium,2,No,18,0.26,lighter half,color code,,https://www.elfcosmetics.com/products/soft-glam-satin-foundation
e.l.f.,Soft Glam Satin Foundation,Foundation,43 Tan Cool,#BE8357,190,131,87,59.77,Medium,2,No,19,1.72,lighter half,color code,,https://www.elfcosmetics.com/products/soft-glam-satin-foundation
e.l.f.,Soft Glam Satin Foundation,Foundation,44 Tan Cool,#B87F54,184,127,84,58.05,Medium,2,No,20,0.77,lighter half,color code,,https://www.elfcosmetics.com/products/soft-glam-satin-foundation
e.l.f.,Soft Glam Satin Foundation,Foundation,41 Tan Neutral,#B57E48,181,126,72,57.28,Medium,2,No,21,0.51,lighter half,color code,,https://www.elfcosmetics.com/products/soft-glam-satin-foundation
e.l.f.,Soft Glam Satin Foundation,Foundation,31 Medium Neutral,#B07D5D,176,125,93,56.77,Medium,2,No,22,1.58,lighter half,color code,,https://www.elfcosmetics.com/products/soft-glam-satin-foundation
e.l.f.,Soft Glam Satin Foundation,Foundation,45 Tan Warm,#B47647,180,118,71,55.19,Medium,2,No,23,1.17,lighter half,color code,,https://www.elfcosmetics.com/products/soft-glam-satin-foundation
e.l.f.,Soft Glam Satin Foundation,Foundation,42 Tan Neutral,#B2724A,178,114,74,54.02,Tan,3,Yes,24,9.59,deeper half,color code,,https://www.elfcosmetics.com/products/soft-glam-satin-foundation
e.l.f.,Soft Glam Satin Foundation,Foundation,51 Deep Cool,#9B582D,155,88,45,44.43,Tan,3,Yes,25,0.11,deeper half,color code,,https://www.elfcosmetics.com/products/soft-glam-satin-foundation
e.l.f.,Soft Glam Satin Foundation,Foundation,50 Deep Warm,#965A36,150,90,54,44.32,Tan,3,Yes,26,3.57,deeper half,color code,,https://www.elfcosmetics.com/products/soft-glam-satin-foundation
e.l.f.,Soft Glam Satin Foundation,Foundation,53 Deep Neutral,#89532F,137,83,47,40.75,Tan,3,Yes,27,2.68,deeper half,color code,,https://www.elfcosmetics.com/products/soft-glam-satin-foundation
e.l.f.,Soft Glam Satin Foundation,Foundation,55 Deep Warm,#785134,120,81,52,38.07,Tan,3,Yes,28,1.16,deeper half,color code,,https://www.elfcosmetics.com/products/soft-glam-satin-foundation
e.l.f.,Soft Glam Satin Foundation,Foundation,54 Deep Neutral,#7C4B2B,124,75,43,36.91,Tan,3,Yes,29,1.72,deeper half,color code,,https://www.elfcosmetics.com/products/soft-glam-satin-foundation
e.l.f.,Soft Glam Satin Foundation,Foundation,52 Deep Cool,#7C442B,124,68,43,35.19,Tan,3,Yes,30,4.65,deeper half,color code,,https://www.elfcosmetics.com/products/soft-glam-satin-foundation
e.l.f.,Soft Glam Satin Foundation,Foundation,62 Rich Warm,#693D22,105,61,34,30.54,Deep,4,Yes,31,1.95,deeper half,color code,,https://www.elfcosmetics.com/products/soft-glam-satin-foundation
e.l.f.,Soft Glam Satin Foundation,Foundation,60 Rich Cool,#663723,102,55,35,28.59,Deep,4,Yes,32,0.14,deeper half,color code,,https://www.elfcosmetics.com/products/soft-glam-satin-foundation
e.l.f.,Soft Glam Satin Foundation,Foundation,61 Rich Cool,#633827,99,56,39,28.45,Deep,4,Yes,33,1.43,deeper half,color code,,https://www.elfcosmetics.com/products/soft-glam-satin-foundation
e.l.f.,Soft Glam Satin Foundation,Foundation,63 Rich Warm,#5D3625,93,54,37,27.02,Deep,4,Yes,34,1.46,deeper half,color code,,https://www.elfcosmetics.com/products/soft-glam-satin-foundation
e.l.f.,Soft Glam Satin Foundation,Foundation,64 Rich Neutral,#52362A,82,54,42,25.56,Deep,4,Yes,35,3.17,deeper half,color code,,https://www.elfcosmetics.com/products/soft-glam-satin-foundation
e.l.f.,Soft Glam Satin Foundation,Foundation,65 Rich Neutral,#4E2D24,78,45,36,22.39,Deep,4,Yes,36,,deeper half,color code,,https://www.elfcosmetics.com/products/soft-glam-satin-foundation
Maybelline,Dream Radiant Liquid Hydrating Foundation,Foundation,Fair Porcelain,#FFF5E7,255,245,231,96.96,Light,1,No,1,3.21,lighter half,color code,,https://www.maybelline.com/face-makeup/foundation-makeup/dream-radiant-liquid-medium-coverage-hydrating-foundation
Maybelline,Dream Radiant Liquid Hydrating Foundation,Foundation,Fair Ivory,#FDEAD8,253,234,216,93.75,Light,1,No,2,12.37,lighter half,color code,,https://www.maybelline.com/face-makeup/foundation-makeup/dream-radiant-liquid-medium-coverage-hydrating-foundation
Maybelline,Dream Radiant Liquid Hydrating Foundation,Foundation,Sandy Beige,#E6C59C,230,197,156,81.38,Light,1,No,3,1.75,lighter half,color code,,https://www.maybelline.com/face-makeup/foundation-makeup/dream-radiant-liquid-medium-coverage-hydrating-foundation
Maybelline,Dream Radiant Liquid Hydrating Foundation,Foundation,Pure Beige,#E4BF98,228,191,152,79.63,Light,1,No,4,26.02,lighter half,color code,,https://www.maybelline.com/face-makeup/foundation-makeup/dream-radiant-liquid-medium-coverage-hydrating-foundation
Maybelline,Dream Radiant Liquid Hydrating Foundation,Foundation,Coconut,#A97547,169,117,71,53.61,Tan,3,Yes,5,24.83,deeper half,color code,,https://www.maybelline.com/face-makeup/foundation-makeup/dream-radiant-liquid-medium-coverage-hydrating-foundation
Maybelline,Dream Radiant Liquid Hydrating Foundation,Foundation,Java,#5A3E25,90,62,37,28.78,Deep,4,Yes,6,,deeper half,color code,,https://www.maybelline.com/face-makeup/foundation-makeup/dream-radiant-liquid-medium-coverage-hydrating-foundation
Maybelline,Dream Urban Cover Flawless Coverage Foundation SPF 50,Foundation,Porcelain,#F0E5D1,240,229,209,91.31,Light,1,No,1,5.31,lighter half,color code,,https://www.maybelline.com/face-makeup/foundation-makeup/dream-urban-cover-flawless-coverage-foundation-makeup-spf-50
Maybelline,Dream Urban Cover Flawless Coverage Foundation SPF 50,Foundation,Natural Ivory,#E6D4C6,230,212,198,86,Light,1,No,2,1.29,lighter half,color code,,https://www.maybelline.com/face-makeup/foundation-makeup/dream-urban-cover-flawless-coverage-foundation-makeup-spf-50
Maybelline,Dream Urban Cover Flawless Coverage Foundation SPF 50,Foundation,Classic Ivory,#E3D1B9,227,209,185,84.71,Light,1,No,3,4.93,lighter half,color code,,https://www.maybelline.com/face-makeup/foundation-makeup/dream-urban-cover-flawless-coverage-foundation-makeup-spf-50
Maybelline,Dream Urban Cover Flawless Coverage Foundation SPF 50,Foundation,Warm Nude,#DBC2A3,219,194,163,79.78,Light,1,No,4,4.96,lighter half,color code,,https://www.maybelline.com/face-makeup/foundation-makeup/dream-urban-cover-flawless-coverage-foundation-makeup-spf-50
Maybelline,Dream Urban Cover Flawless Coverage Foundation SPF 50,Foundation,Natural Beige,#CCB593,204,181,147,74.82,Medium,2,No,5,3.3,lighter half,color code,,https://www.maybelline.com/face-makeup/foundation-makeup/dream-urban-cover-flawless-coverage-foundation-makeup-spf-50
Maybelline,Dream Urban Cover Flawless Coverage Foundation SPF 50,Foundation,Sun Beige,#CAAA83,202,170,131,71.52,Medium,2,No,6,12.29,lighter half,color code,,https://www.maybelline.com/face-makeup/foundation-makeup/dream-urban-cover-flawless-coverage-foundation-makeup-spf-50
Maybelline,Dream Urban Cover Flawless Coverage Foundation SPF 50,Foundation,Toffee,#A78A62,167,138,98,59.23,Medium,2,No,7,16.88,deeper half,color code,,https://www.maybelline.com/face-makeup/foundation-makeup/dream-urban-cover-flawless-coverage-foundation-makeup-spf-50
Maybelline,Dream Urban Cover Flawless Coverage Foundation SPF 50,Foundation,Truffle,#7E5E38,126,94,56,42.35,Tan,3,Yes,8,,deeper half,color code,,https://www.maybelline.com/face-makeup/foundation-makeup/dream-urban-cover-flawless-coverage-foundation-makeup-spf-50
Maybelline,Fit Me Dewy + Smooth Foundation,Foundation,110,#FFECD9,255,236,217,94.42,Light,1,No,1,6.56,lighter half,color code,,https://www.maybelline.com/face-makeup/foundation-makeup/fit-me-dewy-smooth-foundation
Maybelline,Fit Me Dewy + Smooth Foundation,Foundation,115,#F3D7C7,243,215,199,87.86,Light,1,No,2,5.69,lighter half,color code,,https://www.maybelline.com/face-makeup/foundation-makeup/fit-me-dewy-smooth-foundation
Maybelline,Fit Me Dewy + Smooth Foundation,Foundation,118,#EBC5AD,235,197,173,82.17,Light,1,No,3,0.67,lighter half,color code,,https://www.maybelline.com/face-makeup/foundation-makeup/fit-me-dewy-smooth-foundation
Maybelline,Fit Me Dewy + Smooth Foundation,Foundation,120,#E8C4A6,232,196,166,81.5,Light,1,No,4,1.37,lighter half,color code,,https://www.maybelline.com/face-makeup/foundation-makeup/fit-me-dewy-smooth-foundation
Maybelline,Fit Me Dewy + Smooth Foundation,Foundation,125,#E9BF9A,233,191,154,80.13,Light,1,No,5,0.64,lighter half,color code,,https://www.maybelline.com/face-makeup/foundation-makeup/fit-me-dewy-smooth-foundation
Maybelline,Fit Me Dewy + Smooth Foundation,Foundation,220,#F7B886,247,184,134,79.49,Light,1,No,6,0.87,lighter half,color code,,https://www.maybelline.com/face-makeup/foundation-makeup/fit-me-dewy-smooth-foundation
Maybelline,Fit Me Dewy + Smooth Foundation,Foundation,210,#EAB992,234,185,146,78.62,Light,1,No,7,0.62,lighter half,color code,,https://www.maybelline.com/face-makeup/foundation-makeup/fit-me-dewy-smooth-foundation
Maybelline,Fit Me Dewy + Smooth Foundation,Foundation,235,#ECB59A,236,181,154,78,Light,1,No,8,0.16,lighter half,color code,,https://www.maybelline.com/face-makeup/foundation-makeup/fit-me-dewy-smooth-foundation
Maybelline,Fit Me Dewy + Smooth Foundation,Foundation,130,#EAB59C,234,181,156,77.84,Light,1,No,9,0.3,lighter half,color code,,https://www.maybelline.com/face-makeup/foundation-makeup/fit-me-dewy-smooth-foundation
Maybelline,Fit Me Dewy + Smooth Foundation,Foundation,225,#EEB390,238,179,144,77.54,Light,1,No,10,1.19,lighter half,color code,,https://www.maybelline.com/face-makeup/foundation-makeup/fit-me-dewy-smooth-foundation
Maybelline,Fit Me Dewy + Smooth Foundation,Foundation,230,#EAB08D,234,176,141,76.35,Light,1,No,11,2.78,lighter half,color code,,https://www.maybelline.com/face-makeup/foundation-makeup/fit-me-dewy-smooth-foundation
Maybelline,Fit Me Dewy + Smooth Foundation,Foundation,240,#E4A87F,228,168,127,73.57,Medium,2,No,12,3.22,lighter half,color code,,https://www.maybelline.com/face-makeup/foundation-makeup/fit-me-dewy-smooth-foundation
Maybelline,Fit Me Dewy + Smooth Foundation,Foundation,310,#E29C76,226,156,118,70.35,Medium,2,No,13,1.98,lighter half,color code,,https://www.maybelline.com/face-makeup/foundation-makeup/fit-me-dewy-smooth-foundation
Maybelline,Fit Me Dewy + Smooth Foundation,Foundation,322,#DB9775,219,151,117,68.37,Medium,2,No,14,0.08,lighter half,color code,,https://www.maybelline.com/face-makeup/foundation-makeup/fit-me-dewy-smooth-foundation
Maybelline,Fit Me Dewy + Smooth Foundation,Foundation,315,#D89876,216,152,118,68.29,Medium,2,No,15,0.29,lighter half,color code,,https://www.maybelline.com/face-makeup/foundation-makeup/fit-me-dewy-smooth-foundation
Maybelline,Fit Me Dewy + Smooth Foundation,Foundation,128,#CC9D69,204,157,105,68,Medium,2,No,16,1.23,lighter half,color code,,https://www.maybelline.com/face-makeup/foundation-makeup/fit-me-dewy-smooth-foundation
Maybelline,Fit Me Dewy + Smooth Foundation,Foundation,330,#D99358,217,147,88,66.77,Medium,2,No,17,7.43,lighter half,color code,,https://www.maybelline.com/face-makeup/foundation-makeup/fit-me-dewy-smooth-foundation
Maybelline,Fit Me Dewy + Smooth Foundation,Foundation,355,#C47E5A,196,126,90,59.34,Medium,2,No,18,18.72,deeper half,color code,,https://www.maybelline.com/face-makeup/foundation-makeup/fit-me-dewy-smooth-foundation
Maybelline,Fit Me Dewy + Smooth Foundation,Foundation,360,#8C503B,140,80,59,40.62,Tan,3,Yes,19,15.8,deeper half,color code,,https://www.maybelline.com/face-makeup/foundation-makeup/fit-me-dewy-smooth-foundation
Maybelline,Fit Me Dewy + Smooth Foundation,Foundation,375,#533417,83,52,23,24.82,Deep,4,Yes,20,,deeper half,color code,,https://www.maybelline.com/face-makeup/foundation-makeup/fit-me-dewy-smooth-foundation
Maybelline,Fit Me Matte + Poreless Foundation,Foundation,110,#FFECD9,255,236,217,94.42,Light,1,No,1,0.26,lighter half,color code,,https://www.maybelline.com/face-makeup/foundation-makeup/fit-me-matte-poreless-foundation
Maybelline,Fit Me Matte + Poreless Foundation,Foundation,102,#FFEAE3,255,234,227,94.16,Light,1,No,2,2.78,lighter half,color code,,https://www.maybelline.com/face-makeup/foundation-makeup/fit-me-matte-poreless-foundation
Maybelline,Fit Me Matte + Poreless Foundation,Foundation,105,#FFE1C9,255,225,201,91.38,Light,1,No,3,0.73,lighter half,color code,,https://www.maybelline.com/face-makeup/foundation-makeup/fit-me-matte-poreless-foundation
Maybelline,Fit Me Matte + Poreless Foundation,Foundation,112,#FFDEC9,255,222,201,90.65,Light,1,No,4,2.79,lighter half,color code,,https://www.maybelline.com/face-makeup/foundation-makeup/fit-me-matte-poreless-foundation
Maybelline,Fit Me Matte + Poreless Foundation,Foundation,115,#F3D7C7,243,215,199,87.86,Light,1,No,5,5.14,lighter half,color code,,https://www.maybelline.com/face-makeup/foundation-makeup/fit-me-matte-poreless-foundation
Maybelline,Fit Me Matte + Poreless Foundation,Foundation,122,#FDC295,253,194,149,82.72,Light,1,No,6,0.57,lighter half,color code,,https://www.maybelline.com/face-makeup/foundation-makeup/fit-me-matte-poreless-foundation
Maybelline,Fit Me Matte + Poreless Foundation,Foundation,118,#EBC5AC,235,197,172,82.15,Light,1,No,7,0.65,lighter half,color code,,https://www.maybelline.com/face-makeup/foundation-makeup/fit-me-matte-poreless-foundation
Maybelline,Fit Me Matte + Poreless Foundation,Foundation,120,#E8C4A6,232,196,166,81.5,Light,1,No,8,0.45,lighter half,color code,,https://www.maybelline.com/face-makeup/foundation-makeup/fit-me-matte-poreless-foundation
Maybelline,Fit Me Matte + Poreless Foundation,Foundation,124,#EBC1A6,235,193,166,81.05,Light,1,No,9,0.22,lighter half,color code,,https://www.maybelline.com/face-makeup/foundation-makeup/fit-me-matte-poreless-foundation
Maybelline,Fit Me Matte + Poreless Foundation,Foundation,128,#EAC0AC,234,192,172,80.83,Light,1,No,10,0.05,lighter half,color code,,https://www.maybelline.com/face-makeup/foundation-makeup/fit-me-matte-poreless-foundation
Maybelline,Fit Me Matte + Poreless Foundation,Foundation,220,#EBC0A5,235,192,165,80.78,Light,1,No,11,0.65,lighter half,color code,,https://www.maybelline.com/face-makeup/foundation-makeup/fit-me-matte-poreless-foundation
Maybelline,Fit Me Matte + Poreless Foundation,Foundation,125,#E9BF9A,233,191,154,80.13,Light,1,No,12,0.38,lighter half,color code,,https://www.maybelline.com/face-makeup/foundation-makeup/fit-me-matte-poreless-foundation
Maybelline,Fit Me Matte + Poreless Foundation,Foundation,222,#FAB791,250,183,145,79.75,Light,1,No,13,0.87,lighter half,color code,,https://www.maybelline.com/face-makeup/foundation-makeup/fit-me-matte-poreless-foundation
Maybelline,Fit Me Matte + Poreless Foundation,Foundation,230,#EDB89D,237,184,157,78.88,Light,1,No,14,0.45,lighter half,color code,,https://www.maybelline.com/face-makeup/foundation-makeup/fit-me-matte-poreless-foundation
Maybelline,Fit Me Matte + Poreless Foundation,Foundation,310,#E9B7A6,233,183,166,78.43,Light,1,No,15,0.59,lighter half,color code,,https://www.maybelline.com/face-makeup/foundation-makeup/fit-me-matte-poreless-foundation
Maybelline,Fit Me Matte + Poreless Foundation,Foundation,130,#EAB59C,234,181,156,77.84,Light,1,No,16,2.3,lighter half,color code,,https://www.maybelline.com/face-makeup/foundation-makeup/fit-me-matte-poreless-foundation
Maybelline,Fit Me Matte + Poreless Foundation,Foundation,228,#E6AE91,230,174,145,75.54,Light,1,No,17,3.36,lighter half,color code,,https://www.maybelline.com/face-makeup/foundation-makeup/fit-me-matte-poreless-foundation
Maybelline,Fit Me Matte + Poreless Foundation,Foundation,235,#DBA58E,219,165,142,72.18,Medium,2,No,18,0.13,lighter half,color code,,https://www.maybelline.com/face-makeup/foundation-makeup/fit-me-matte-poreless-foundation
Maybelline,Fit Me Matte + Poreless Foundation,Foundation,238,#DAA58D,218,165,141,72.05,Medium,2,No,19,0.25,lighter half,color code,,https://www.maybelline.com/face-makeup/foundation-makeup/fit-me-matte-poreless-foundation
Maybelline,Fit Me Matte + Poreless Foundation,Foundation,322,#DFA28A,223,162,138,71.8,Medium,2,No,20,2.55,lighter half,color code,,https://www.maybelline.com/face-makeup/foundation-makeup/fit-me-matte-poreless-foundation
Maybelline,Fit Me Matte + Poreless Foundation,Foundation,320,#DE9979,222,153,121,69.25,Medium,2,No,21,0.18,lighter half,color code,,https://www.maybelline.com/face-makeup/foundation-makeup/fit-me-matte-poreless-foundation
Maybelline,Fit Me Matte + Poreless Foundation,Foundation,245,#D99A81,217,154,129,69.07,Medium,2,No,22,0.76,lighter half,color code,,https://www.maybelline.com/face-makeup/foundation-makeup/fit-me-matte-poreless-foundation
Maybelline,Fit Me Matte + Poreless Foundation,Foundation,312,#D89877,216,152,119,68.31,Medium,2,No,23,0.87,lighter half,color code,,https://www.maybelline.com/face-makeup/foundation-makeup/fit-me-matte-poreless-foundation
Maybelline,Fit Me Matte + Poreless Foundation,Foundation,242,#DF9175,223,145,117,67.44,Medium,2,No,24,4.02,lighter half,color code,,https://www.maybelline.com/face-makeup/foundation-makeup/fit-me-matte-poreless-foundation
Maybelline,Fit Me Matte + Poreless Foundation,Foundation,330,#CE896C,206,137,108,63.42,Medium,2,No,25,0.96,lighter half,color code,,https://www.maybelline.com/face-makeup/foundation-makeup/fit-me-matte-poreless-foundation
Maybelline,Fit Me Matte + Poreless Foundation,Foundation,332,#CB8764,203,135,100,62.46,Medium,2,No,26,0.54,lighter half,color code,,https://www.maybelline.com/face-makeup/foundation-makeup/fit-me-matte-poreless-foundation
Maybelline,Fit Me Matte + Poreless Foundation,Foundation,335,#C98660,201,134,96,61.92,Medium,2,No,27,0.65,lighter half,color code,,https://www.maybelline.com/face-makeup/foundation-makeup/fit-me-matte-poreless-foundation
Maybelline,Fit Me Matte + Poreless Foundation,Foundation,355,#CB8263,203,130,99,61.27,Medium,2,No,28,0.3,lighter half,color code,,https://www.maybelline.com/face-makeup/foundation-makeup/fit-me-matte-poreless-foundation
Maybelline,Fit Me Matte + Poreless Foundation,Foundation,340,#C9825F,201,130,95,60.97,Medium,2,No,29,1.04,lighter half,color code,,https://www.maybelline.com/face-makeup/foundation-makeup/fit-me-matte-poreless-foundation
Maybelline,Fit Me Matte + Poreless Foundation,Foundation,358,#CC7C5D,204,124,93,59.93,Medium,2,No,30,0.23,lighter half,color code,,https://www.maybelline.com/face-makeup/foundation-makeup/fit-me-matte-poreless-foundation
Maybelline,Fit Me Matte + Poreless Foundation,Foundation,334,#C3805B,195,128,91,59.7,Medium,2,No,31,2.11,lighter half,color code,,https://www.maybelline.com/face-makeup/foundation-makeup/fit-me-matte-poreless-foundation
Maybelline,Fit Me Matte + Poreless Foundation,Foundation,338,#BD7A5D,189,122,93,57.59,Medium,2,No,32,8.35,deeper half,color code,,https://www.maybelline.com/face-makeup/foundation-makeup/fit-me-matte-poreless-foundation
Maybelline,Fit Me Matte + Poreless Foundation,Foundation,356,#A96345,169,99,69,49.24,Tan,3,Yes,33,1.6,deeper half,color code,,https://www.maybelline.com/face-makeup/foundation-makeup/fit-me-matte-poreless-foundation
Maybelline,Fit Me Matte + Poreless Foundation,Foundation,362,#9E624B,158,98,75,47.64,Tan,3,Yes,34,5.56,deeper half,color code,,https://www.maybelline.com/face-makeup/foundation-makeup/fit-me-matte-poreless-foundation
Maybelline,Fit Me Matte + Poreless Foundation,Foundation,365,#7D5C4D,125,92,77,42.08,Tan,3,Yes,35,1.19,deeper half,color code,,https://www.maybelline.com/face-makeup/foundation-makeup/fit-me-matte-poreless-foundation
Maybelline,Fit Me Matte + Poreless Foundation,Foundation,360,#954C33,149,76,51,40.89,Tan,3,Yes,36,0.44,deeper half,color code,,https://www.maybelline.com/face-makeup/foundation-makeup/fit-me-matte-poreless-foundation
Maybelline,Fit Me Matte + Poreless Foundation,Foundation,368,#8B5039,139,80,57,40.45,Tan,3,Yes,37,6.71,deeper half,color code,,https://www.maybelline.com/face-makeup/foundation-makeup/fit-me-matte-poreless-foundation
Maybelline,Fit Me Matte + Poreless Foundation,Foundation,370,#714433,113,68,51,33.74,Deep,4,Yes,38,0.27,deeper half,color code,,https://www.maybelline.com/face-makeup/foundation-makeup/fit-me-matte-poreless-foundation
Maybelline,Fit Me Matte + Poreless Foundation,Foundation,375,#734230,115,66,48,33.47,Deep,4,Yes,39,8.65,deeper half,color code,,https://www.maybelline.com/face-makeup/foundation-makeup/fit-me-matte-poreless-foundation
Maybelline,Fit Me Matte + Poreless Foundation,Foundation,380,#533417,83,52,23,24.82,Deep,4,Yes,40,,deeper half,color code,,https://www.maybelline.com/face-makeup/foundation-makeup/fit-me-matte-poreless-foundation
Maybelline,Instant Age Rewind Eraser Treatment Makeup,Foundation,110,#FBE0BF,251,224,191,90.59,Light,1,No,1,2.92,lighter half,color code,,https://www.maybelline.com/face-makeup/foundation-makeup/instant-age-rewind-eraser-treatment-makeup
Maybelline,Instant Age Rewind Eraser Treatment Makeup,Foundation,112,#FED4B2,254,212,178,87.67,Light,1,No,2,0.61,lighter half,color code,,https://www.maybelline.com/face-makeup/foundation-makeup/instant-age-rewind-eraser-treatment-makeup
Maybelline,Instant Age Rewind Eraser Treatment Makeup,Foundation,118,#F8D4AF,248,212,175,87.06,Light,1,No,3,3.49,lighter half,color code,,https://www.maybelline.com/face-makeup/foundation-makeup/instant-age-rewind-eraser-treatment-makeup
Maybelline,Instant Age Rewind Eraser Treatment Makeup,Foundation,130,#F6C89A,246,200,154,83.57,Light,1,No,4,1.19,lighter half,color code,,https://www.maybelline.com/face-makeup/foundation-makeup/instant-age-rewind-eraser-treatment-makeup
Maybelline,Instant Age Rewind Eraser Treatment Makeup,Foundation,150,#F3C49E,243,196,158,82.38,Light,1,No,5,0.59,lighter half,color code,,https://www.maybelline.com/face-makeup/foundation-makeup/instant-age-rewind-eraser-treatment-makeup
Maybelline,Instant Age Rewind Eraser Treatment Makeup,Foundation,120,#F5C19B,245,193,155,81.79,Light,1,No,6,0.38,lighter half,color code,,https://www.maybelline.com/face-makeup/foundation-makeup/instant-age-rewind-eraser-treatment-makeup
Maybelline,Instant Age Rewind Eraser Treatment Makeup,Foundation,200,#F3C190,243,193,144,81.41,Light,1,No,7,4.38,lighter half,color code,,https://www.maybelline.com/face-makeup/foundation-makeup/instant-age-rewind-eraser-treatment-makeup
Maybelline,Instant Age Rewind Eraser Treatment Makeup,Foundation,210,#EDB377,237,179,119,77.03,Light,1,No,8,2.21,lighter half,color code,,https://www.maybelline.com/face-makeup/foundation-makeup/instant-age-rewind-eraser-treatment-makeup
Maybelline,Instant Age Rewind Eraser Treatment Makeup,Foundation,225,#E1AF77,225,175,119,74.82,Medium,2,No,9,1.07,lighter half,color code,,https://www.maybelline.com/face-makeup/foundation-makeup/instant-age-rewind-eraser-treatment-makeup
Maybelline,Instant Age Rewind Eraser Treatment Makeup,Foundation,190,#E0AA86,224,170,134,73.75,Medium,2,No,10,1.69,lighter half,color code,,https://www.maybelline.com/face-makeup/foundation-makeup/instant-age-rewind-eraser-treatment-makeup
Maybelline,Instant Age Rewind Eraser Treatment Makeup,Foundation,310,#E7A264,231,162,100,72.06,Medium,2,No,11,1.5,lighter half,color code,,https://www.maybelline.com/face-makeup/foundation-makeup/instant-age-rewind-eraser-treatment-makeup
Maybelline,Instant Age Rewind Eraser Treatment Makeup,Foundation,300,#E29D74,226,157,116,70.56,Medium,2,No,12,9.06,lighter half,color code,,https://www.maybelline.com/face-makeup/foundation-makeup/instant-age-rewind-eraser-treatment-makeup
Maybelline,Instant Age Rewind Eraser Treatment Makeup,Foundation,330,#CA854A,202,133,74,61.5,Medium,2,No,13,4.03,deeper half,color code,,https://www.maybelline.com/face-makeup/foundation-makeup/instant-age-rewind-eraser-treatment-makeup
Maybelline,Instant Age Rewind Eraser Treatment Makeup,Foundation,340,#BD7B44,189,123,68,57.47,Medium,2,No,14,8.52,deeper half,color code,,https://www.maybelline.com/face-makeup/foundation-makeup/instant-age-rewind-eraser-treatment-makeup
Maybelline,Instant Age Rewind Eraser Treatment Makeup,Foundation,355,#A36636,163,102,54,48.95,Tan,3,Yes,15,8.75,deeper half,color code,,https://www.maybelline.com/face-makeup/foundation-makeup/instant-age-rewind-eraser-treatment-makeup
Maybelline,Instant Age Rewind Eraser Treatment Makeup,Foundation,360,#89512A,137,81,42,40.2,Tan,3,Yes,16,,deeper half,color code,,https://www.maybelline.com/face-makeup/foundation-makeup/instant-age-rewind-eraser-treatment-makeup
Maybelline,Lifter Plump & Glow Foundation,Foundation,90,#F1C9A5,241,201,165,83.54,Light,1,No,1,1.41,lighter half,color code,,https://www.maybelline.com/face-makeup/foundation-makeup/lifter-plump-and-glow-foundation
Maybelline,Lifter Plump & Glow Foundation,Foundation,110,#EDC5A2,237,197,162,82.13,Light,1,No,2,3.89,lighter half,color code,,https://www.maybelline.com/face-makeup/foundation-makeup/lifter-plump-and-glow-foundation
Maybelline,Lifter Plump & Glow Foundation,Foundation,112,#ECB69A,236,182,154,78.24,Light,1,No,3,0.68,lighter half,color code,,https://www.maybelline.com/face-makeup/foundation-makeup/lifter-plump-and-glow-foundation
Maybelline,Lifter Plump & Glow Foundation,Foundation,102,#EBB495,235,180,149,77.56,Light,1,No,4,1.81,lighter half,color code,,https://www.maybelline.com/face-makeup/foundation-makeup/lifter-plump-and-glow-foundation
Maybelline,Lifter Plump & Glow Foundation,Foundation,113,#E9AE8C,233,174,140,75.75,Light,1,No,5,0.1,lighter half,color code,,https://www.maybelline.com/face-makeup/foundation-makeup/lifter-plump-and-glow-foundation
Maybelline,Lifter Plump & Glow Foundation,Foundation,118,#E1B18B,225,177,139,75.65,Light,1,No,6,0.9,lighter half,color code,,https://www.maybelline.com/face-makeup/foundation-makeup/lifter-plump-and-glow-foundation
Maybelline,Lifter Plump & Glow Foundation,Foundation,115,#E9AA89,233,170,137,74.75,Medium,2,No,7,2.21,lighter half,color code,,https://www.maybelline.com/face-makeup/foundation-makeup/lifter-plump-and-glow-foundation
Maybelline,Lifter Plump & Glow Foundation,Foundation,120,#E3A481,227,164,129,72.54,Medium,2,No,8,0.19,lighter half,color code,,https://www.maybelline.com/face-makeup/foundation-makeup/lifter-plump-and-glow-foundation
Maybelline,Lifter Plump & Glow Foundation,Foundation,220,#DDA67F,221,166,127,72.35,Medium,2,No,9,1.84,lighter half,color code,,https://www.maybelline.com/face-makeup/foundation-makeup/lifter-plump-and-glow-foundation
Maybelline,Lifter Plump & Glow Foundation,Foundation,130,#E19D78,225,157,120,70.51,Medium,2,No,10,2.07,lighter half,color code,,https://www.maybelline.com/face-makeup/foundation-makeup/lifter-plump-and-glow-foundation
Maybelline,Lifter Plump & Glow Foundation,Foundation,210,#DB986B,219,152,107,68.44,Medium,2,No,11,3.09,lighter half,color code,,https://www.maybelline.com/face-makeup/foundation-makeup/lifter-plump-and-glow-foundation
Maybelline,Lifter Plump & Glow Foundation,Foundation,235,#D38F68,211,143,104,65.35,Medium,2,No,12,4.95,lighter half,color code,,https://www.maybelline.com/face-makeup/foundation-makeup/lifter-plump-and-glow-foundation
Maybelline,Lifter Plump & Glow Foundation,Foundation,332,#C28451,194,132,81,60.4,Medium,2,No,13,1.35,lighter half,color code,,https://www.maybelline.com/face-makeup/foundation-makeup/lifter-plump-and-glow-foundation
Maybelline,Lifter Plump & Glow Foundation,Foundation,330,#C67C55,198,124,85,59.05,Medium,2,No,14,5.61,lighter half,color code,,https://www.maybelline.com/face-makeup/foundation-makeup/lifter-plump-and-glow-foundation
Maybelline,Lifter Plump & Glow Foundation,Foundation,340,#B36F4A,179,111,74,53.44,Tan,3,Yes,15,2.66,lighter half,color code,,https://www.maybelline.com/face-makeup/foundation-makeup/lifter-plump-and-glow-foundation
Maybelline,Lifter Plump & Glow Foundation,Foundation,355,#AC6843,172,104,67,50.78,Tan,3,Yes,16,6.51,lighter half,color code,,https://www.maybelline.com/face-makeup/foundation-makeup/lifter-plump-and-glow-foundation
Maybelline,Lifter Plump & Glow Foundation,Foundation,359,#9E5535,158,85,53,44.27,Tan,3,Yes,17,4.6,deeper half,color code,,https://www.maybelline.com/face-makeup/foundation-makeup/lifter-plump-and-glow-foundation
Maybelline,Lifter Plump & Glow Foundation,Foundation,368,#865034,134,80,52,39.67,Tan,3,Yes,18,0.17,deeper half,color code,,https://www.maybelline.com/face-makeup/foundation-makeup/lifter-plump-and-glow-foundation
Maybelline,Lifter Plump & Glow Foundation,Foundation,367,#8D4B35,141,75,53,39.5,Tan,3,Yes,19,11.5,deeper half,color code,,https://www.maybelline.com/face-makeup/foundation-makeup/lifter-plump-and-glow-foundation
Maybelline,Lifter Plump & Glow Foundation,Foundation,375,#623724,98,55,36,28,Deep,4,Yes,20,0.89,deeper half,color code,,https://www.maybelline.com/face-makeup/foundation-makeup/lifter-plump-and-glow-foundation
Maybelline,Lifter Plump & Glow Foundation,Foundation,373,#663121,102,49,33,27.11,Deep,4,Yes,21,3.87,deeper half,color code,,https://www.maybelline.com/face-makeup/foundation-makeup/lifter-plump-and-glow-foundation
Maybelline,Lifter Plump & Glow Foundation,Foundation,385,#572B22,87,43,34,23.24,Deep,4,Yes,22,3.98,deeper half,color code,,https://www.maybelline.com/face-makeup/foundation-makeup/lifter-plump-and-glow-foundation
Maybelline,Lifter Plump & Glow Foundation,Foundation,400,#4B2321,75,35,33,19.26,Deep,4,Yes,23,8.14,deeper half,color code,,https://www.maybelline.com/face-makeup/foundation-makeup/lifter-plump-and-glow-foundation
Maybelline,Lifter Plump & Glow Foundation,Foundation,405,#301710,48,23,16,11.12,Deep,4,Yes,24,,deeper half,color code,,https://www.maybelline.com/face-makeup/foundation-makeup/lifter-plump-and-glow-foundation
Maybelline,Super Stay 24HR Skin Tint with Vitamin C,Skin tint,102,#FBE1D0,251,225,208,91.2,Light,1,No,1,0.49,lighter half,color code,,https://www.maybelline.com/face-makeup/foundation-makeup/super-stay-24hr-skin-tint-with-vitamin-c
Maybelline,Super Stay 24HR Skin Tint with Vitamin C,Skin tint,110,#FAE0C9,250,224,201,90.71,Light,1,No,2,3.73,lighter half,color code,,https://www.maybelline.com/face-makeup/foundation-makeup/super-stay-24hr-skin-tint-with-vitamin-c
Maybelline,Super Stay 24HR Skin Tint with Vitamin C,Skin tint,118,#F5D4B8,245,212,184,86.98,Light,1,No,3,1.02,lighter half,color code,,https://www.maybelline.com/face-makeup/foundation-makeup/super-stay-24hr-skin-tint-with-vitamin-c
Maybelline,Super Stay 24HR Skin Tint with Vitamin C,Skin tint,112,#F7CFB9,247,207,185,85.96,Light,1,No,4,2.62,lighter half,color code,,https://www.maybelline.com/face-makeup/foundation-makeup/super-stay-24hr-skin-tint-with-vitamin-c
Maybelline,Super Stay 24HR Skin Tint with Vitamin C,Skin tint,120,#F0C8AC,240,200,172,83.34,Light,1,No,5,5.84,lighter half,color code,,https://www.maybelline.com/face-makeup/foundation-makeup/super-stay-24hr-skin-tint-with-vitamin-c
Maybelline,Super Stay 24HR Skin Tint with Vitamin C,Skin tint,310,#E7B68D,231,182,141,77.5,Light,1,No,6,1.12,lighter half,color code,,https://www.maybelline.com/face-makeup/foundation-makeup/super-stay-24hr-skin-tint-with-vitamin-c
Maybelline,Super Stay 24HR Skin Tint with Vitamin C,Skin tint,130,#E9B094,233,176,148,76.38,Light,1,No,7,0.27,lighter half,color code,,https://www.maybelline.com/face-makeup/foundation-makeup/super-stay-24hr-skin-tint-with-vitamin-c
Maybelline,Super Stay 24HR Skin Tint with Vitamin C,Skin tint,322,#E9B085,233,176,133,76.11,Light,1,No,8,0.01,lighter half,color code,,https://www.maybelline.com/face-makeup/foundation-makeup/super-stay-24hr-skin-tint-with-vitamin-c
Maybelline,Super Stay 24HR Skin Tint with Vitamin C,Skin tint,129,#E3B198,227,177,152,76.1,Light,1,No,9,0.69,lighter half,color code,,https://www.maybelline.com/face-makeup/foundation-makeup/super-stay-24hr-skin-tint-with-vitamin-c
Maybelline,Super Stay 24HR Skin Tint with Vitamin C,Skin tint,220,#DFB189,223,177,137,75.41,Light,1,No,10,1.9,lighter half,color code,,https://www.maybelline.com/face-makeup/foundation-makeup/super-stay-24hr-skin-tint-with-vitamin-c
Maybelline,Super Stay 24HR Skin Tint with Vitamin C,Skin tint,312,#E0AA78,224,170,120,73.51,Medium,2,No,11,1.36,lighter half,color code,,https://www.maybelline.com/face-makeup/foundation-makeup/super-stay-24hr-skin-tint-with-vitamin-c
Maybelline,Super Stay 24HR Skin Tint with Vitamin C,Skin tint,330,#DFA575,223,165,117,72.15,Medium,2,No,12,8.02,lighter half,color code,,https://www.maybelline.com/face-makeup/foundation-makeup/super-stay-24hr-skin-tint-with-vitamin-c
Maybelline,Super Stay 24HR Skin Tint with Vitamin C,Skin tint,338,#CB8E64,203,142,100,64.13,Medium,2,No,13,6.58,lighter half,color code,,https://www.maybelline.com/face-makeup/foundation-makeup/super-stay-24hr-skin-tint-with-vitamin-c
Maybelline,Super Stay 24HR Skin Tint with Vitamin C,Skin tint,355,#BF7A4A,191,122,74,57.55,Medium,2,No,14,8.07,lighter half,color code,,https://www.maybelline.com/face-makeup/foundation-makeup/super-stay-24hr-skin-tint-with-vitamin-c
Maybelline,Super Stay 24HR Skin Tint with Vitamin C,Skin tint,368,#A26843,162,104,67,49.48,Tan,3,Yes,15,8.27,deeper half,color code,,https://www.maybelline.com/face-makeup/foundation-makeup/super-stay-24hr-skin-tint-with-vitamin-c
Maybelline,Super Stay 24HR Skin Tint with Vitamin C,Skin tint,372,#87553E,135,85,62,41.21,Tan,3,Yes,16,15.25,deeper half,color code,,https://www.maybelline.com/face-makeup/foundation-makeup/super-stay-24hr-skin-tint-with-vitamin-c
Maybelline,Super Stay 24HR Skin Tint with Vitamin C,Skin tint,375,#593428,89,52,40,25.96,Deep,4,Yes,17,4.25,deeper half,color code,,https://www.maybelline.com/face-makeup/foundation-makeup/super-stay-24hr-skin-tint-with-vitamin-c
Maybelline,Super Stay 24HR Skin Tint with Vitamin C,Skin tint,374,#4E2B1D,78,43,29,21.71,Deep,4,Yes,18,,deeper half,color code,,https://www.maybelline.com/face-makeup/foundation-makeup/super-stay-24hr-skin-tint-with-vitamin-c
Maybelline,Super Stay Lumi-Matte Foundation,Foundation,110,#FADCBA,250,220,186,89.42,Light,1,No,1,0.23,lighter half,color code,,https://www.maybelline.com/face-makeup/foundation-makeup/super-stay-lumi-matte-foundation
Maybelline,Super Stay Lumi-Matte Foundation,Foundation,102,#FFD9BD,255,217,189,89.19,Light,1,No,2,1.56,lighter half,color code,,https://www.maybelline.com/face-makeup/foundation-makeup/super-stay-lumi-matte-foundation
Maybelline,Super Stay Lumi-Matte Foundation,Foundation,115,#FDD4B5,253,212,181,87.63,Light,1,No,3,1.31,lighter half,color code,,https://www.maybelline.com/face-makeup/foundation-makeup/super-stay-lumi-matte-foundation
Maybelline,Super Stay Lumi-Matte Foundation,Foundation,118,#F6D2AB,246,210,171,86.32,Light,1,No,4,1.43,lighter half,color code,,https://www.maybelline.com/face-makeup/foundation-makeup/super-stay-lumi-matte-foundation
Maybelline,Super Stay Lumi-Matte Foundation,Foundation,112,#F6CCAD,246,204,173,84.89,Light,1,No,5,0.87,lighter half,color code,,https://www.maybelline.com/face-makeup/foundation-makeup/super-stay-lumi-matte-foundation
Maybelline,Super Stay Lumi-Matte Foundation,Foundation,120,#FDC79B,253,199,155,84.02,Light,1,No,6,4.5,lighter half,color code,,https://www.maybelline.com/face-makeup/foundation-makeup/super-stay-lumi-matte-foundation
Maybelline,Super Stay Lumi-Matte Foundation,Foundation,125,#F1BA90,241,186,144,79.52,Light,1,No,7,0.16,lighter half,color code,,https://www.maybelline.com/face-makeup/foundation-makeup/super-stay-lumi-matte-foundation
Maybelline,Super Stay Lumi-Matte Foundation,Foundation,129,#F2B98F,242,185,143,79.36,Light,1,No,8,0.33,lighter half,color code,,https://www.maybelline.com/face-makeup/foundation-makeup/super-stay-lumi-matte-foundation
Maybelline,Super Stay Lumi-Matte Foundation,Foundation,220,#F0B987,240,185,135,79.03,Light,1,No,9,0.8,lighter half,color code,,https://www.maybelline.com/face-makeup/foundation-makeup/super-stay-lumi-matte-foundation
Maybelline,Super Stay Lumi-Matte Foundation,Foundation,128,#EEB780,238,183,128,78.23,Light,1,No,10,1.83,lighter half,color code,,https://www.maybelline.com/face-makeup/foundation-makeup/super-stay-lumi-matte-foundation
Maybelline,Super Stay Lumi-Matte Foundation,Foundation,250,#E5B383,229,179,131,76.4,Light,1,No,11,5.37,lighter half,color code,,https://www.maybelline.com/face-makeup/foundation-makeup/super-stay-lumi-matte-foundation
Maybelline,Super Stay Lumi-Matte Foundation,Foundation,312,#E1A06C,225,160,108,71.03,Medium,2,No,12,1.8,lighter half,color code,,https://www.maybelline.com/face-makeup/foundation-makeup/super-stay-lumi-matte-foundation
Maybelline,Super Stay Lumi-Matte Foundation,Foundation,322,#DE9A69,222,154,105,69.23,Medium,2,No,13,0.9,lighter half,color code,,https://www.maybelline.com/face-makeup/foundation-makeup/super-stay-lumi-matte-foundation
Maybelline,Super Stay Lumi-Matte Foundation,Foundation,332,#D49B67,212,155,103,68.33,Medium,2,No,14,1.41,lighter half,color code,,https://www.maybelline.com/face-makeup/foundation-makeup/super-stay-lumi-matte-foundation
Maybelline,Super Stay Lumi-Matte Foundation,Foundation,330,#D79463,215,148,99,66.92,Medium,2,No,15,9.04,lighter half,color code,,https://www.maybelline.com/face-makeup/foundation-makeup/super-stay-lumi-matte-foundation
Maybelline,Super Stay Lumi-Matte Foundation,Foundation,340,#C67842,198,120,66,57.88,Medium,2,No,16,3.95,lighter half,color code,,https://www.maybelline.com/face-makeup/foundation-makeup/super-stay-lumi-matte-foundation
Maybelline,Super Stay Lumi-Matte Foundation,Foundation,350,#AF734D,175,115,77,53.93,Tan,3,Yes,17,8.54,lighter half,color code,,https://www.maybelline.com/face-makeup/foundation-makeup/super-stay-lumi-matte-foundation
Maybelline,Super Stay Lumi-Matte Foundation,Foundation,355,#9E5A33,158,90,51,45.39,Tan,3,Yes,18,8.45,deeper half,color code,,https://www.maybelline.com/face-makeup/foundation-makeup/super-stay-lumi-matte-foundation
Maybelline,Super Stay Lumi-Matte Foundation,Foundation,367,#83472B,131,71,43,36.94,Tan,3,Yes,19,3.58,deeper half,color code,,https://www.maybelline.com/face-makeup/foundation-makeup/super-stay-lumi-matte-foundation
Maybelline,Super Stay Lumi-Matte Foundation,Foundation,368,#774022,119,64,34,33.36,Deep,4,Yes,20,2.41,deeper half,color code,,https://www.maybelline.com/face-makeup/foundation-makeup/super-stay-lumi-matte-foundation
Maybelline,Super Stay Lumi-Matte Foundation,Foundation,370,#6C3D20,108,61,32,30.95,Deep,4,Yes,21,1.28,deeper half,color code,,https://www.maybelline.com/face-makeup/foundation-makeup/super-stay-lumi-matte-foundation
Maybelline,Super Stay Lumi-Matte Foundation,Foundation,375,#643C29,100,60,41,29.67,Deep,4,Yes,22,5.06,deeper half,color code,,https://www.maybelline.com/face-makeup/foundation-makeup/super-stay-lumi-matte-foundation
Maybelline,Super Stay Lumi-Matte Foundation,Foundation,400,#5A2F1C,90,47,28,24.61,Deep,4,Yes,23,10.28,deeper half,color code,,https://www.maybelline.com/face-makeup/foundation-makeup/super-stay-lumi-matte-foundation
Maybelline,Super Stay Lumi-Matte Foundation,Foundation,405,#3C1B12,60,27,18,14.33,Deep,4,Yes,24,,deeper half,color code,,https://www.maybelline.com/face-makeup/foundation-makeup/super-stay-lumi-matte-foundation
Huda Beauty,Easy Blur Natural Airbrush Foundation with Niacinamide,Foundation,Milkshake 100B,#FBE4D6,251,228,214,92.07,Light,1,No,1,3.64,lighter half,color code,,https://hudabeauty.com/en-us/products/easy-blur-natural-airbrush-foundation-with-niacinamide-hb01166m
Huda Beauty,Easy Blur Natural Airbrush Foundation with Niacinamide,Foundation,Angel Food 110N,#FED7B4,254,215,180,88.43,Light,1,No,2,0.82,lighter half,color code,,https://hudabeauty.com/en-us/products/easy-blur-natural-airbrush-foundation-with-niacinamide-hb01166m
Huda Beauty,Easy Blur Natural Airbrush Foundation with Niacinamide,Foundation,Vanilla 120B,#FDD4B4,253,212,180,87.61,Light,1,No,3,5.95,lighter half,color code,,https://hudabeauty.com/en-us/products/easy-blur-natural-airbrush-foundation-with-niacinamide-hb01166m
Huda Beauty,Easy Blur Natural Airbrush Foundation with Niacinamide,Foundation,Cashew 140G,#EDC3A3,237,195,163,81.66,Light,1,No,4,2.71,lighter half,color code,,https://hudabeauty.com/en-us/products/easy-blur-natural-airbrush-foundation-with-niacinamide-hb01166m
Huda Beauty,Easy Blur Natural Airbrush Foundation with Niacinamide,Foundation,Shortbread 200B,#E3BCA0,227,188,160,78.95,Light,1,No,5,0.5,lighter half,color code,,https://hudabeauty.com/en-us/products/easy-blur-natural-airbrush-foundation-with-niacinamide-hb01166m
Huda Beauty,Easy Blur Natural Airbrush Foundation with Niacinamide,Foundation,Creme Brulee 150G,#E3BB93,227,187,147,78.45,Light,1,No,6,0.53,lighter half,color code,,https://hudabeauty.com/en-us/products/easy-blur-natural-airbrush-foundation-with-niacinamide-hb01166m
Huda Beauty,Easy Blur Natural Airbrush Foundation with Niacinamide,Foundation,Cream Puff 260W,#F5B37B,245,179,123,77.92,Light,1,No,7,3.13,lighter half,color code,,https://hudabeauty.com/en-us/products/easy-blur-natural-airbrush-foundation-with-niacinamide-hb01166m
Huda Beauty,Easy Blur Natural Airbrush Foundation with Niacinamide,Foundation,Golden Milk 307N,#E8AC75,232,172,117,74.79,Medium,2,No,8,0.61,lighter half,color code,,https://hudabeauty.com/en-us/products/easy-blur-natural-airbrush-foundation-with-niacinamide-hb01166m
Huda Beauty,Easy Blur Natural Airbrush Foundation with Niacinamide,Foundation,Cheesecake 250G,#DEAC8E,222,172,142,74.18,Medium,2,No,9,0.35,lighter half,color code,,https://hudabeauty.com/en-us/products/easy-blur-natural-airbrush-foundation-with-niacinamide-hb01166m
Huda Beauty,Easy Blur Natural Airbrush Foundation with Niacinamide,Foundation,Chai 210B,#D8AD8E,216,173,142,73.83,Medium,2,No,10,1.23,lighter half,color code,,https://hudabeauty.com/en-us/products/easy-blur-natural-airbrush-foundation-with-niacinamide-hb01166m
Huda Beauty,Easy Blur Natural Airbrush Foundation with Niacinamide,Foundation,Macaroon 230N,#DBA78B,219,167,139,72.6,Medium,2,No,11,0.19,lighter half,color code,,https://hudabeauty.com/en-us/products/easy-blur-natural-airbrush-foundation-with-niacinamide-hb01166m
Huda Beauty,Easy Blur Natural Airbrush Foundation with Niacinamide,Foundation,Iced Frappe 305C,#E1A578,225,165,120,72.41,Medium,2,No,12,2.55,lighter half,color code,,https://hudabeauty.com/en-us/products/easy-blur-natural-airbrush-foundation-with-niacinamide-hb01166m
Huda Beauty,Easy Blur Natural Airbrush Foundation with Niacinamide,Foundation,Creme Caramel 355W,#DF9D5B,223,157,91,69.86,Medium,2,No,13,0.2,lighter half,color code,,https://hudabeauty.com/en-us/products/easy-blur-natural-airbrush-foundation-with-niacinamide-hb01166m
Huda Beauty,Easy Blur Natural Airbrush Foundation with Niacinamide,Foundation,Toasted Coconut 240N,#D49F7D,212,159,125,69.66,Medium,2,No,14,0.29,lighter half,color code,,https://hudabeauty.com/en-us/products/easy-blur-natural-airbrush-foundation-with-niacinamide-hb01166m
Huda Beauty,Easy Blur Natural Airbrush Foundation with Niacinamide,Foundation,Custard 220N,#D19F7E,209,159,126,69.37,Medium,2,No,15,1.26,lighter half,color code,,https://hudabeauty.com/en-us/products/easy-blur-natural-airbrush-foundation-with-niacinamide-hb01166m
Huda Beauty,Easy Blur Natural Airbrush Foundation with Niacinamide,Foundation,Dulce De Leche 350G,#D19B6E,209,155,110,68.11,Medium,2,No,16,0.16,lighter half,color code,,https://hudabeauty.com/en-us/products/easy-blur-natural-airbrush-foundation-with-niacinamide-hb01166m
Huda Beauty,Easy Blur Natural Airbrush Foundation with Niacinamide,Foundation,Latte 300N,#CD9B7D,205,155,125,67.95,Medium,2,No,17,0.14,lighter half,color code,,https://hudabeauty.com/en-us/products/easy-blur-natural-airbrush-foundation-with-niacinamide-hb01166m
Huda Beauty,Easy Blur Natural Airbrush Foundation with Niacinamide,Foundation,Apple Pie 255B,#D19979,209,153,121,67.81,Medium,2,No,18,1.6,lighter half,color code,,https://hudabeauty.com/en-us/products/easy-blur-natural-airbrush-foundation-with-niacinamide-hb01166m
Huda Beauty,Easy Blur Natural Airbrush Foundation with Niacinamide,Foundation,Pistachio Cream 425N,#DA905A,218,144,90,66.21,Medium,2,No,19,1.17,lighter half,color code,,https://hudabeauty.com/en-us/products/easy-blur-natural-airbrush-foundation-with-niacinamide-hb01166m
Huda Beauty,Easy Blur Natural Airbrush Foundation with Niacinamide,Foundation,Butter Pecan 330N,#C9926E,201,146,110,65.04,Medium,2,No,20,0.26,lighter half,color code,,https://hudabeauty.com/en-us/products/easy-blur-natural-airbrush-foundation-with-niacinamide-hb01166m
Huda Beauty,Easy Blur Natural Airbrush Foundation with Niacinamide,Foundation,Macchiato 400G,#CB906E,203,144,110,64.78,Medium,2,No,21,0.02,lighter half,color code,,https://hudabeauty.com/en-us/products/easy-blur-natural-airbrush-foundation-with-niacinamide-hb01166m
Huda Beauty,Easy Blur Natural Airbrush Foundation with Niacinamide,Foundation,Amaretti 310G,#CA9165,202,145,101,64.76,Medium,2,No,22,2.06,lighter half,color code,,https://hudabeauty.com/en-us/products/easy-blur-natural-airbrush-foundation-with-niacinamide-hb01166m
Huda Beauty,Easy Blur Natural Airbrush Foundation with Niacinamide,Foundation,TresLeches 320G,#BD8E6B,189,142,107,62.7,Medium,2,No,23,2.53,lighter half,color code,,https://hudabeauty.com/en-us/products/easy-blur-natural-airbrush-foundation-with-niacinamide-hb01166m
Huda Beauty,Easy Blur Natural Airbrush Foundation with Niacinamide,Foundation,Baklava 340G,#BD8559,189,133,89,60.17,Medium,2,No,24,0.08,lighter half,color code,,https://hudabeauty.com/en-us/products/easy-blur-natural-airbrush-foundation-with-niacinamide-hb01166m
Huda Beauty,Easy Blur Natural Airbrush Foundation with Niacinamide,Foundation,Toffee 420G,#C18355,193,131,85,60.09,Medium,2,No,25,4.55,lighter half,color code,,https://hudabeauty.com/en-us/products/easy-blur-natural-airbrush-foundation-with-niacinamide-hb01166m
Huda Beauty,Easy Blur Natural Airbrush Foundation with Niacinamide,Foundation,Gingerbread 430N,#B57746,181,119,70,55.54,Medium,2,No,26,7.62,lighter half,color code,,https://hudabeauty.com/en-us/products/easy-blur-natural-airbrush-foundation-with-niacinamide-hb01166m
Huda Beauty,Easy Blur Natural Airbrush Foundation with Niacinamide,Foundation,Cinnamon 440G,#A26324,162,99,36,47.92,Tan,3,Yes,27,2.43,deeper half,color code,,https://hudabeauty.com/en-us/products/easy-blur-natural-airbrush-foundation-with-niacinamide-hb01166m
Huda Beauty,Easy Blur Natural Airbrush Foundation with Niacinamide,Foundation,Chocolate Mousse 450G,#985E30,152,94,48,45.49,Tan,3,Yes,28,2.99,deeper half,color code,,https://hudabeauty.com/en-us/products/easy-blur-natural-airbrush-foundation-with-niacinamide-hb01166m
Huda Beauty,Easy Blur Natural Airbrush Foundation with Niacinamide,Foundation,Mocha 500G,#8D582C,141,88,44,42.5,Tan,3,Yes,29,0.33,deeper half,color code,,https://hudabeauty.com/en-us/products/easy-blur-natural-airbrush-foundation-with-niacinamide-hb01166m
Huda Beauty,Easy Blur Natural Airbrush Foundation with Niacinamide,Foundation,Cocoa 510R,#885842,136,88,66,42.17,Tan,3,Yes,30,0.52,deeper half,color code,,https://hudabeauty.com/en-us/products/easy-blur-natural-airbrush-foundation-with-niacinamide-hb01166m
Huda Beauty,Easy Blur Natural Airbrush Foundation with Niacinamide,Foundation,Peanut Butter 455R,#8F541E,143,84,30,41.65,Tan,3,Yes,31,5.98,deeper half,color code,,https://hudabeauty.com/en-us/products/easy-blur-natural-airbrush-foundation-with-niacinamide-hb01166m
Huda Beauty,Easy Blur Natural Airbrush Foundation with Niacinamide,Foundation,Hot Fudge 550R,#734A39,115,74,57,35.67,Tan,3,Yes,32,4.91,deeper half,color code,,https://hudabeauty.com/en-us/products/easy-blur-natural-airbrush-foundation-with-niacinamide-hb01166m
Huda Beauty,Easy Blur Natural Airbrush Foundation with Niacinamide,Foundation,Ganache 560R,#643F38,100,63,56,30.76,Deep,4,Yes,33,3.91,deeper half,color code,,https://hudabeauty.com/en-us/products/easy-blur-natural-airbrush-foundation-with-niacinamide-hb01166m
Huda Beauty,Easy Blur Natural Airbrush Foundation with Niacinamide,Foundation,True Lava Cake 590R,#5D352A,93,53,42,26.85,Deep,4,Yes,34,3.42,deeper half,color code,,https://hudabeauty.com/en-us/products/easy-blur-natural-airbrush-foundation-with-niacinamide-hb01166m
Huda Beauty,Easy Blur Natural Airbrush Foundation with Niacinamide,Foundation,Chocolate Swirl 570W,#592B1A,89,43,26,23.43,Deep,4,Yes,35,0.33,deeper half,color code,,https://hudabeauty.com/en-us/products/easy-blur-natural-airbrush-foundation-with-niacinamide-hb01166m
Huda Beauty,Easy Blur Natural Airbrush Foundation with Niacinamide,Foundation,Espresso 600N,#45332E,69,51,46,23.1,Deep,4,Yes,36,3.71,deeper half,color code,,https://hudabeauty.com/en-us/products/easy-blur-natural-airbrush-foundation-with-niacinamide-hb01166m
Huda Beauty,Easy Blur Natural Airbrush Foundation with Niacinamide,Foundation,Truffle Cake 580N,#48261A,72,38,26,19.39,Deep,4,Yes,37,8.17,deeper half,color code,,https://hudabeauty.com/en-us/products/easy-blur-natural-airbrush-foundation-with-niacinamide-hb01166m
Huda Beauty,Easy Blur Natural Airbrush Foundation with Niacinamide,Foundation,Molten Cocoa 595N,#2C1917,44,25,23,11.22,Deep,4,Yes,38,,deeper half,color code,,https://hudabeauty.com/en-us/products/easy-blur-natural-airbrush-foundation-with-niacinamide-hb01166m
Charlotte Tilbury,Airbrush Flawless Foundation,Foundation,1 COOL,#FBE3CD,251,227,205,91.62,Light,1,No,1,1.65,lighter half,image,FALSE,https://www.charlottetilbury.com/us/product/airbrush-flawless-foundation-shade-1-neutral
Charlotte Tilbury,Airbrush Flawless Foundation,Foundation,1 NEUTRAL,#F8DEC5,248,222,197,89.97,Light,1,No,2,1.28,lighter half,image,TRUE,https://www.charlottetilbury.com/us/product/airbrush-flawless-foundation-shade-1-neutral
Charlotte Tilbury,Airbrush Flawless Foundation,Foundation,2 COOL,#FBD8C2,251,216,194,88.69,Light,1,No,3,0.01,lighter half,image,TRUE,https://www.charlottetilbury.com/us/product/airbrush-flawless-foundation-shade-1-neutral
Charlotte Tilbury,Airbrush Flawless Foundation,Foundation,2 WARM,#F6DABF,246,218,191,88.68,Light,1,No,4,1.68,lighter half,image,TRUE,https://www.charlottetilbury.com/us/product/airbrush-flawless-foundation-shade-1-neutral
Charlotte Tilbury,Airbrush Flawless Foundation,Foundation,2 NEUTRAL,#F5D4B9,245,212,185,87,Light,1,No,5,0.79,lighter half,image,FALSE,https://www.charlottetilbury.com/us/product/airbrush-flawless-foundation-shade-1-neutral
Charlotte Tilbury,Airbrush Flawless Foundation,Foundation,3 WARM,#F5D2AA,245,210,170,86.21,Light,1,No,6,0.49,lighter half,image,TRUE,https://www.charlottetilbury.com/us/product/airbrush-flawless-foundation-shade-1-neutral
Charlotte Tilbury,Airbrush Flawless Foundation,Foundation,3 COOL,#F6CFB2,246,207,178,85.72,Light,1,No,7,1.26,lighter half,image,TRUE,https://www.charlottetilbury.com/us/product/airbrush-flawless-foundation-shade-1-neutral
Charlotte Tilbury,Airbrush Flawless Foundation,Foundation,3 NEUTRAL,#EFCDAB,239,205,171,84.46,Light,1,No,8,2.18,lighter half,image,TRUE,https://www.charlottetilbury.com/us/product/airbrush-flawless-foundation-shade-1-neutral
Charlotte Tilbury,Airbrush Flawless Foundation,Foundation,4 WARM,#F0C59B,240,197,155,82.28,Light,1,No,9,0.36,lighter half,image,TRUE,https://www.charlottetilbury.com/us/product/airbrush-flawless-foundation-shade-1-neutral
Charlotte Tilbury,Airbrush Flawless Foundation,Foundation,4 NEUTRAL,#E8C6A2,232,198,162,81.92,Light,1,No,10,0.37,lighter half,image,TRUE,https://www.charlottetilbury.com/us/product/airbrush-flawless-foundation-shade-1-neutral
Charlotte Tilbury,Airbrush Flawless Foundation,Foundation,4 COOL,#EFC2A0,239,194,160,81.55,Light,1,No,11,1.16,lighter half,image,TRUE,https://www.charlottetilbury.com/us/product/airbrush-flawless-foundation-shade-1-neutral
Charlotte Tilbury,Airbrush Flawless Foundation,Foundation,5 NEUTRAL,#E5C294,229,194,148,80.39,Light,1,No,12,0.37,lighter half,image,TRUE,https://www.charlottetilbury.com/us/product/airbrush-flawless-foundation-shade-1-neutral
Charlotte Tilbury,Airbrush Flawless Foundation,Foundation,5 COOL,#EEBD94,238,189,148,80.02,Light,1,No,13,0.64,lighter half,image,TRUE,https://www.charlottetilbury.com/us/product/airbrush-flawless-foundation-shade-1-neutral
Charlotte Tilbury,Airbrush Flawless Foundation,Foundation,7 COOL,#F5B88C,245,184,140,79.38,Light,1,No,14,0.15,lighter half,image,TRUE,https://www.charlottetilbury.com/us/product/airbrush-flawless-foundation-shade-1-neutral
Charlotte Tilbury,Airbrush Flawless Foundation,Foundation,6 COOL,#EFBA8B,239,186,139,79.23,Light,1,No,15,1.74,lighter half,image,TRUE,https://www.charlottetilbury.com/us/product/airbrush-flawless-foundation-shade-1-neutral
Charlotte Tilbury,Airbrush Flawless Foundation,Foundation,5 WARM,#E0B989,224,185,137,77.49,Light,1,No,16,0.27,lighter half,image,TRUE,https://www.charlottetilbury.com/us/product/airbrush-flawless-foundation-shade-1-neutral
Charlotte Tilbury,Airbrush Flawless Foundation,Foundation,7 WARM,#ECB47B,236,180,123,77.22,Light,1,No,17,0.07,lighter half,image,TRUE,https://www.charlottetilbury.com/us/product/airbrush-flawless-foundation-shade-1-neutral
Charlotte Tilbury,Airbrush Flawless Foundation,Foundation,6 NEUTRAL,#E5B684,229,182,132,77.15,Light,1,No,18,0.24,lighter half,image,TRUE,https://www.charlottetilbury.com/us/product/airbrush-flawless-foundation-shade-1-neutral
Charlotte Tilbury,Airbrush Flawless Foundation,Foundation,6 WARM,#E6B57E,230,181,126,76.91,Light,1,No,19,3.88,lighter half,image,TRUE,https://www.charlottetilbury.com/us/product/airbrush-flawless-foundation-shade-1-neutral
Charlotte Tilbury,Airbrush Flawless Foundation,Foundation,7 NEUTRAL,#DBAA7A,219,170,122,73.03,Medium,2,No,20,1.61,lighter half,image,TRUE,https://www.charlottetilbury.com/us/product/airbrush-flawless-foundation-shade-1-neutral
Charlotte Tilbury,Airbrush Flawless Foundation,Foundation,8 NEUTRAL,#DDA373,221,163,115,71.42,Medium,2,No,21,1.13,lighter half,image,TRUE,https://www.charlottetilbury.com/us/product/airbrush-flawless-foundation-shade-1-neutral
Charlotte Tilbury,Airbrush Flawless Foundation,Foundation,8 WARM,#DD9F68,221,159,104,70.29,Medium,2,No,22,1.41,lighter half,image,TRUE,https://www.charlottetilbury.com/us/product/airbrush-flawless-foundation-shade-1-neutral
Charlotte Tilbury,Airbrush Flawless Foundation,Foundation,9 COOL,#DD9969,221,153,105,68.88,Medium,2,No,23,0.69,lighter half,image,TRUE,https://www.charlottetilbury.com/us/product/airbrush-flawless-foundation-shade-1-neutral
Charlotte Tilbury,Airbrush Flawless Foundation,Foundation,10 NEUTRAL,#DC9762,220,151,98,68.19,Medium,2,No,24,0.35,lighter half,image,TRUE,https://www.charlottetilbury.com/us/product/airbrush-flawless-foundation-shade-1-neutral
Charlotte Tilbury,Airbrush Flawless Foundation,Foundation,10 COOL,#DD9562,221,149,98,67.84,Medium,2,No,25,0.22,lighter half,image,TRUE,https://www.charlottetilbury.com/us/product/airbrush-flawless-foundation-shade-1-neutral
Charlotte Tilbury,Airbrush Flawless Foundation,Foundation,9 NEUTRAL,#D3995F,211,153,95,67.62,Medium,2,No,26,2.09,lighter half,image,TRUE,https://www.charlottetilbury.com/us/product/airbrush-flawless-foundation-shade-1-neutral
Charlotte Tilbury,Airbrush Flawless Foundation,Foundation,9 WARM,#D2915C,210,145,92,65.53,Medium,2,No,27,0.11,lighter half,image,TRUE,https://www.charlottetilbury.com/us/product/airbrush-flawless-foundation-shade-1-neutral
Charlotte Tilbury,Airbrush Flawless Foundation,Foundation,10 WARM,#D88E54,216,142,84,65.42,Medium,2,No,28,3.01,lighter half,image,TRUE,https://www.charlottetilbury.com/us/product/airbrush-flawless-foundation-shade-1-neutral
Charlotte Tilbury,Airbrush Flawless Foundation,Foundation,12 COOL,#D08558,208,133,88,62.41,Medium,2,No,29,0.15,lighter half,image,TRUE,https://www.charlottetilbury.com/us/product/airbrush-flawless-foundation-shade-1-neutral
Charlotte Tilbury,Airbrush Flawless Foundation,Foundation,11 NEUTRAL,#C8894D,200,137,77,62.26,Medium,2,No,30,0.17,lighter half,image,TRUE,https://www.charlottetilbury.com/us/product/airbrush-flawless-foundation-shade-1-neutral
Charlotte Tilbury,Airbrush Flawless Foundation,Foundation,11 WARM,#CF8548,207,133,72,62.09,Medium,2,No,31,4.15,lighter half,image,TRUE,https://www.charlottetilbury.com/us/product/airbrush-flawless-foundation-shade-1-neutral
Charlotte Tilbury,Airbrush Flawless Foundation,Foundation,12 NEUTRAL,#C17B42,193,123,66,57.94,Medium,2,No,32,2.12,lighter half,image,TRUE,https://www.charlottetilbury.com/us/product/airbrush-flawless-foundation-shade-1-neutral
Charlotte Tilbury,Airbrush Flawless Foundation,Foundation,12 WARM,#BF7342,191,115,66,55.82,Medium,2,No,33,1.73,lighter half,image,TRUE,https://www.charlottetilbury.com/us/product/airbrush-flawless-foundation-shade-1-neutral
Charlotte Tilbury,Airbrush Flawless Foundation,Foundation,13 COOL,#B57145,181,113,69,54.09,Tan,3,Yes,34,6.81,lighter half,image,TRUE,https://www.charlottetilbury.com/us/product/airbrush-flawless-foundation-shade-1-neutral
Charlotte Tilbury,Airbrush Flawless Foundation,Foundation,13 WARM,#A35F36,163,95,54,47.28,Tan,3,Yes,35,0.34,deeper half,image,TRUE,https://www.charlottetilbury.com/us/product/airbrush-flawless-foundation-shade-1-neutral
Charlotte Tilbury,Airbrush Flawless Foundation,Foundation,13 NEUTRAL,#9C613F,156,97,63,46.94,Tan,3,Yes,36,6.31,deeper half,image,FALSE,https://www.charlottetilbury.com/us/product/airbrush-flawless-foundation-shade-1-neutral
Charlotte Tilbury,Airbrush Flawless Foundation,Foundation,14 COOL,#8F4F2F,143,79,47,40.63,Tan,3,Yes,37,0.73,deeper half,image,TRUE,https://www.charlottetilbury.com/us/product/airbrush-flawless-foundation-shade-1-neutral
Charlotte Tilbury,Airbrush Flawless Foundation,Foundation,15 NEUTRAL,#8A4F2E,138,79,46,39.9,Tan,3,Yes,38,4.83,deeper half,image,TRUE,https://www.charlottetilbury.com/us/product/airbrush-flawless-foundation-shade-1-neutral
Charlotte Tilbury,Airbrush Flawless Foundation,Foundation,14 NEUTRAL,#7D4329,125,67,41,35.07,Tan,3,Yes,39,2.17,deeper half,image,TRUE,https://www.charlottetilbury.com/us/product/airbrush-flawless-foundation-shade-1-neutral
Charlotte Tilbury,Airbrush Flawless Foundation,Foundation,15 WARM,#744021,116,64,33,32.9,Deep,4,Yes,40,6.84,deeper half,image,TRUE,https://www.charlottetilbury.com/us/product/airbrush-flawless-foundation-shade-1-neutral
Charlotte Tilbury,Airbrush Flawless Foundation,Foundation,16 COOL,#5F3215,95,50,21,26.06,Deep,4,Yes,41,3.39,deeper half,image,TRUE,https://www.charlottetilbury.com/us/product/airbrush-flawless-foundation-shade-1-neutral
Charlotte Tilbury,Airbrush Flawless Foundation,Foundation,16 NEUTRAL,#542C08,84,44,8,22.67,Deep,4,Yes,42,3.02,deeper half,image,TRUE,https://www.charlottetilbury.com/us/product/airbrush-flawless-foundation-shade-1-neutral
Charlotte Tilbury,Airbrush Flawless Foundation,Foundation,17 COOL,#4D2501,77,37,1,19.65,Deep,4,Yes,43,4.89,deeper half,image,TRUE,https://www.charlottetilbury.com/us/product/airbrush-flawless-foundation-shade-1-neutral
Charlotte Tilbury,Airbrush Flawless Foundation,Foundation,17 NEUTRAL,#381F12,56,31,18,14.76,Deep,4,Yes,44,,deeper half,image,TRUE,https://www.charlottetilbury.com/us/product/airbrush-flawless-foundation-shade-1-neutral
Charlotte Tilbury,Charlotte's Beautiful Skin Foundation,Foundation,1 NEUTRAL,#F4DBC2,244,219,194,88.82,Light,1,No,1,2.92,lighter half,image,TRUE,https://www.charlottetilbury.com/us/product/beautiful-skin-foundation-1-neutral
Charlotte Tilbury,Charlotte's Beautiful Skin Foundation,Foundation,2 NEUTRAL,#EFD2B5,239,210,181,85.9,Light,1,No,2,2.27,lighter half,image,TRUE,https://www.charlottetilbury.com/us/product/beautiful-skin-foundation-1-neutral
Charlotte Tilbury,Charlotte's Beautiful Skin Foundation,Foundation,4 NEUTRAL,#EECAAB,238,202,171,83.63,Light,1,No,3,0.63,lighter half,image,TRUE,https://www.charlottetilbury.com/us/product/beautiful-skin-foundation-1-neutral
Charlotte Tilbury,Charlotte's Beautiful Skin Foundation,Foundation,2 WARM,#EAC9AA,234,201,170,83,Light,1,No,4,1.57,lighter half,image,TRUE,https://www.charlottetilbury.com/us/product/beautiful-skin-foundation-1-neutral
Charlotte Tilbury,Charlotte's Beautiful Skin Foundation,Foundation,3 NEUTRAL,#E6C4AB,230,196,171,81.43,Light,1,No,5,1.48,lighter half,image,TRUE,https://www.charlottetilbury.com/us/product/beautiful-skin-foundation-1-neutral
Charlotte Tilbury,Charlotte's Beautiful Skin Foundation,Foundation,4 WARM,#E6BF9F,230,191,159,79.95,Light,1,No,6,0.53,lighter half,image,TRUE,https://www.charlottetilbury.com/us/product/beautiful-skin-foundation-1-neutral
Charlotte Tilbury,Charlotte's Beautiful Skin Foundation,Foundation,3 COOL,#E4BE9A,228,190,154,79.42,Light,1,No,7,0.25,lighter half,image,TRUE,https://www.charlottetilbury.com/us/product/beautiful-skin-foundation-1-neutral
Charlotte Tilbury,Charlotte's Beautiful Skin Foundation,Foundation,5 NEUTRAL,#DFBF98,223,191,152,79.17,Light,1,No,8,1.36,lighter half,image,TRUE,https://www.charlottetilbury.com/us/product/beautiful-skin-foundation-1-neutral
Charlotte Tilbury,Charlotte's Beautiful Skin Foundation,Foundation,7 COOL,#E3B98B,227,185,139,77.81,Light,1,No,9,1.31,lighter half,image,TRUE,https://www.charlottetilbury.com/us/product/beautiful-skin-foundation-1-neutral
Charlotte Tilbury,Charlotte's Beautiful Skin Foundation,Foundation,6 NEUTRAL,#E0B589,224,181,137,76.5,Light,1,No,10,0.62,lighter half,image,TRUE,https://www.charlottetilbury.com/us/product/beautiful-skin-foundation-1-neutral
Charlotte Tilbury,Charlotte's Beautiful Skin Foundation,Foundation,6 COOL,#DDB392,221,179,146,75.88,Light,1,No,11,1.64,lighter half,image,TRUE,https://www.charlottetilbury.com/us/product/beautiful-skin-foundation-1-neutral
Charlotte Tilbury,Charlotte's Beautiful Skin Foundation,Foundation,7 WARM,#DDAE7B,221,174,123,74.24,Medium,2,No,12,1.56,lighter half,image,TRUE,https://www.charlottetilbury.com/us/product/beautiful-skin-foundation-1-neutral
Charlotte Tilbury,Charlotte's Beautiful Skin Foundation,Foundation,8 WARM,#DBA973,219,169,115,72.68,Medium,2,No,13,0.07,lighter half,image,TRUE,https://www.charlottetilbury.com/us/product/beautiful-skin-foundation-1-neutral
Charlotte Tilbury,Charlotte's Beautiful Skin Foundation,Foundation,7 NEUTRAL,#D7AA79,215,170,121,72.61,Medium,2,No,14,2.05,lighter half,image,TRUE,https://www.charlottetilbury.com/us/product/beautiful-skin-foundation-1-neutral
Charlotte Tilbury,Charlotte's Beautiful Skin Foundation,Foundation,8 NEUTRAL,#CFA579,207,165,121,70.56,Medium,2,No,15,0.92,lighter half,image,TRUE,https://www.charlottetilbury.com/us/product/beautiful-skin-foundation-1-neutral
Charlotte Tilbury,Charlotte's Beautiful Skin Foundation,Foundation,9 WARM,#DA9E62,218,158,98,69.64,Medium,2,No,16,2.12,lighter half,image,TRUE,https://www.charlottetilbury.com/us/product/beautiful-skin-foundation-1-neutral
Charlotte Tilbury,Charlotte's Beautiful Skin Foundation,Foundation,9 NEUTRAL,#C99C6E,201,156,110,67.52,Medium,2,No,17,0.53,lighter half,image,TRUE,https://www.charlottetilbury.com/us/product/beautiful-skin-foundation-1-neutral
Charlotte Tilbury,Charlotte's Beautiful Skin Foundation,Foundation,10 WARM,#D4965E,212,150,94,66.99,Medium,2,No,18,0.69,lighter half,image,TRUE,https://www.charlottetilbury.com/us/product/beautiful-skin-foundation-1-neutral
Charlotte Tilbury,Charlotte's Beautiful Skin Foundation,Foundation,11 WARM,#D39457,211,148,87,66.3,Medium,2,No,19,0.46,lighter half,image,TRUE,https://www.charlottetilbury.com/us/product/beautiful-skin-foundation-1-neutral
Charlotte Tilbury,Charlotte's Beautiful Skin Foundation,Foundation,10 NEUTRAL,#CC955D,204,149,93,65.84,Medium,2,No,20,2.81,lighter half,image,TRUE,https://www.charlottetilbury.com/us/product/beautiful-skin-foundation-1-neutral
Charlotte Tilbury,Charlotte's Beautiful Skin Foundation,Foundation,11 COOL,#C08F5C,192,143,92,63.03,Medium,2,No,21,0.06,lighter half,image,TRUE,https://www.charlottetilbury.com/us/product/beautiful-skin-foundation-1-neutral
Charlotte Tilbury,Charlotte's Beautiful Skin Foundation,Foundation,11 NEUTRAL,#C98B56,201,139,86,62.97,Medium,2,No,22,6.25,lighter half,image,TRUE,https://www.charlottetilbury.com/us/product/beautiful-skin-foundation-1-neutral
Charlotte Tilbury,Charlotte's Beautiful Skin Foundation,Foundation,12 NEUTRAL,#B27D4B,178,125,75,56.72,Medium,2,No,23,0.33,deeper half,image,TRUE,https://www.charlottetilbury.com/us/product/beautiful-skin-foundation-1-neutral
Charlotte Tilbury,Charlotte's Beautiful Skin Foundation,Foundation,13 WARM,#BC7744,188,119,68,56.39,Medium,2,No,24,5.06,deeper half,image,TRUE,https://www.charlottetilbury.com/us/product/beautiful-skin-foundation-1-neutral
Charlotte Tilbury,Charlotte's Beautiful Skin Foundation,Foundation,14 COOL,#A86C4B,168,108,75,51.33,Tan,3,Yes,25,0.68,deeper half,image,TRUE,https://www.charlottetilbury.com/us/product/beautiful-skin-foundation-1-neutral
Charlotte Tilbury,Charlotte's Beautiful Skin Foundation,Foundation,14 NEUTRAL,#9F6E46,159,110,70,50.65,Tan,3,Yes,26,5.37,deeper half,image,TRUE,https://www.charlottetilbury.com/us/product/beautiful-skin-foundation-1-neutral
Charlotte Tilbury,Charlotte's Beautiful Skin Foundation,Foundation,15 NEUTRAL,#955E3E,149,94,62,45.28,Tan,3,Yes,27,5.27,deeper half,image,TRUE,https://www.charlottetilbury.com/us/product/beautiful-skin-foundation-1-neutral
Charlotte Tilbury,Charlotte's Beautiful Skin Foundation,Foundation,16 COOL,#8C4E32,140,78,50,40.01,Tan,3,Yes,28,6.86,deeper half,image,TRUE,https://www.charlottetilbury.com/us/product/beautiful-skin-foundation-1-neutral
Charlotte Tilbury,Charlotte's Beautiful Skin Foundation,Foundation,17 COOL,#754029,117,64,41,33.15,Deep,4,Yes,29,0.53,deeper half,image,TRUE,https://www.charlottetilbury.com/us/product/beautiful-skin-foundation-1-neutral
Charlotte Tilbury,Charlotte's Beautiful Skin Foundation,Foundation,17 NEUTRAL,#6D4230,109,66,48,32.62,Deep,4,Yes,30,,deeper half,image,TRUE,https://www.charlottetilbury.com/us/product/beautiful-skin-foundation-1-neutral
Charlotte Tilbury,Hollywood Flawless Filter,Glow filter,1 FAIR,#FBEAD4,251,234,212,93.5,Light,1,No,1,5.36,lighter half,image,TRUE,https://www.charlottetilbury.com/us/product/hollywood-flawless-filter-shade-1-fair
Charlotte Tilbury,Hollywood Flawless Filter,Glow filter,2 FAIR,#F8D7C0,248,215,192,88.14,Light,1,No,2,0.91,lighter half,image,TRUE,https://www.charlottetilbury.com/us/product/hollywood-flawless-filter-shade-1-fair
Charlotte Tilbury,Hollywood Flawless Filter,Glow filter,4.5 MEDIUM,#F8D5AB,248,213,171,87.23,Light,1,No,3,2.34,lighter half,image,TRUE,https://www.charlottetilbury.com/us/product/hollywood-flawless-filter-shade-1-fair
Charlotte Tilbury,Hollywood Flawless Filter,Glow filter,3 FAIR,#F5CDA5,245,205,165,84.89,Light,1,No,4,2.95,lighter half,image,TRUE,https://www.charlottetilbury.com/us/product/hollywood-flawless-filter-shade-1-fair
Charlotte Tilbury,Hollywood Flawless Filter,Glow filter,2.5 FAIR,#E2C7B1,226,199,177,81.94,Light,1,No,5,0.93,lighter half,image,TRUE,https://www.charlottetilbury.com/us/product/hollywood-flawless-filter-shade-1-fair
Charlotte Tilbury,Hollywood Flawless Filter,Glow filter,4 MEDIUM,#E8C399,232,195,153,81.01,Light,1,No,6,2.14,lighter half,image,TRUE,https://www.charlottetilbury.com/us/product/hollywood-flawless-filter-shade-1-fair
Charlotte Tilbury,Hollywood Flawless Filter,Glow filter,5 TAN,#F4B782,244,183,130,78.87,Light,1,No,7,6.11,lighter half,image,TRUE,https://www.charlottetilbury.com/us/product/hollywood-flawless-filter-shade-1-fair
Charlotte Tilbury,Hollywood Flawless Filter,Glow filter,6 TAN,#E6A47B,230,164,123,72.76,Medium,2,No,8,3.25,lighter half,image,TRUE,https://www.charlottetilbury.com/us/product/hollywood-flawless-filter-shade-1-fair
Charlotte Tilbury,Hollywood Flawless Filter,Glow filter,5.5 TAN,#D3A06B,211,160,107,69.51,Medium,2,No,9,10.37,lighter half,image,TRUE,https://www.charlottetilbury.com/us/product/hollywood-flawless-filter-shade-1-fair
Charlotte Tilbury,Hollywood Flawless Filter,Glow filter,6.5 DEEP,#C47E4C,196,126,76,59.14,Medium,2,No,10,1.78,deeper half,image,TRUE,https://www.charlottetilbury.com/us/product/hollywood-flawless-filter-shade-1-fair
Charlotte Tilbury,Hollywood Flawless Filter,Glow filter,7 DEEP,#C77545,199,117,69,57.36,Medium,2,No,11,19.23,deeper half,image,TRUE,https://www.charlottetilbury.com/us/product/hollywood-flawless-filter-shade-1-fair
Charlotte Tilbury,Hollywood Flawless Filter,Glow filter,8 DEEP,#7E4E37,126,78,55,38.13,Tan,3,Yes,12,,deeper half,image,TRUE,https://www.charlottetilbury.com/us/product/hollywood-flawless-filter-shade-1-fair
Charlotte Tilbury,Unreal Skin Sheer Glow Tint Hydrating Foundation Stick,Foundation,1 FAIR,#F2D1B6,242,209,182,85.93,Light,1,No,1,0.85,lighter half,image,TRUE,https://www.charlottetilbury.com/us/product/unreal-skin-foundation-stick-1-fair
Charlotte Tilbury,Unreal Skin Sheer Glow Tint Hydrating Foundation Stick,Foundation,1.5 FAIR,#F6CDAA,246,205,170,85.08,Light,1,No,2,5.06,lighter half,image,TRUE,https://www.charlottetilbury.com/us/product/unreal-skin-foundation-stick-1-fair
Charlotte Tilbury,Unreal Skin Sheer Glow Tint Hydrating Foundation Stick,Foundation,2 FAIR,#F2BB99,242,187,153,80.02,Light,1,No,3,1.7,lighter half,image,TRUE,https://www.charlottetilbury.com/us/product/unreal-skin-foundation-stick-1-fair
Charlotte Tilbury,Unreal Skin Sheer Glow Tint Hydrating Foundation Stick,Foundation,3 FAIR,#EDB78C,237,183,140,78.32,Light,1,No,4,3.31,lighter half,image,TRUE,https://www.charlottetilbury.com/us/product/unreal-skin-foundation-stick-1-fair
Charlotte Tilbury,Unreal Skin Sheer Glow Tint Hydrating Foundation Stick,Foundation,4 FAIR,#E8AC83,232,172,131,75.01,Light,1,No,5,3.45,lighter half,image,TRUE,https://www.charlottetilbury.com/us/product/unreal-skin-foundation-stick-1-fair
Charlotte Tilbury,Unreal Skin Sheer Glow Tint Hydrating Foundation Stick,Foundation,6 MEDIUM,#DEA375,222,163,117,71.56,Medium,2,No,6,0.28,lighter half,image,TRUE,https://www.charlottetilbury.com/us/product/unreal-skin-foundation-stick-1-fair
Charlotte Tilbury,Unreal Skin Sheer Glow Tint Hydrating Foundation Stick,Foundation,7 MEDIUM,#E79E6F,231,158,111,71.28,Medium,2,No,7,0.53,lighter half,image,TRUE,https://www.charlottetilbury.com/us/product/unreal-skin-foundation-stick-1-fair
Charlotte Tilbury,Unreal Skin Sheer Glow Tint Hydrating Foundation Stick,Foundation,5 MEDIUM,#D3A47B,211,164,123,70.75,Medium,2,No,8,5.36,lighter half,image,TRUE,https://www.charlottetilbury.com/us/product/unreal-skin-foundation-stick-1-fair
Charlotte Tilbury,Unreal Skin Sheer Glow Tint Hydrating Foundation Stick,Foundation,7.5 MEDIUM,#CD9268,205,146,104,65.39,Medium,2,No,9,0.4,lighter half,image,TRUE,https://www.charlottetilbury.com/us/product/unreal-skin-foundation-stick-1-fair
Charlotte Tilbury,Unreal Skin Sheer Glow Tint Hydrating Foundation Stick,Foundation,8 MEDIUM,#D78C5F,215,140,95,64.99,Medium,2,No,10,1.88,lighter half,image,TRUE,https://www.charlottetilbury.com/us/product/unreal-skin-foundation-stick-1-fair
Charlotte Tilbury,Unreal Skin Sheer Glow Tint Hydrating Foundation Stick,Foundation,10 TAN,#D1884E,209,136,78,63.11,Medium,2,No,11,0.88,lighter half,image,TRUE,https://www.charlottetilbury.com/us/product/unreal-skin-foundation-stick-1-fair
Charlotte Tilbury,Unreal Skin Sheer Glow Tint Hydrating Foundation Stick,Foundation,9 TAN,#C48A5B,196,138,91,62.23,Medium,2,No,12,4.75,lighter half,image,TRUE,https://www.charlottetilbury.com/us/product/unreal-skin-foundation-stick-1-fair
Charlotte Tilbury,Unreal Skin Sheer Glow Tint Hydrating Foundation Stick,Foundation,11 TAN,#BE7A4E,190,122,78,57.48,Medium,2,No,13,0.01,lighter half,image,TRUE,https://www.charlottetilbury.com/us/product/unreal-skin-foundation-stick-1-fair
Charlotte Tilbury,Unreal Skin Sheer Glow Tint Hydrating Foundation Stick,Foundation,12 TAN,#C37840,195,120,64,57.47,Medium,2,No,14,5.84,lighter half,image,TRUE,https://www.charlottetilbury.com/us/product/unreal-skin-foundation-stick-1-fair
Charlotte Tilbury,Unreal Skin Sheer Glow Tint Hydrating Foundation Stick,Foundation,12.5 TAN,#B16940,177,105,64,51.63,Tan,3,Yes,15,2.97,deeper half,image,TRUE,https://www.charlottetilbury.com/us/product/unreal-skin-foundation-stick-1-fair
Charlotte Tilbury,Unreal Skin Sheer Glow Tint Hydrating Foundation Stick,Foundation,13 DEEP,#9E673E,158,103,62,48.66,Tan,3,Yes,16,6.24,deeper half,image,TRUE,https://www.charlottetilbury.com/us/product/unreal-skin-foundation-stick-1-fair
Charlotte Tilbury,Unreal Skin Sheer Glow Tint Hydrating Foundation Stick,Foundation,14 DEEP,#95532E,149,83,46,42.42,Tan,3,Yes,17,4.44,deeper half,image,TRUE,https://www.charlottetilbury.com/us/product/unreal-skin-foundation-stick-1-fair
Charlotte Tilbury,Unreal Skin Sheer Glow Tint Hydrating Foundation Stick,Foundation,15 DEEP,#834B31,131,75,49,37.98,Tan,3,Yes,18,10.34,deeper half,image,TRUE,https://www.charlottetilbury.com/us/product/unreal-skin-foundation-stick-1-fair
Charlotte Tilbury,Unreal Skin Sheer Glow Tint Hydrating Foundation Stick,Foundation,16 DEEP,#62352C,98,53,44,27.64,Deep,4,Yes,19,7.23,deeper half,image,TRUE,https://www.charlottetilbury.com/us/product/unreal-skin-foundation-stick-1-fair
Charlotte Tilbury,Unreal Skin Sheer Glow Tint Hydrating Foundation Stick,Foundation,17 DEEP,#462A25,70,42,37,20.41,Deep,4,Yes,20,,deeper half,image,FALSE,https://www.charlottetilbury.com/us/product/unreal-skin-foundation-stick-1-fair
Hourglass,Ambient Soft Glow Foundation,Foundation,2.5 - Fair with Cool Undertones,#F3CFB3,243,207,179,85.47,Light,1,No,1,1.53,lighter half,color code,,https://www.hourglasscosmetics.com/products/ambient-soft-glow-foundation
Hourglass,Ambient Soft Glow Foundation,Foundation,1 - Fairest with Cool Undertones,#F1CAAD,241,202,173,83.94,Light,1,No,2,0.13,lighter half,color code,,https://www.hourglasscosmetics.com/products/ambient-soft-glow-foundation
Hourglass,Ambient Soft Glow Foundation,Foundation,3.5 - Fair with Warm Undertones,#E9CDA5,233,205,165,83.81,Light,1,No,3,0.92,lighter half,color code,,https://www.hourglasscosmetics.com/products/ambient-soft-glow-foundation
Hourglass,Ambient Soft Glow Foundation,Foundation,3 - Fair with Neutral Undertones,#EDC8A3,237,200,163,82.89,Light,1,No,4,0.06,lighter half,color code,,https://www.hourglasscosmetics.com/products/ambient-soft-glow-foundation
Hourglass,Ambient Soft Glow Foundation,Foundation,5 - Light with Neutral Undertones,#F1C6A6,241,198,166,82.83,Light,1,No,5,1.72,lighter half,color code,,https://www.hourglasscosmetics.com/products/ambient-soft-glow-foundation
Hourglass,Ambient Soft Glow Foundation,Foundation,5.5 - Light with Warm Undertones,#F2BFA0,242,191,160,81.11,Light,1,No,6,0.07,lighter half,color code,,https://www.hourglasscosmetics.com/products/ambient-soft-glow-foundation
Hourglass,Ambient Soft Glow Foundation,Foundation,1.5 - Very Fair with Cool Undertones,#E1C4AE,225,196,174,81.04,Light,1,No,7,0.22,lighter half,color code,,https://www.hourglasscosmetics.com/products/ambient-soft-glow-foundation
Hourglass,Ambient Soft Glow Foundation,Foundation,7 - Light Medium with Warm Undertones,#F0BF9B,240,191,155,80.82,Light,1,No,8,3.13,lighter half,color code,,https://www.hourglasscosmetics.com/products/ambient-soft-glow-foundation
Hourglass,Ambient Soft Glow Foundation,Foundation,4 - Light with Warm Undertones,#E7B78A,231,183,138,77.69,Light,1,No,9,0.39,lighter half,color code,,https://www.hourglasscosmetics.com/products/ambient-soft-glow-foundation
Hourglass,Ambient Soft Glow Foundation,Foundation,4.5 - Light with Cool Undertones,#E1B6A1,225,182,161,77.3,Light,1,No,10,3.83,lighter half,color code,,https://www.hourglasscosmetics.com/products/ambient-soft-glow-foundation
Hourglass,Ambient Soft Glow Foundation,Foundation,2 - Very Fair with Warm Undertones,#CBB094,203,176,148,73.47,Medium,2,No,11,1.92,lighter half,color code,,https://www.hourglasscosmetics.com/products/ambient-soft-glow-foundation
Hourglass,Ambient Soft Glow Foundation,Foundation,7.5 - Light Medium with Neutral Undertones,#CDA890,205,168,144,71.55,Medium,2,No,12,0.41,lighter half,color code,,https://www.hourglasscosmetics.com/products/ambient-soft-glow-foundation
Hourglass,Ambient Soft Glow Foundation,Foundation,6 - Light Medium with Warm Undertones,#CDA788,205,167,136,71.14,Medium,2,No,13,0.47,lighter half,color code,,https://www.hourglasscosmetics.com/products/ambient-soft-glow-foundation
Hourglass,Ambient Soft Glow Foundation,Foundation,9.5 - Medium with Cool Undertones,#D5A286,213,162,134,70.67,Medium,2,No,14,0.27,lighter half,color code,,https://www.hourglasscosmetics.com/products/ambient-soft-glow-foundation
Hourglass,Ambient Soft Glow Foundation,Foundation,6.5 - Light Medium with Neutral Undertones,#D7A179,215,161,121,70.4,Medium,2,No,15,1.07,lighter half,color code,,https://www.hourglasscosmetics.com/products/ambient-soft-glow-foundation
Hourglass,Ambient Soft Glow Foundation,Foundation,10 - Medium with Warm Undertones,#CDA177,205,161,119,69.33,Medium,2,No,16,6.49,lighter half,color code,,https://www.hourglasscosmetics.com/products/ambient-soft-glow-foundation
Hourglass,Ambient Soft Glow Foundation,Foundation,10.5 - Medium with Neutral Undertones,#B7916C,183,145,108,62.84,Medium,2,No,17,0.05,lighter half,color code,,https://www.hourglasscosmetics.com/products/ambient-soft-glow-foundation
Hourglass,Ambient Soft Glow Foundation,Foundation,11.5 - Medium Deep with Warm Undertones,#C58B68,197,139,104,62.79,Medium,2,No,18,2.68,lighter half,color code,,https://www.hourglasscosmetics.com/products/ambient-soft-glow-foundation
Hourglass,Ambient Soft Glow Foundation,Foundation,8 - Light Medium with Neutral Undertones,#B0896E,176,137,110,60.11,Medium,2,No,19,4,lighter half,color code,,https://www.hourglasscosmetics.com/products/ambient-soft-glow-foundation
Hourglass,Ambient Soft Glow Foundation,Foundation,11 - Medium with Neutral Undertones,#AD7C59,173,124,89,56.11,Medium,2,No,20,1.93,lighter half,color code,,https://www.hourglasscosmetics.com/products/ambient-soft-glow-foundation
Hourglass,Ambient Soft Glow Foundation,Foundation,9 - Medium with Warm Undertones,#AC7644,172,118,68,54.18,Tan,3,Yes,21,3.77,deeper half,color code,,https://www.hourglasscosmetics.com/products/ambient-soft-glow-foundation
Hourglass,Ambient Soft Glow Foundation,Foundation,14 - Deep with Warm Undertones,#9D6E46,157,110,70,50.41,Tan,3,Yes,22,0.09,deeper half,color code,,https://www.hourglasscosmetics.com/products/ambient-soft-glow-foundation
Hourglass,Ambient Soft Glow Foundation,Foundation,12 - Medium Deep with Neutral Undertones,#986F54,152,111,84,50.32,Tan,3,Yes,23,0.99,deeper half,color code,,https://www.hourglasscosmetics.com/products/ambient-soft-glow-foundation
Hourglass,Ambient Soft Glow Foundation,Foundation,13 - Medium Deep with Warm Undertones,#9E6A38,158,106,56,49.33,Tan,3,Yes,24,1.64,deeper half,color code,,https://www.hourglasscosmetics.com/products/ambient-soft-glow-foundation
Hourglass,Ambient Soft Glow Foundation,Foundation,15 - Deep with Cool Undertones,#9B6448,155,100,72,47.69,Tan,3,Yes,25,1.57,deeper half,color code,,https://www.hourglasscosmetics.com/products/ambient-soft-glow-foundation
Hourglass,Ambient Soft Glow Foundation,Foundation,14.5 - Deep with Warm Undertones,#9A5F3A,154,95,58,46.12,Tan,3,Yes,26,0.57,deeper half,color code,,https://www.hourglasscosmetics.com/products/ambient-soft-glow-foundation
Hourglass,Ambient Soft Glow Foundation,Foundation,13.5 - Medium Deep with Neutral Undertones,#946037,148,96,55,45.55,Tan,3,Yes,27,8.7,deeper half,color code,,https://www.hourglasscosmetics.com/products/ambient-soft-glow-foundation
Hourglass,Ambient Soft Glow Foundation,Foundation,15.5 - Deep with Neutral Undertones,#744F28,116,79,40,36.85,Tan,3,Yes,28,0.68,deeper half,color code,,https://www.hourglasscosmetics.com/products/ambient-soft-glow-foundation
Hourglass,Ambient Soft Glow Foundation,Foundation,16 - Deep with Warm Undertones,#85431E,133,67,30,36.17,Tan,3,Yes,29,3.84,deeper half,color code,,https://www.hourglasscosmetics.com/products/ambient-soft-glow-foundation
Hourglass,Ambient Soft Glow Foundation,Foundation,16.5 - Very Deep with Neutral Undertones,#713F2A,113,63,42,32.33,Deep,4,Yes,30,3.19,deeper half,color code,,https://www.hourglasscosmetics.com/products/ambient-soft-glow-foundation
Hourglass,Ambient Soft Glow Foundation,Foundation,17.5 - Deepest with Neutral Undertones,#623B2A,98,59,42,29.14,Deep,4,Yes,31,2.91,deeper half,color code,,https://www.hourglasscosmetics.com/products/ambient-soft-glow-foundation
Hourglass,Ambient Soft Glow Foundation,Foundation,17 - Very Deep with Cool Undertones,#5B3427,91,52,39,26.23,Deep,4,Yes,32,,deeper half,color code,,https://www.hourglasscosmetics.com/products/ambient-soft-glow-foundation
Hourglass,Illusion Luminous Glow Foundation SPF 30,Foundation,2 - Fair with neutral undertones,#F1CAAE,241,202,174,83.96,Light,1,No,1,0.08,lighter half,color code,,https://www.hourglasscosmetics.com/products/illusion-luminous-glow-foundation-spf-30
Hourglass,Illusion Luminous Glow Foundation SPF 30,Foundation,1 - Very fair with neutral undertones,#EACBBC,234,203,188,83.88,Light,1,No,2,0.07,lighter half,color code,,https://www.hourglasscosmetics.com/products/illusion-luminous-glow-foundation-spf-30
Hourglass,Illusion Luminous Glow Foundation SPF 30,Foundation,2.5 - Fair with warm golden undertones,#E9CDA5,233,205,165,83.81,Light,1,No,3,2.27,lighter half,color code,,https://www.hourglasscosmetics.com/products/illusion-luminous-glow-foundation-spf-30
Hourglass,Illusion Luminous Glow Foundation SPF 30,Foundation,4 - Light with warm peach undertones,#EBC2B2,235,194,178,81.54,Light,1,No,4,0.68,lighter half,color code,,https://www.hourglasscosmetics.com/products/illusion-luminous-glow-foundation-spf-30
Hourglass,Illusion Luminous Glow Foundation SPF 30,Foundation,5 - Light with warm gold undertones,#F3BE9A,243,190,154,80.86,Light,1,No,5,0.52,lighter half,color code,,https://www.hourglasscosmetics.com/products/illusion-luminous-glow-foundation-spf-30
Hourglass,Illusion Luminous Glow Foundation SPF 30,Foundation,3 - Fair with cool pink undertones,#E9BEB0,233,190,176,80.34,Light,1,No,6,1.39,lighter half,color code,,https://www.hourglasscosmetics.com/products/illusion-luminous-glow-foundation-spf-30
Hourglass,Illusion Luminous Glow Foundation SPF 30,Foundation,1.5 - Very fair with cool pink undertones,#E1BBB4,225,187,180,78.95,Light,1,No,7,1.22,lighter half,color code,,https://www.hourglasscosmetics.com/products/illusion-luminous-glow-foundation-spf-30
Hourglass,Illusion Luminous Glow Foundation SPF 30,Foundation,6 - Light with neutral undertones,#DFB8A7,223,184,167,77.73,Light,1,No,8,0.05,lighter half,color code,,https://www.hourglasscosmetics.com/products/illusion-luminous-glow-foundation-spf-30
Hourglass,Illusion Luminous Glow Foundation SPF 30,Foundation,11 - Medium with cool pink undertones,#E1B7A7,225,183,167,77.68,Light,1,No,9,2.07,lighter half,color code,,https://www.hourglasscosmetics.com/products/illusion-luminous-glow-foundation-spf-30
Hourglass,Illusion Luminous Glow Foundation SPF 30,Foundation,10 - Medium with neutral undertones,#D5B49E,213,180,158,75.61,Light,1,No,10,1.79,lighter half,color code,,https://www.hourglasscosmetics.com/products/illusion-luminous-glow-foundation-spf-30
Hourglass,Illusion Luminous Glow Foundation SPF 30,Foundation,8.5 - Light medium with cool rosy undertones,#D9AC95,217,172,149,73.82,Medium,2,No,11,2.17,lighter half,color code,,https://www.hourglasscosmetics.com/products/illusion-luminous-glow-foundation-spf-30
Hourglass,Illusion Luminous Glow Foundation SPF 30,Foundation,12 - Medium with warm peach undertones,#CEA890,206,168,144,71.65,Medium,2,No,12,0.51,lighter half,color code,,https://www.hourglasscosmetics.com/products/illusion-luminous-glow-foundation-spf-30
Hourglass,Illusion Luminous Glow Foundation SPF 30,Foundation,7.5 - Light medium with warm olive undertones,#CDA788,205,167,136,71.14,Medium,2,No,13,0.12,lighter half,color code,,https://www.hourglasscosmetics.com/products/illusion-luminous-glow-foundation-spf-30
Hourglass,Illusion Luminous Glow Foundation SPF 30,Foundation,9 - Light medium with warm peach undertones,#E59E6D,229,158,109,71.02,Medium,2,No,14,0.27,lighter half,color code,,https://www.hourglasscosmetics.com/products/illusion-luminous-glow-foundation-spf-30
Hourglass,Illusion Luminous Glow Foundation SPF 30,Foundation,13 - Medium with warm golden undertones,#D6A285,214,162,133,70.75,Medium,2,No,15,0,lighter half,color code,,https://www.hourglasscosmetics.com/products/illusion-luminous-glow-foundation-spf-30
Hourglass,Illusion Luminous Glow Foundation SPF 30,Foundation,16 - Medium with warm golden undertones,#D6A285,214,162,133,70.75,Medium,2,No,16,0.14,lighter half,color code,,https://www.hourglasscosmetics.com/products/illusion-luminous-glow-foundation-spf-30
Hourglass,Illusion Luminous Glow Foundation SPF 30,Foundation,8 - Light medium with warm peach undertones,#D9A179,217,161,121,70.61,Medium,2,No,17,3.62,lighter half,color code,,https://www.hourglasscosmetics.com/products/illusion-luminous-glow-foundation-spf-30
Hourglass,Illusion Luminous Glow Foundation SPF 30,Foundation,7 - Light with warm peach undertones,#C09C83,192,156,131,66.99,Medium,2,No,18,1.07,lighter half,color code,,https://www.hourglasscosmetics.com/products/illusion-luminous-glow-foundation-spf-30
Hourglass,Illusion Luminous Glow Foundation SPF 30,Foundation,14 - Medium with warm olive undertones,#C79674,199,150,116,65.92,Medium,2,No,19,1.34,lighter half,color code,,https://www.hourglasscosmetics.com/products/illusion-luminous-glow-foundation-spf-30
Hourglass,Illusion Luminous Glow Foundation SPF 30,Foundation,19.5 - Medium deep with neutral undertones,#BF9474,191,148,116,64.58,Medium,2,No,20,1.71,lighter half,color code,,https://www.hourglasscosmetics.com/products/illusion-luminous-glow-foundation-spf-30
Hourglass,Illusion Luminous Glow Foundation SPF 30,Foundation,15 - Medium with cool rosy undertones,#C68B66,198,139,102,62.87,Medium,2,No,21,0,lighter half,color code,,https://www.hourglasscosmetics.com/products/illusion-luminous-glow-foundation-spf-30
Hourglass,Illusion Luminous Glow Foundation SPF 30,Foundation,17 - Medium deep with warm peach undertones,#C68B66,198,139,102,62.87,Medium,2,No,22,2.41,lighter half,color code,,https://www.hourglasscosmetics.com/products/illusion-luminous-glow-foundation-spf-30
Hourglass,Illusion Luminous Glow Foundation SPF 30,Foundation,18 - Medium deep with warm golden undertones,#C88242,200,130,66,60.46,Medium,2,No,23,4.14,lighter half,color code,,https://www.hourglasscosmetics.com/products/illusion-luminous-glow-foundation-spf-30
Hourglass,Illusion Luminous Glow Foundation SPF 30,Foundation,19 - Medium deep with warm olive undertones,#AF7C58,175,124,88,56.32,Medium,2,No,24,0.21,deeper half,color code,,https://www.hourglasscosmetics.com/products/illusion-luminous-glow-foundation-spf-30
Hourglass,Illusion Luminous Glow Foundation SPF 30,Foundation,20.5 - Medium deep with neutral undertones,#AD7C59,173,124,89,56.11,Medium,2,No,25,3.82,deeper half,color code,,https://www.hourglasscosmetics.com/products/illusion-luminous-glow-foundation-spf-30
Hourglass,Illusion Luminous Glow Foundation SPF 30,Foundation,20 - Medium deep with warm golden undertones,#AC6E49,172,110,73,52.29,Tan,3,Yes,26,1.88,deeper half,color code,,https://www.hourglasscosmetics.com/products/illusion-luminous-glow-foundation-spf-30
Hourglass,Illusion Luminous Glow Foundation SPF 30,Foundation,23 - Deep with warm olive undertones,#9D6E46,157,110,70,50.41,Tan,3,Yes,27,2.72,deeper half,color code,,https://www.hourglasscosmetics.com/products/illusion-luminous-glow-foundation-spf-30
Hourglass,Illusion Luminous Glow Foundation SPF 30,Foundation,21 - Medium deep with warm peach undertones,#9B6448,155,100,72,47.69,Tan,3,Yes,28,10.92,deeper half,color code,,https://www.hourglasscosmetics.com/products/illusion-luminous-glow-foundation-spf-30
Hourglass,Illusion Luminous Glow Foundation SPF 30,Foundation,24 - Deep with cool rosy undertones,#7C4A32,124,74,50,36.77,Tan,3,Yes,29,0.6,deeper half,color code,,https://www.hourglasscosmetics.com/products/illusion-luminous-glow-foundation-spf-30
Hourglass,Illusion Luminous Glow Foundation SPF 30,Foundation,22 - Deep with cool rosy undertones,#85431E,133,67,30,36.17,Tan,3,Yes,30,4.93,deeper half,color code,,https://www.hourglasscosmetics.com/products/illusion-luminous-glow-foundation-spf-30
Hourglass,Illusion Luminous Glow Foundation SPF 30,Foundation,25 - Very deep with neutral undertones,#733A1C,115,58,28,31.24,Deep,4,Yes,31,2.23,deeper half,color code,,https://www.hourglasscosmetics.com/products/illusion-luminous-glow-foundation-spf-30
Hourglass,Illusion Luminous Glow Foundation SPF 30,Foundation,26 - Very deep with neutral undertones,#5E3C32,94,60,50,29.01,Deep,4,Yes,32,,deeper half,color code,,https://www.hourglasscosmetics.com/products/illusion-luminous-glow-foundation-spf-30
Hourglass,Vanish Seamless Finish Foundation Stick,Foundation,Cotton 2 - Fair with Warm Undertones,#FCE1CB,252,225,203,91.17,Light,1,No,1,8.28,lighter half,color code,,https://www.hourglasscosmetics.com/products/vanish-seamless-finish-foundation-stick
Hourglass,Vanish Seamless Finish Foundation Stick,Foundation,Bisque 3.5 - Fair with Warm Undertones,#EDC8A3,237,200,163,82.89,Light,1,No,2,1.01,lighter half,color code,,https://www.hourglasscosmetics.com/products/vanish-seamless-finish-foundation-stick
Hourglass,Vanish Seamless Finish Foundation Stick,Foundation,Cream 1.5 - Fair with Cool Undertones,#ECC3B2,236,195,178,81.88,Light,1,No,3,0.18,lighter half,color code,,https://www.hourglasscosmetics.com/products/vanish-seamless-finish-foundation-stick
Hourglass,Vanish Seamless Finish Foundation Stick,Foundation,Blanc 1 - Fair with Cool Undertones,#DBC8B6,219,200,182,81.7,Light,1,No,4,0.7,lighter half,color code,,https://www.hourglasscosmetics.com/products/vanish-seamless-finish-foundation-stick
Hourglass,Vanish Seamless Finish Foundation Stick,Foundation,Alabaster 2.5 - Fair with Cool Undertones,#F1BF9F,241,191,159,81,Light,1,No,5,0.57,lighter half,color code,,https://www.hourglasscosmetics.com/products/vanish-seamless-finish-foundation-stick
Hourglass,Vanish Seamless Finish Foundation Stick,Foundation,Porcelain 3 - Fair with Neutral Undertones,#EABEB0,234,190,176,80.43,Light,1,No,6,2.74,lighter half,color code,,https://www.hourglasscosmetics.com/products/vanish-seamless-finish-foundation-stick
Hourglass,Vanish Seamless Finish Foundation Stick,Foundation,Linen 4 - Light with Warm Undertones,#E7B78A,231,183,138,77.69,Light,1,No,7,0.39,lighter half,color code,,https://www.hourglasscosmetics.com/products/vanish-seamless-finish-foundation-stick
Hourglass,Vanish Seamless Finish Foundation Stick,Foundation,Vanilla 4.5 - Light with Cool Undertones,#E1B6A1,225,182,161,77.3,Light,1,No,8,1.61,lighter half,color code,,https://www.hourglasscosmetics.com/products/vanish-seamless-finish-foundation-stick
Hourglass,Vanish Seamless Finish Foundation Stick,Foundation,Warm Ivory 7 - Light Medium with Warm Undertones,#D9B48F,217,180,143,75.69,Light,1,No,9,4.09,lighter half,color code,,https://www.hourglasscosmetics.com/products/vanish-seamless-finish-foundation-stick
Hourglass,Vanish Seamless Finish Foundation Stick,Foundation,Natural 5.5 - Light with Warm Undertones,#DDA46F,221,164,111,71.6,Medium,2,No,10,0.42,lighter half,color code,,https://www.hourglasscosmetics.com/products/vanish-seamless-finish-foundation-stick
Hourglass,Vanish Seamless Finish Foundation Stick,Foundation,Shell 5 - Light with Neutral Undertones,#C6A992,198,169,146,71.18,Medium,2,No,11,0.51,lighter half,color code,,https://www.hourglasscosmetics.com/products/vanish-seamless-finish-foundation-stick
Hourglass,Vanish Seamless Finish Foundation Stick,Foundation,Ivory 6.5 - Light Medium with Cool Undertones,#D5A286,213,162,134,70.67,Medium,2,No,12,0,lighter half,color code,,https://www.hourglasscosmetics.com/products/vanish-seamless-finish-foundation-stick
Hourglass,Vanish Seamless Finish Foundation Stick,Foundation,Light Beige 9.5 - Medium with Cool Undertones,#D5A286,213,162,134,70.67,Medium,2,No,13,0.27,lighter half,color code,,https://www.hourglasscosmetics.com/products/vanish-seamless-finish-foundation-stick
Hourglass,Vanish Seamless Finish Foundation Stick,Foundation,Buff 6 - Light Medium with Warm Undertones,#D7A179,215,161,121,70.4,Medium,2,No,14,1.32,lighter half,color code,,https://www.hourglasscosmetics.com/products/vanish-seamless-finish-foundation-stick
Hourglass,Vanish Seamless Finish Foundation Stick,Foundation,Sand 8 - Light Medium with Warm Undertones,#CDA077,205,160,119,69.08,Medium,2,No,15,3.07,lighter half,color code,,https://www.hourglasscosmetics.com/products/vanish-seamless-finish-foundation-stick
Hourglass,Vanish Seamless Finish Foundation Stick,Foundation,Golden Natural 9 - Medium with Neutral Undertones,#BD9A7A,189,154,122,66.01,Medium,2,No,16,1.43,lighter half,color code,,https://www.hourglasscosmetics.com/products/vanish-seamless-finish-foundation-stick
Hourglass,Vanish Seamless Finish Foundation Stick,Foundation,Nude 7.5 - Light Medium with Neutral Undertones,#BF9474,191,148,116,64.58,Medium,2,No,17,0.06,lighter half,color code,,https://www.hourglasscosmetics.com/products/vanish-seamless-finish-foundation-stick
Hourglass,Vanish Seamless Finish Foundation Stick,Foundation,Golden 8.5 - Medium with Warm Undertones,#C39367,195,147,103,64.52,Medium,2,No,18,1.68,lighter half,color code,,https://www.hourglasscosmetics.com/products/vanish-seamless-finish-foundation-stick
Hourglass,Vanish Seamless Finish Foundation Stick,Foundation,Warm Beige 10.5 - Medium with Neutral Undertones,#B7916C,183,145,108,62.84,Medium,2,No,19,0.05,lighter half,color code,,https://www.hourglasscosmetics.com/products/vanish-seamless-finish-foundation-stick
Hourglass,Vanish Seamless Finish Foundation Stick,Foundation,Golden Tan 11 - Medium with Warm Undertones,#C58B68,197,139,104,62.79,Medium,2,No,20,3.05,lighter half,color code,,https://www.hourglasscosmetics.com/products/vanish-seamless-finish-foundation-stick
Hourglass,Vanish Seamless Finish Foundation Stick,Foundation,Beige 10 - Medium with Warm Undertones,#B4875E,180,135,94,59.74,Medium,2,No,21,1.6,lighter half,color code,,https://www.hourglasscosmetics.com/products/vanish-seamless-finish-foundation-stick
Hourglass,Vanish Seamless Finish Foundation Stick,Foundation,Honey 11.5 - Medium Deep with Warm Undertones,#B58150,181,129,80,58.14,Medium,2,No,22,2.03,lighter half,color code,,https://www.hourglasscosmetics.com/products/vanish-seamless-finish-foundation-stick
Hourglass,Vanish Seamless Finish Foundation Stick,Foundation,Warm Honey 12 - Medium Deep with Neutral Undertones,#AD7C59,173,124,89,56.11,Medium,2,No,23,3.31,deeper half,color code,,https://www.hourglasscosmetics.com/products/vanish-seamless-finish-foundation-stick
Hourglass,Vanish Seamless Finish Foundation Stick,Foundation,Amber 12.5 - Medium Deep with Warm Undertones,#A47449,164,116,73,52.8,Tan,3,Yes,24,3.47,deeper half,color code,,https://www.hourglasscosmetics.com/products/vanish-seamless-finish-foundation-stick
Hourglass,Vanish Seamless Finish Foundation Stick,Foundation,Golden Amber 13 - Medium Deep with Warm Undertones,#9E6A38,158,106,56,49.33,Tan,3,Yes,25,0.05,deeper half,color code,,https://www.hourglasscosmetics.com/products/vanish-seamless-finish-foundation-stick
Hourglass,Vanish Seamless Finish Foundation Stick,Foundation,Almond 15 - Deep with Cool Undertones,#956C58,149,108,88,49.28,Tan,3,Yes,26,0.76,deeper half,color code,,https://www.hourglasscosmetics.com/products/vanish-seamless-finish-foundation-stick
Hourglass,Vanish Seamless Finish Foundation Stick,Foundation,Natural Amber 13.5 - Medium Deep with Neutral Undertones,#97694C,151,105,76,48.52,Tan,3,Yes,27,5.81,deeper half,color code,,https://www.hourglasscosmetics.com/products/vanish-seamless-finish-foundation-stick
Hourglass,Vanish Seamless Finish Foundation Stick,Foundation,Warm Almond 14 - Deep with Warm Undertones,#8F573A,143,87,58,42.71,Tan,3,Yes,28,0.12,deeper half,color code,,https://www.hourglasscosmetics.com/products/vanish-seamless-finish-foundation-stick
Hourglass,Vanish Seamless Finish Foundation Stick,Foundation,Golden Almond 14.5 - Deep with Warm Undertones,#835D32,131,93,50,42.59,Tan,3,Yes,29,4.93,deeper half,color code,,https://www.hourglasscosmetics.com/products/vanish-seamless-finish-foundation-stick
Hourglass,Vanish Seamless Finish Foundation Stick,Foundation,Walnut 16 - Deep with Warm Undertones,#7C4D3A,124,77,58,37.66,Tan,3,Yes,30,0.81,deeper half,color code,,https://www.hourglasscosmetics.com/products/vanish-seamless-finish-foundation-stick
Hourglass,Vanish Seamless Finish Foundation Stick,Foundation,Sable 15.5 - Deep with Neutral Undertones,#744F28,116,79,40,36.85,Tan,3,Yes,31,7.71,deeper half,color code,,https://www.hourglasscosmetics.com/products/vanish-seamless-finish-foundation-stick
Hourglass,Vanish Seamless Finish Foundation Stick,Foundation,Chestnut 16.5 - Deep with Neutral Undertones,#623B2A,98,59,42,29.14,Deep,4,Yes,32,4.13,deeper half,color code,,https://www.hourglasscosmetics.com/products/vanish-seamless-finish-foundation-stick
Hourglass,Vanish Seamless Finish Foundation Stick,Foundation,Espresso 17.5 - Deep with Cool Undertones,#4E3629,78,54,41,25.01,Deep,4,Yes,33,,deeper half,color code,,https://www.hourglasscosmetics.com/products/vanish-seamless-finish-foundation-stick
Hourglass,Veil Hydrating Skin Tint,Skin tint,1 - Fairest with cool undertones,#F1C9AD,241,201,173,83.7,Light,1,No,1,1.11,lighter half,color code,,https://www.hourglasscosmetics.com/products/veil-hydrating-skin-tint
Hourglass,Veil Hydrating Skin Tint,Skin tint,2 - Very fair with warm undertones,#F1C5A6,241,197,166,82.59,Light,1,No,2,0.7,lighter half,color code,,https://www.hourglasscosmetics.com/products/veil-hydrating-skin-tint
Hourglass,Veil Hydrating Skin Tint,Skin tint,9 - Medium with warm undertones,#EBC59F,235,197,159,81.89,Light,1,No,3,0.76,lighter half,color code,,https://www.hourglasscosmetics.com/products/veil-hydrating-skin-tint
Hourglass,Veil Hydrating Skin Tint,Skin tint,4 - Fair with cool undertones,#F2BFA1,242,191,161,81.13,Light,1,No,4,1.85,lighter half,color code,,https://www.hourglasscosmetics.com/products/veil-hydrating-skin-tint
Hourglass,Veil Hydrating Skin Tint,Skin tint,3 - Fair with neutral undertones,#DDBFA7,221,191,167,79.28,Light,1,No,5,1.28,lighter half,color code,,https://www.hourglasscosmetics.com/products/veil-hydrating-skin-tint
Hourglass,Veil Hydrating Skin Tint,Skin tint,5 - Light with warm undertones,#DFB9A8,223,185,168,78,Light,1,No,6,4.16,lighter half,color code,,https://www.hourglasscosmetics.com/products/veil-hydrating-skin-tint
Hourglass,Veil Hydrating Skin Tint,Skin tint,8 - Light medium with cool undertones,#D9AC96,217,172,150,73.84,Medium,2,No,7,2.29,lighter half,color code,,https://www.hourglasscosmetics.com/products/veil-hydrating-skin-tint
Hourglass,Veil Hydrating Skin Tint,Skin tint,6 - Light with cool undertones,#CDA890,205,168,144,71.55,Medium,2,No,8,0.56,lighter half,color code,,https://www.hourglasscosmetics.com/products/veil-hydrating-skin-tint
Hourglass,Veil Hydrating Skin Tint,Skin tint,7 - Light medium with warm undertones,#CEA688,206,166,136,70.99,Medium,2,No,9,0.34,lighter half,color code,,https://www.hourglasscosmetics.com/products/veil-hydrating-skin-tint
Hourglass,Veil Hydrating Skin Tint,Skin tint,10 - Medium with neutral undertones,#D5A285,213,162,133,70.65,Medium,2,No,10,6.3,lighter half,color code,,https://www.hourglasscosmetics.com/products/veil-hydrating-skin-tint
Hourglass,Veil Hydrating Skin Tint,Skin tint,11 - Medium deep with warm undertones,#BF9375,191,147,117,64.35,Medium,2,No,11,1.54,lighter half,color code,,https://www.hourglasscosmetics.com/products/veil-hydrating-skin-tint
Hourglass,Veil Hydrating Skin Tint,Skin tint,12 - Medium deep with neutral undertones,#C58B69,197,139,105,62.81,Medium,2,No,12,6.47,lighter half,color code,,https://www.hourglasscosmetics.com/products/veil-hydrating-skin-tint
Hourglass,Veil Hydrating Skin Tint,Skin tint,13 - Medium deep with neutral undertones,#AD7D58,173,125,88,56.34,Medium,2,No,13,0,deeper half,color code,,https://www.hourglasscosmetics.com/products/veil-hydrating-skin-tint
Hourglass,Veil Hydrating Skin Tint,Skin tint,14 - Medium deep with neutral warm undertones,#AD7D58,173,125,88,56.34,Medium,2,No,14,3.49,deeper half,color code,,https://www.hourglasscosmetics.com/products/veil-hydrating-skin-tint
Hourglass,Veil Hydrating Skin Tint,Skin tint,16 - Deep with cool undertones,#A8724E,168,114,78,52.85,Tan,3,Yes,15,0.29,deeper half,color code,,https://www.hourglasscosmetics.com/products/veil-hydrating-skin-tint
Hourglass,Veil Hydrating Skin Tint,Skin tint,15 - Medium deep with warm undertones,#A8714B,168,113,75,52.56,Tan,3,Yes,16,0.51,deeper half,color code,,https://www.hourglasscosmetics.com/products/veil-hydrating-skin-tint
Hourglass,Veil Hydrating Skin Tint,Skin tint,17 - Deep with warm undertones,#AC6D49,172,109,73,52.05,Tan,3,Yes,17,21.17,deeper half,color code,,https://www.hourglasscosmetics.com/products/veil-hydrating-skin-tint
Hourglass,Veil Hydrating Skin Tint,Skin tint,18 - Deep with neutral undertones,#6A3D2E,106,61,46,30.88,Deep,4,Yes,18,,deeper half,color code,,https://www.hourglasscosmetics.com/products/veil-hydrating-skin-tint
L'Oreal Paris,Age Perfect Radiant Serum Foundation SPF 50,Foundation,10 ivory,#F7DCC0,247,220,192,89.28,Light,1,No,1,4.28,lighter half,color code,,https://www.lorealparisusa.com/makeup/face/foundation-makeup/age-perfect-makeup-radiant-serum-foundation-with-spf-50
L'Oreal Paris,Age Perfect Radiant Serum Foundation SPF 50,Foundation,15 rose ivory,#F7CCAE,247,204,174,85,Light,1,No,2,1.34,lighter half,color code,,https://www.lorealparisusa.com/makeup/face/foundation-makeup/age-perfect-makeup-radiant-serum-foundation-with-spf-50
L'Oreal Paris,Age Perfect Radiant Serum Foundation SPF 50,Foundation,20 golden ivory,#F7C7A7,247,199,167,83.66,Light,1,No,3,1.69,lighter half,color code,,https://www.lorealparisusa.com/makeup/face/foundation-makeup/age-perfect-makeup-radiant-serum-foundation-with-spf-50
L'Oreal Paris,Age Perfect Radiant Serum Foundation SPF 50,Foundation,25 cream beige,#F2C2A7,242,194,167,81.97,Light,1,No,4,0.99,lighter half,color code,,https://www.lorealparisusa.com/makeup/face/foundation-makeup/age-perfect-makeup-radiant-serum-foundation-with-spf-50
L'Oreal Paris,Age Perfect Radiant Serum Foundation SPF 50,Foundation,30 beige rose,#F0BFA3,240,191,163,80.98,Light,1,No,5,1.27,lighter half,color code,,https://www.lorealparisusa.com/makeup/face/foundation-makeup/age-perfect-makeup-radiant-serum-foundation-with-spf-50
L'Oreal Paris,Age Perfect Radiant Serum Foundation SPF 50,Foundation,35 nude beige,#F0BB93,240,187,147,79.71,Light,1,No,6,1.07,lighter half,color code,,https://www.lorealparisusa.com/makeup/face/foundation-makeup/age-perfect-makeup-radiant-serum-foundation-with-spf-50
L'Oreal Paris,Age Perfect Radiant Serum Foundation SPF 50,Foundation,50 golden beige,#EDB890,237,184,144,78.64,Light,1,No,7,0.17,lighter half,color code,,https://www.lorealparisusa.com/makeup/face/foundation-makeup/age-perfect-makeup-radiant-serum-foundation-with-spf-50
L'Oreal Paris,Age Perfect Radiant Serum Foundation SPF 50,Foundation,40 natural buff,#EBB892,235,184,146,78.47,Light,1,No,8,1,lighter half,color code,,https://www.lorealparisusa.com/makeup/face/foundation-makeup/age-perfect-makeup-radiant-serum-foundation-with-spf-50
L'Oreal Paris,Age Perfect Radiant Serum Foundation SPF 50,Foundation,45 golden vanilla,#EBB582,235,181,130,77.47,Light,1,No,9,1.43,lighter half,color code,,https://www.lorealparisusa.com/makeup/face/foundation-makeup/age-perfect-makeup-radiant-serum-foundation-with-spf-50
L'Oreal Paris,Age Perfect Radiant Serum Foundation SPF 50,Foundation,60 ivory beige,#E8B087,232,176,135,76.04,Light,1,No,10,0.4,lighter half,color code,,https://www.lorealparisusa.com/makeup/face/foundation-makeup/age-perfect-makeup-radiant-serum-foundation-with-spf-50
L'Oreal Paris,Age Perfect Radiant Serum Foundation SPF 50,Foundation,55 warm beige,#EBAD87,235,173,135,75.64,Light,1,No,11,1.75,lighter half,color code,,https://www.lorealparisusa.com/makeup/face/foundation-makeup/age-perfect-makeup-radiant-serum-foundation-with-spf-50
L'Oreal Paris,Age Perfect Radiant Serum Foundation SPF 50,Foundation,70 sand,#E0AB80,224,171,128,73.89,Medium,2,No,12,0.62,lighter half,color code,,https://www.lorealparisusa.com/makeup/face/foundation-makeup/age-perfect-makeup-radiant-serum-foundation-with-spf-50
L'Oreal Paris,Age Perfect Radiant Serum Foundation SPF 50,Foundation,65 honey rose,#E6A67D,230,166,125,73.27,Medium,2,No,13,1.82,lighter half,color code,,https://www.lorealparisusa.com/makeup/face/foundation-makeup/age-perfect-makeup-radiant-serum-foundation-with-spf-50
L'Oreal Paris,Age Perfect Radiant Serum Foundation SPF 50,Foundation,75 golden honey,#E3A169,227,161,105,71.45,Medium,2,No,14,3.28,lighter half,color code,,https://www.lorealparisusa.com/makeup/face/foundation-makeup/age-perfect-makeup-radiant-serum-foundation-with-spf-50
L'Oreal Paris,Age Perfect Radiant Serum Foundation SPF 50,Foundation,85 perfect beige,#D6996E,214,153,110,68.17,Medium,2,No,15,0.32,lighter half,color code,,https://www.lorealparisusa.com/makeup/face/foundation-makeup/age-perfect-makeup-radiant-serum-foundation-with-spf-50
L'Oreal Paris,Age Perfect Radiant Serum Foundation SPF 50,Foundation,80 golden sun,#DB9663,219,150,99,67.85,Medium,2,No,16,2.98,lighter half,color code,,https://www.lorealparisusa.com/makeup/face/foundation-makeup/age-perfect-makeup-radiant-serum-foundation-with-spf-50
L'Oreal Paris,Age Perfect Radiant Serum Foundation SPF 50,Foundation,95 amber beige,#D58C67,213,140,103,64.87,Medium,2,No,17,1.25,lighter half,color code,,https://www.lorealparisusa.com/makeup/face/foundation-makeup/age-perfect-makeup-radiant-serum-foundation-with-spf-50
L'Oreal Paris,Age Perfect Radiant Serum Foundation SPF 50,Foundation,90 caramel beige,#C68F57,198,143,87,63.62,Medium,2,No,18,3.17,lighter half,color code,,https://www.lorealparisusa.com/makeup/face/foundation-makeup/age-perfect-makeup-radiant-serum-foundation-with-spf-50
L'Oreal Paris,Age Perfect Radiant Serum Foundation SPF 50,Foundation,100 toffee,#CE7E50,206,126,80,60.45,Medium,2,No,19,0.91,lighter half,color code,,https://www.lorealparisusa.com/makeup/face/foundation-makeup/age-perfect-makeup-radiant-serum-foundation-with-spf-50
L'Oreal Paris,Age Perfect Radiant Serum Foundation SPF 50,Foundation,110 classic tan,#C57F4F,197,127,79,59.54,Medium,2,No,20,3.4,lighter half,color code,,https://www.lorealparisusa.com/makeup/face/foundation-makeup/age-perfect-makeup-radiant-serum-foundation-with-spf-50
L'Oreal Paris,Age Perfect Radiant Serum Foundation SPF 50,Foundation,105 soft sable,#BE7541,190,117,65,56.14,Medium,2,No,21,3.87,lighter half,color code,,https://www.lorealparisusa.com/makeup/face/foundation-makeup/age-perfect-makeup-radiant-serum-foundation-with-spf-50
L'Oreal Paris,Age Perfect Radiant Serum Foundation SPF 50,Foundation,115 hazelnut,#AE6E33,174,110,51,52.27,Tan,3,Yes,22,1.59,deeper half,color code,,https://www.lorealparisusa.com/makeup/face/foundation-makeup/age-perfect-makeup-radiant-serum-foundation-with-spf-50
L'Oreal Paris,Age Perfect Radiant Serum Foundation SPF 50,Foundation,120 almond,#B26531,178,101,49,50.68,Tan,3,Yes,23,4.02,deeper half,color code,,https://www.lorealparisusa.com/makeup/face/foundation-makeup/age-perfect-makeup-radiant-serum-foundation-with-spf-50
L'Oreal Paris,Age Perfect Radiant Serum Foundation SPF 50,Foundation,125 cappuccino,#A35D27,163,93,39,46.66,Tan,3,Yes,24,5.91,deeper half,color code,,https://www.lorealparisusa.com/makeup/face/foundation-makeup/age-perfect-makeup-radiant-serum-foundation-with-spf-50
L'Oreal Paris,Age Perfect Radiant Serum Foundation SPF 50,Foundation,130 sienna,#984A25,152,74,37,40.75,Tan,3,Yes,25,12.34,deeper half,color code,,https://www.lorealparisusa.com/makeup/face/foundation-makeup/age-perfect-makeup-radiant-serum-foundation-with-spf-50
L'Oreal Paris,Age Perfect Radiant Serum Foundation SPF 50,Foundation,135 deep cool,#703015,112,48,21,28.41,Deep,4,Yes,26,5.21,deeper half,color code,,https://www.lorealparisusa.com/makeup/face/foundation-makeup/age-perfect-makeup-radiant-serum-foundation-with-spf-50
L'Oreal Paris,Age Perfect Radiant Serum Foundation SPF 50,Foundation,140 chestnut,#622400,98,36,0,23.2,Deep,4,Yes,27,1.1,deeper half,color code,,https://www.lorealparisusa.com/makeup/face/foundation-makeup/age-perfect-makeup-radiant-serum-foundation-with-spf-50
L'Oreal Paris,Age Perfect Radiant Serum Foundation SPF 50,Foundation,150 deep amber,#572800,87,40,0,22.1,Deep,4,Yes,28,0.01,deeper half,color code,,https://www.lorealparisusa.com/makeup/face/foundation-makeup/age-perfect-makeup-radiant-serum-foundation-with-spf-50
L'Oreal Paris,Age Perfect Radiant Serum Foundation SPF 50,Foundation,145 mahogany,#5E2208,94,34,8,22.09,Deep,4,Yes,29,3.21,deeper half,color code,,https://www.lorealparisusa.com/makeup/face/foundation-makeup/age-perfect-makeup-radiant-serum-foundation-with-spf-50
L'Oreal Paris,Age Perfect Radiant Serum Foundation SPF 50,Foundation,155 espresso,#4D2115,77,33,21,18.88,Deep,4,Yes,30,,deeper half,color code,,https://www.lorealparisusa.com/makeup/face/foundation-makeup/age-perfect-makeup-radiant-serum-foundation-with-spf-50
L'Oreal Paris,Infallible 32H Fresh Wear Foundation,Foundation,390 - snow,#FCE8D9,252,232,217,93.2,Light,1,No,1,1.23,lighter half,color code,,https://www.lorealparisusa.com/makeup/face/foundation-makeup/infallible-32-hour-fresh-wear-foundation-lightweight
L'Oreal Paris,Infallible 32H Fresh Wear Foundation,Foundation,395 - rose pearl,#FCE3D9,252,227,217,91.97,Light,1,No,2,0.16,lighter half,color code,,https://www.lorealparisusa.com/makeup/face/foundation-makeup/infallible-32-hour-fresh-wear-foundation-lightweight
L'Oreal Paris,Infallible 32H Fresh Wear Foundation,Foundation,405 - porcelain,#FCE3D2,252,227,210,91.81,Light,1,No,3,1.2,lighter half,color code,,https://www.lorealparisusa.com/makeup/face/foundation-makeup/infallible-32-hour-fresh-wear-foundation-lightweight
L'Oreal Paris,Infallible 32H Fresh Wear Foundation,Foundation,412 - warm ivory,#FFDEC7,255,222,199,90.61,Light,1,No,4,2.02,lighter half,color code,,https://www.lorealparisusa.com/makeup/face/foundation-makeup/infallible-32-hour-fresh-wear-foundation-lightweight
L'Oreal Paris,Infallible 32H Fresh Wear Foundation,Foundation,411 - beige ivory,#F7D9C2,247,217,194,88.59,Light,1,No,5,0.64,lighter half,color code,,https://www.lorealparisusa.com/makeup/face/foundation-makeup/infallible-32-hour-fresh-wear-foundation-lightweight
L'Oreal Paris,Infallible 32H Fresh Wear Foundation,Foundation,400 - pearl,#F5D7C3,245,215,195,87.95,Light,1,No,6,1.01,lighter half,color code,,https://www.lorealparisusa.com/makeup/face/foundation-makeup/infallible-32-hour-fresh-wear-foundation-lightweight
L'Oreal Paris,Infallible 32H Fresh Wear Foundation,Foundation,410 - ivory,#FAD2B8,250,210,184,86.94,Light,1,No,7,3.47,lighter half,color code,,https://www.lorealparisusa.com/makeup/face/foundation-makeup/infallible-32-hour-fresh-wear-foundation-lightweight
L'Oreal Paris,Infallible 32H Fresh Wear Foundation,Foundation,415 - rose ivory,#F0C8B2,240,200,178,83.47,Light,1,No,8,1.39,lighter half,color code,,https://www.lorealparisusa.com/makeup/face/foundation-makeup/infallible-32-hour-fresh-wear-foundation-lightweight
L'Oreal Paris,Infallible 32H Fresh Wear Foundation,Foundation,425 - linen,#E8C79D,232,199,157,82.08,Light,1,No,9,0.33,lighter half,color code,,https://www.lorealparisusa.com/makeup/face/foundation-makeup/infallible-32-hour-fresh-wear-foundation-lightweight
L'Oreal Paris,Infallible 32H Fresh Wear Foundation,Foundation,420 - true beige,#E9C5A1,233,197,161,81.75,Light,1,No,10,1.05,lighter half,color code,,https://www.lorealparisusa.com/makeup/face/foundation-makeup/infallible-32-hour-fresh-wear-foundation-lightweight
L'Oreal Paris,Infallible 32H Fresh Wear Foundation,Foundation,430 - ivory buff,#E9C19E,233,193,158,80.7,Light,1,No,11,2.76,lighter half,color code,,https://www.lorealparisusa.com/makeup/face/foundation-makeup/infallible-32-hour-fresh-wear-foundation-lightweight
L'Oreal Paris,Infallible 32H Fresh Wear Foundation,Foundation,440 - natural rose,#E6B890,230,184,144,77.94,Light,1,No,12,0.17,lighter half,color code,,https://www.lorealparisusa.com/makeup/face/foundation-makeup/infallible-32-hour-fresh-wear-foundation-lightweight
L'Oreal Paris,Infallible 32H Fresh Wear Foundation,Foundation,435 - rose vanilla,#E6B6A0,230,182,160,77.77,Light,1,No,13,0.18,lighter half,color code,,https://www.lorealparisusa.com/makeup/face/foundation-makeup/infallible-32-hour-fresh-wear-foundation-lightweight
L'Oreal Paris,Infallible 32H Fresh Wear Foundation,Foundation,465 - sand,#DABC83,218,188,131,77.59,Light,1,No,14,1.27,lighter half,color code,,https://www.lorealparisusa.com/makeup/face/foundation-makeup/infallible-32-hour-fresh-wear-foundation-lightweight
L'Oreal Paris,Infallible 32H Fresh Wear Foundation,Foundation,455 - natural buff,#E1B395,225,179,149,76.32,Light,1,No,15,0,lighter half,color code,,https://www.lorealparisusa.com/makeup/face/foundation-makeup/infallible-32-hour-fresh-wear-foundation-lightweight
L'Oreal Paris,Infallible 32H Fresh Wear Foundation,Foundation,450 - rose beige,#E1B395,225,179,149,76.32,Light,1,No,16,0.24,lighter half,color code,,https://www.lorealparisusa.com/makeup/face/foundation-makeup/infallible-32-hour-fresh-wear-foundation-lightweight
L'Oreal Paris,Infallible 32H Fresh Wear Foundation,Foundation,481 - cool sand,#F0AD82,240,173,130,76.08,Light,1,No,17,0.51,lighter half,color code,,https://www.lorealparisusa.com/makeup/face/foundation-makeup/infallible-32-hour-fresh-wear-foundation-lightweight
L'Oreal Paris,Infallible 32H Fresh Wear Foundation,Foundation,445 - vanilla,#E4B083,228,176,131,75.57,Light,1,No,18,1.1,lighter half,color code,,https://www.lorealparisusa.com/makeup/face/foundation-makeup/infallible-32-hour-fresh-wear-foundation-lightweight
L'Oreal Paris,Infallible 32H Fresh Wear Foundation,Foundation,460 - golden beige,#DFAD8B,223,173,139,74.47,Medium,2,No,19,2.86,lighter half,color code,,https://www.lorealparisusa.com/makeup/face/foundation-makeup/infallible-32-hour-fresh-wear-foundation-lightweight
L'Oreal Paris,Infallible 32H Fresh Wear Foundation,Foundation,475 - sun beige,#DEA468,222,164,104,71.61,Medium,2,No,20,0.12,lighter half,color code,,https://www.lorealparisusa.com/makeup/face/foundation-makeup/infallible-32-hour-fresh-wear-foundation-lightweight
L'Oreal Paris,Infallible 32H Fresh Wear Foundation,Foundation,486 - toasted almond,#E0A361,224,163,97,71.49,Medium,2,No,21,0.81,lighter half,color code,,https://www.lorealparisusa.com/makeup/face/foundation-makeup/infallible-32-hour-fresh-wear-foundation-lightweight
L'Oreal Paris,Infallible 32H Fresh Wear Foundation,Foundation,482 - radiant sun,#D6A373,214,163,115,70.68,Medium,2,No,22,0.49,lighter half,color code,,https://www.lorealparisusa.com/makeup/face/foundation-makeup/infallible-32-hour-fresh-wear-foundation-lightweight
L'Oreal Paris,Infallible 32H Fresh Wear Foundation,Foundation,470 - radiant honey,#D5A179,213,161,121,70.19,Medium,2,No,23,0.44,lighter half,color code,,https://www.lorealparisusa.com/makeup/face/foundation-makeup/infallible-32-hour-fresh-wear-foundation-lightweight
L'Oreal Paris,Infallible 32H Fresh Wear Foundation,Foundation,480 - radiant sand,#DC9D6B,220,157,107,69.75,Medium,2,No,24,2.83,lighter half,color code,,https://www.lorealparisusa.com/makeup/face/foundation-makeup/infallible-32-hour-fresh-wear-foundation-lightweight
L'Oreal Paris,Infallible 32H Fresh Wear Foundation,Foundation,485 - golden sun,#D59562,213,149,98,66.92,Medium,2,No,25,0.73,lighter half,color code,,https://www.lorealparisusa.com/makeup/face/foundation-makeup/infallible-32-hour-fresh-wear-foundation-lightweight
L'Oreal Paris,Infallible 32H Fresh Wear Foundation,Foundation,500 - honey bisque,#D9914F,217,145,79,66.19,Medium,2,No,26,1.03,lighter half,color code,,https://www.lorealparisusa.com/makeup/face/foundation-makeup/infallible-32-hour-fresh-wear-foundation-lightweight
L'Oreal Paris,Infallible 32H Fresh Wear Foundation,Foundation,490 - golden amber,#D28F63,210,143,99,65.16,Medium,2,No,27,0.47,lighter half,color code,,https://www.lorealparisusa.com/makeup/face/foundation-makeup/infallible-32-hour-fresh-wear-foundation-lightweight
L'Oreal Paris,Infallible 32H Fresh Wear Foundation,Foundation,488 - caramel,#D68C52,214,140,82,64.69,Medium,2,No,28,0.05,lighter half,color code,,https://www.lorealparisusa.com/makeup/face/foundation-makeup/infallible-32-hour-fresh-wear-foundation-lightweight
L'Oreal Paris,Infallible 32H Fresh Wear Foundation,Foundation,487 - warm almond,#CF8F57,207,143,87,64.64,Medium,2,No,29,1.25,lighter half,color code,,https://www.lorealparisusa.com/makeup/face/foundation-makeup/infallible-32-hour-fresh-wear-foundation-lightweight
L'Oreal Paris,Infallible 32H Fresh Wear Foundation,Foundation,495 - amber,#CB8B63,203,139,99,63.39,Medium,2,No,30,3.78,lighter half,color code,,https://www.lorealparisusa.com/makeup/face/foundation-makeup/infallible-32-hour-fresh-wear-foundation-lightweight
L'Oreal Paris,Infallible 32H Fresh Wear Foundation,Foundation,505 - toffee,#C77E53,199,126,83,59.61,Medium,2,No,31,5.43,lighter half,color code,,https://www.lorealparisusa.com/makeup/face/foundation-makeup/infallible-32-hour-fresh-wear-foundation-lightweight
L'Oreal Paris,Infallible 32H Fresh Wear Foundation,Foundation,510 - hazelnut,#C06C30,192,108,48,54.18,Tan,3,Yes,32,4.25,lighter half,color code,,https://www.lorealparisusa.com/makeup/face/foundation-makeup/infallible-32-hour-fresh-wear-foundation-lightweight
L'Oreal Paris,Infallible 32H Fresh Wear Foundation,Foundation,511 - maple,#B0632F,176,99,47,49.93,Tan,3,Yes,33,7.77,deeper half,color code,,https://www.lorealparisusa.com/makeup/face/foundation-makeup/infallible-32-hour-fresh-wear-foundation-lightweight
L'Oreal Paris,Infallible 32H Fresh Wear Foundation,Foundation,515 - copper,#A04B1F,160,75,31,42.16,Tan,3,Yes,34,4.37,deeper half,color code,,https://www.lorealparisusa.com/makeup/face/foundation-makeup/infallible-32-hour-fresh-wear-foundation-lightweight
L'Oreal Paris,Infallible 32H Fresh Wear Foundation,Foundation,520 - sienna,#93401F,147,64,31,37.79,Tan,3,Yes,35,2.44,deeper half,color code,,https://www.lorealparisusa.com/makeup/face/foundation-makeup/infallible-32-hour-fresh-wear-foundation-lightweight
L'Oreal Paris,Infallible 32H Fresh Wear Foundation,Foundation,525 - deep golden,#8F3804,143,56,4,35.35,Tan,3,Yes,36,3.64,deeper half,color code,,https://www.lorealparisusa.com/makeup/face/foundation-makeup/infallible-32-hour-fresh-wear-foundation-lightweight
L'Oreal Paris,Infallible 32H Fresh Wear Foundation,Foundation,530 - deep amber,#813205,129,50,5,31.71,Deep,4,Yes,37,14.61,deeper half,color code,,https://www.lorealparisusa.com/makeup/face/foundation-makeup/infallible-32-hour-fresh-wear-foundation-lightweight
L'Oreal Paris,Infallible 32H Fresh Wear Foundation,Foundation,535 - espresso,#451F1B,69,31,27,17.1,Deep,4,Yes,38,1.99,deeper half,color code,,https://www.lorealparisusa.com/makeup/face/foundation-makeup/infallible-32-hour-fresh-wear-foundation-lightweight
L'Oreal Paris,Infallible 32H Fresh Wear Foundation,Foundation,540 - mahogany,#411A18,65,26,24,15.11,Deep,4,Yes,39,1.38,deeper half,color code,,https://www.lorealparisusa.com/makeup/face/foundation-makeup/infallible-32-hour-fresh-wear-foundation-lightweight
L'Oreal Paris,Infallible 32H Fresh Wear Foundation,Foundation,545 - foundation ebony,#321D24,50,29,36,13.73,Deep,4,Yes,40,,deeper half,color code,,https://www.lorealparisusa.com/makeup/face/foundation-makeup/infallible-32-hour-fresh-wear-foundation-lightweight
L'Oreal Paris,Infallible Cushion Foundation,Foundation,15 cool,#FDE7DA,253,231,218,93.06,Light,1,No,1,1.76,lighter half,color code,,https://www.lorealparisusa.com/makeup/face/foundation-makeup/infallible-cushion-foundation
L'Oreal Paris,Infallible Cushion Foundation,Foundation,20 cool,#FDE1CD,253,225,205,91.3,Light,1,No,2,2.06,lighter half,color code,,https://www.lorealparisusa.com/makeup/face/foundation-makeup/infallible-cushion-foundation
L'Oreal Paris,Infallible Cushion Foundation,Foundation,50 neutral,#F6DCC2,246,220,194,89.24,Light,1,No,3,1.79,lighter half,color code,,https://www.lorealparisusa.com/makeup/face/foundation-makeup/infallible-cushion-foundation
L'Oreal Paris,Infallible Cushion Foundation,Foundation,100 neutral,#F8D5B6,248,213,182,87.45,Light,1,No,4,2.02,lighter half,color code,,https://www.lorealparisusa.com/makeup/face/foundation-makeup/infallible-cushion-foundation
L'Oreal Paris,Infallible Cushion Foundation,Foundation,120 warm,#F0D0B2,240,208,178,85.43,Light,1,No,5,0.41,lighter half,color code,,https://www.lorealparisusa.com/makeup/face/foundation-makeup/infallible-cushion-foundation
L'Oreal Paris,Infallible Cushion Foundation,Foundation,127 neutral,#EDCFB7,237,207,183,85.02,Light,1,No,6,0.98,lighter half,color code,,https://www.lorealparisusa.com/makeup/face/foundation-makeup/infallible-cushion-foundation
L'Oreal Paris,Infallible Cushion Foundation,Foundation,130 warm,#F0CBAA,240,203,170,84.04,Light,1,No,7,1.71,lighter half,color code,,https://www.lorealparisusa.com/makeup/face/foundation-makeup/infallible-cushion-foundation
L'Oreal Paris,Infallible Cushion Foundation,Foundation,220 cool,#F1C598,241,197,152,82.33,Light,1,No,8,0.61,lighter half,color code,,https://www.lorealparisusa.com/makeup/face/foundation-makeup/infallible-cushion-foundation
L'Oreal Paris,Infallible Cushion Foundation,Foundation,140 neutral,#EDC3A6,237,195,166,81.72,Light,1,No,9,2.38,lighter half,color code,,https://www.lorealparisusa.com/makeup/face/foundation-makeup/infallible-cushion-foundation
L'Oreal Paris,Infallible Cushion Foundation,Foundation,250 neutral,#E9BC97,233,188,151,79.34,Light,1,No,10,3.17,lighter half,color code,,https://www.lorealparisusa.com/makeup/face/foundation-makeup/infallible-cushion-foundation
L'Oreal Paris,Infallible Cushion Foundation,Foundation,257 warm,#E5B284,229,178,132,76.17,Light,1,No,11,0.02,lighter half,color code,,https://www.lorealparisusa.com/makeup/face/foundation-makeup/infallible-cushion-foundation
L'Oreal Paris,Infallible Cushion Foundation,Foundation,260 warm,#E6B18B,230,177,139,76.15,Light,1,No,12,1.14,lighter half,color code,,https://www.lorealparisusa.com/makeup/face/foundation-makeup/infallible-cushion-foundation
L'Oreal Paris,Infallible Cushion Foundation,Foundation,253 warm,#DDB08B,221,176,139,75.01,Light,1,No,13,5.24,lighter half,color code,,https://www.lorealparisusa.com/makeup/face/foundation-makeup/infallible-cushion-foundation
L'Oreal Paris,Infallible Cushion Foundation,Foundation,300 cool,#D59F7D,213,159,125,69.77,Medium,2,No,14,5.49,lighter half,color code,,https://www.lorealparisusa.com/makeup/face/foundation-makeup/infallible-cushion-foundation
L'Oreal Paris,Infallible Cushion Foundation,Foundation,320 cool,#C89064,200,144,100,64.28,Medium,2,No,15,9.19,lighter half,color code,,https://www.lorealparisusa.com/makeup/face/foundation-makeup/infallible-cushion-foundation
L'Oreal Paris,Infallible Cushion Foundation,Foundation,365 neutral,#B8734F,184,115,79,55.09,Medium,2,No,16,7.13,deeper half,color code,,https://www.lorealparisusa.com/makeup/face/foundation-makeup/infallible-cushion-foundation
L'Oreal Paris,Infallible Cushion Foundation,Foundation,370 cool,#A2623E,162,98,62,47.96,Tan,3,Yes,17,9.12,deeper half,color code,,https://www.lorealparisusa.com/makeup/face/foundation-makeup/infallible-cushion-foundation
L'Oreal Paris,Infallible Cushion Foundation,Foundation,384 neutral,#7F503B,127,80,59,38.84,Tan,3,Yes,18,10.9,deeper half,color code,,https://www.lorealparisusa.com/makeup/face/foundation-makeup/infallible-cushion-foundation
L'Oreal Paris,Infallible Cushion Foundation,Foundation,410 cool,#67341E,103,52,30,27.94,Deep,4,Yes,19,6.98,deeper half,color code,,https://www.lorealparisusa.com/makeup/face/foundation-makeup/infallible-cushion-foundation
L'Oreal Paris,Infallible Cushion Foundation,Foundation,420 cool,#4D2919,77,41,25,20.96,Deep,4,Yes,20,,deeper half,color code,,https://www.lorealparisusa.com/makeup/face/foundation-makeup/infallible-cushion-foundation
L'Oreal Paris,Infallible Pro-Glow Foundation,Foundation,201 classic ivory,#FAC7AA,250,199,170,84,Light,1,No,1,6.07,lighter half,color code,,https://www.lorealparisusa.com/makeup/face/foundation-makeup/infallible-pro-glow-foundation
L'Oreal Paris,Infallible Pro-Glow Foundation,Foundation,202 creamy natural,#EDB683,237,182,131,77.93,Light,1,No,2,1.67,lighter half,color code,,https://www.lorealparisusa.com/makeup/face/foundation-makeup/infallible-pro-glow-foundation
L'Oreal Paris,Infallible Pro-Glow Foundation,Foundation,203 nude beige,#E5B289,229,178,137,76.26,Light,1,No,3,1.68,lighter half,color code,,https://www.lorealparisusa.com/makeup/face/foundation-makeup/infallible-pro-glow-foundation
L'Oreal Paris,Infallible Pro-Glow Foundation,Foundation,204 natural buff,#E1AD86,225,173,134,74.58,Medium,2,No,4,1.65,lighter half,color code,,https://www.lorealparisusa.com/makeup/face/foundation-makeup/infallible-pro-glow-foundation
L'Oreal Paris,Infallible Pro-Glow Foundation,Foundation,205 natural beige,#DAAA7A,218,170,122,72.93,Medium,2,No,5,1.26,lighter half,color code,,https://www.lorealparisusa.com/makeup/face/foundation-makeup/infallible-pro-glow-foundation
L'Oreal Paris,Infallible Pro-Glow Foundation,Foundation,207 sand beige,#DAA578,218,165,120,71.67,Medium,2,No,6,4.83,lighter half,color code,,https://www.lorealparisusa.com/makeup/face/foundation-makeup/infallible-pro-glow-foundation
L'Oreal Paris,Infallible Pro-Glow Foundation,Foundation,208 sun beige,#CD9867,205,152,103,66.84,Medium,2,No,7,0.27,lighter half,color code,,https://www.lorealparisusa.com/makeup/face/foundation-makeup/infallible-pro-glow-foundation
L'Oreal Paris,Infallible Pro-Glow Foundation,Foundation,206 buff beige,#C99871,201,152,113,66.57,Medium,2,No,8,1.59,lighter half,color code,,https://www.lorealparisusa.com/makeup/face/foundation-makeup/infallible-pro-glow-foundation
L'Oreal Paris,Infallible Pro-Glow Foundation,Foundation,209 caramel beige,#CA9351,202,147,81,64.98,Medium,2,No,9,2.62,lighter half,color code,,https://www.lorealparisusa.com/makeup/face/foundation-makeup/infallible-pro-glow-foundation
L'Oreal Paris,Infallible Pro-Glow Foundation,Foundation,210 classic tan,#C28C51,194,140,81,62.36,Medium,2,No,10,2.28,deeper half,color code,,https://www.lorealparisusa.com/makeup/face/foundation-makeup/infallible-pro-glow-foundation
L'Oreal Paris,Infallible Pro-Glow Foundation,Foundation,211 creme cafe,#C4824B,196,130,75,60.08,Medium,2,No,11,18.62,deeper half,color code,,https://www.lorealparisusa.com/makeup/face/foundation-makeup/infallible-pro-glow-foundation
L'Oreal Paris,Infallible Pro-Glow Foundation,Foundation,212 cocoa,#974E24,151,78,36,41.46,Tan,3,Yes,12,,deeper half,color code,,https://www.lorealparisusa.com/makeup/face/foundation-makeup/infallible-pro-glow-foundation
L'Oreal Paris,Infallible Pro-Matte Foundation,Foundation,true porcelain 099,#FADCC8,250,220,200,89.71,Light,1,No,1,1.3,lighter half,color code,,https://www.lorealparisusa.com/makeup/face/foundation-makeup/infallible-pro-matte-foundation
L'Oreal Paris,Infallible Pro-Matte Foundation,Foundation,true alabaster 100,#FCD6C7,252,214,199,88.41,Light,1,No,2,3.83,lighter half,color code,,https://www.lorealparisusa.com/makeup/face/foundation-makeup/infallible-pro-matte-foundation
L'Oreal Paris,Infallible Pro-Matte Foundation,Foundation,ivory buff 101.5,#F7CAB1,247,202,177,84.58,Light,1,No,3,1.64,lighter half,color code,,https://www.lorealparisusa.com/makeup/face/foundation-makeup/infallible-pro-matte-foundation
L'Oreal Paris,Infallible Pro-Matte Foundation,Foundation,classic ivory 101,#F3C6A2,243,198,162,82.94,Light,1,No,4,4.98,lighter half,color code,,https://www.lorealparisusa.com/makeup/face/foundation-makeup/infallible-pro-matte-foundation
L'Oreal Paris,Infallible Pro-Matte Foundation,Foundation,golden beige 104,#EEB67E,238,182,126,77.96,Light,1,No,5,1.05,lighter half,color code,,https://www.lorealparisusa.com/makeup/face/foundation-makeup/infallible-pro-matte-foundation
L'Oreal Paris,Infallible Pro-Matte Foundation,Foundation,natural beige 105,#E8B481,232,180,129,76.91,Light,1,No,6,1.43,lighter half,color code,,https://www.lorealparisusa.com/makeup/face/foundation-makeup/infallible-pro-matte-foundation
L'Oreal Paris,Infallible Pro-Matte Foundation,Foundation,nude buff 104.5,#DEB09E,222,176,158,75.48,Light,1,No,7,0.35,lighter half,color code,,https://www.lorealparisusa.com/makeup/face/foundation-makeup/infallible-pro-matte-foundation
L'Oreal Paris,Infallible Pro-Matte Foundation,Foundation,natural buff 103,#E7AD82,231,173,130,75.13,Light,1,No,8,0.05,lighter half,color code,,https://www.lorealparisusa.com/makeup/face/foundation-makeup/infallible-pro-matte-foundation
L'Oreal Paris,Infallible Pro-Matte Foundation,Foundation,shell beige 102,#E5AD8B,229,173,139,75.08,Light,1,No,9,4.24,lighter half,color code,,https://www.lorealparisusa.com/makeup/face/foundation-makeup/infallible-pro-matte-foundation
L'Oreal Paris,Infallible Pro-Matte Foundation,Foundation,shell 106.5,#D1A396,209,163,150,70.84,Medium,2,No,10,0.01,lighter half,color code,,https://www.lorealparisusa.com/makeup/face/foundation-makeup/infallible-pro-matte-foundation
L'Oreal Paris,Infallible Pro-Matte Foundation,Foundation,sun beige 106,#DAA271,218,162,113,70.83,Medium,2,No,11,1.06,lighter half,color code,,https://www.lorealparisusa.com/makeup/face/foundation-makeup/infallible-pro-matte-foundation
L'Oreal Paris,Infallible Pro-Matte Foundation,Foundation,crème café 110,#DA9E6B,218,158,107,69.77,Medium,2,No,12,0.63,lighter half,color code,,https://www.lorealparisusa.com/makeup/face/foundation-makeup/infallible-pro-matte-foundation
L'Oreal Paris,Infallible Pro-Matte Foundation,Foundation,fresh beige 107,#D49E6C,212,158,108,69.14,Medium,2,No,13,0.74,lighter half,color code,,https://www.lorealparisusa.com/makeup/face/foundation-makeup/infallible-pro-matte-foundation
L'Oreal Paris,Infallible Pro-Matte Foundation,Foundation,ivory beige 107.5,#CF9C7D,207,156,125,68.4,Medium,2,No,14,0.19,lighter half,color code,,https://www.lorealparisusa.com/makeup/face/foundation-makeup/infallible-pro-matte-foundation
L'Oreal Paris,Infallible Pro-Matte Foundation,Foundation,honey bisque 108.5,#D99959,217,153,89,68.21,Medium,2,No,15,8.09,lighter half,color code,,https://www.lorealparisusa.com/makeup/face/foundation-makeup/infallible-pro-matte-foundation
L'Oreal Paris,Infallible Pro-Matte Foundation,Foundation,caramel beige 108,#C0844E,192,132,78,60.12,Medium,2,No,16,1.04,lighter half,color code,,https://www.lorealparisusa.com/makeup/face/foundation-makeup/infallible-pro-matte-foundation
L'Oreal Paris,Infallible Pro-Matte Foundation,Foundation,classic tan 109,#C27F48,194,127,72,59.08,Medium,2,No,17,3.24,lighter half,color code,,https://www.lorealparisusa.com/makeup/face/foundation-makeup/infallible-pro-matte-foundation
L'Oreal Paris,Infallible Pro-Matte Foundation,Foundation,soft sable 111,#B87740,184,119,64,55.84,Medium,2,No,18,13.74,lighter half,color code,,https://www.lorealparisusa.com/makeup/face/foundation-makeup/infallible-pro-matte-foundation
L'Oreal Paris,Infallible Pro-Matte Foundation,Foundation,cocoa 112,#925422,146,84,34,42.1,Tan,3,Yes,19,7.21,deeper half,color code,,https://www.lorealparisusa.com/makeup/face/foundation-makeup/infallible-pro-matte-foundation
L'Oreal Paris,Infallible Pro-Matte Foundation,Foundation,brown suede 113,#754728,117,71,40,34.89,Deep,4,Yes,20,13.31,deeper half,color code,,https://www.lorealparisusa.com/makeup/face/foundation-makeup/infallible-pro-matte-foundation
L'Oreal Paris,Infallible Pro-Matte Foundation,Foundation,rich chocolate 114,#4D2C0A,77,44,10,21.58,Deep,4,Yes,21,3.11,deeper half,color code,,https://www.lorealparisusa.com/makeup/face/foundation-makeup/infallible-pro-matte-foundation
L'Oreal Paris,Infallible Pro-Matte Foundation,Foundation,rich ebony 115,#4D2006,77,32,6,18.47,Deep,4,Yes,22,,deeper half,color code,,https://www.lorealparisusa.com/makeup/face/foundation-makeup/infallible-pro-matte-foundation
L'Oreal Paris,Infallible Skin Ink 2-in-1 Foundation Concealer,Foundation,15 neutral,#F7DECD,247,222,205,90.06,Light,1,No,1,1.56,lighter half,color code,,https://www.lorealparisusa.com/makeup/face/foundation-makeup/infallible-skin-ink-2-in-1-foundation-concealer
L'Oreal Paris,Infallible Skin Ink 2-in-1 Foundation Concealer,Foundation,20 neutral,#F6D9C2,246,217,194,88.5,Light,1,No,2,1.25,lighter half,color code,,https://www.lorealparisusa.com/makeup/face/foundation-makeup/infallible-skin-ink-2-in-1-foundation-concealer
L'Oreal Paris,Infallible Skin Ink 2-in-1 Foundation Concealer,Foundation,40 warm,#F1D6BE,241,214,190,87.25,Light,1,No,3,2.73,lighter half,color code,,https://www.lorealparisusa.com/makeup/face/foundation-makeup/infallible-skin-ink-2-in-1-foundation-concealer
L'Oreal Paris,Infallible Skin Ink 2-in-1 Foundation Concealer,Foundation,80 warm,#EFCDAE,239,205,174,84.52,Light,1,No,4,5.31,lighter half,color code,,https://www.lorealparisusa.com/makeup/face/foundation-makeup/infallible-skin-ink-2-in-1-foundation-concealer
L'Oreal Paris,Infallible Skin Ink 2-in-1 Foundation Concealer,Foundation,100 warm,#E4BD9C,228,189,156,79.21,Light,1,No,5,1.81,lighter half,color code,,https://www.lorealparisusa.com/makeup/face/foundation-makeup/infallible-skin-ink-2-in-1-foundation-concealer
L'Oreal Paris,Infallible Skin Ink 2-in-1 Foundation Concealer,Foundation,130 cool,#E2B6A1,226,182,161,77.4,Light,1,No,6,0.56,lighter half,color code,,https://www.lorealparisusa.com/makeup/face/foundation-makeup/infallible-skin-ink-2-in-1-foundation-concealer
L'Oreal Paris,Infallible Skin Ink 2-in-1 Foundation Concealer,Foundation,125 warm,#E2B591,226,181,145,76.84,Light,1,No,7,0.66,lighter half,color code,,https://www.lorealparisusa.com/makeup/face/foundation-makeup/infallible-skin-ink-2-in-1-foundation-concealer
L'Oreal Paris,Infallible Skin Ink 2-in-1 Foundation Concealer,Foundation,140 warm,#E2B388,226,179,136,76.18,Light,1,No,8,3.79,lighter half,color code,,https://www.lorealparisusa.com/makeup/face/foundation-makeup/infallible-skin-ink-2-in-1-foundation-concealer
L'Oreal Paris,Infallible Skin Ink 2-in-1 Foundation Concealer,Foundation,180 cool,#E0A57D,224,165,125,72.39,Medium,2,No,9,3.44,lighter half,color code,,https://www.lorealparisusa.com/makeup/face/foundation-makeup/infallible-skin-ink-2-in-1-foundation-concealer
L'Oreal Paris,Infallible Skin Ink 2-in-1 Foundation Concealer,Foundation,270 warm,#D49D70,212,157,112,68.95,Medium,2,No,10,0.49,lighter half,color code,,https://www.lorealparisusa.com/makeup/face/foundation-makeup/infallible-skin-ink-2-in-1-foundation-concealer
L'Oreal Paris,Infallible Skin Ink 2-in-1 Foundation Concealer,Foundation,265 neutral,#D69A71,214,154,113,68.46,Medium,2,No,11,1.16,lighter half,color code,,https://www.lorealparisusa.com/makeup/face/foundation-makeup/infallible-skin-ink-2-in-1-foundation-concealer
L'Oreal Paris,Infallible Skin Ink 2-in-1 Foundation Concealer,Foundation,290 warm,#CF9967,207,153,103,67.3,Medium,2,No,12,8.91,lighter half,color code,,https://www.lorealparisusa.com/makeup/face/foundation-makeup/infallible-skin-ink-2-in-1-foundation-concealer
L'Oreal Paris,Infallible Skin Ink 2-in-1 Foundation Concealer,Foundation,318 cool,#BA7F5B,186,127,91,58.39,Medium,2,No,13,2.98,lighter half,color code,,https://www.lorealparisusa.com/makeup/face/foundation-makeup/infallible-skin-ink-2-in-1-foundation-concealer
L'Oreal Paris,Infallible Skin Ink 2-in-1 Foundation Concealer,Foundation,325 warm,#B5764E,181,118,78,55.41,Medium,2,No,14,5.32,lighter half,color code,,https://www.lorealparisusa.com/makeup/face/foundation-makeup/infallible-skin-ink-2-in-1-foundation-concealer
L'Oreal Paris,Infallible Skin Ink 2-in-1 Foundation Concealer,Foundation,375 warm,#A56942,165,105,66,50.09,Tan,3,Yes,15,9.05,deeper half,color code,,https://www.lorealparisusa.com/makeup/face/foundation-makeup/infallible-skin-ink-2-in-1-foundation-concealer
L'Oreal Paris,Infallible Skin Ink 2-in-1 Foundation Concealer,Foundation,400 cool,#934E33,147,78,51,41.04,Tan,3,Yes,16,4.14,deeper half,color code,,https://www.lorealparisusa.com/makeup/face/foundation-makeup/infallible-skin-ink-2-in-1-foundation-concealer
L'Oreal Paris,Infallible Skin Ink 2-in-1 Foundation Concealer,Foundation,420 neutral,#81482C,129,72,44,36.9,Tan,3,Yes,17,3.86,deeper half,color code,,https://www.lorealparisusa.com/makeup/face/foundation-makeup/infallible-skin-ink-2-in-1-foundation-concealer
L'Oreal Paris,Infallible Skin Ink 2-in-1 Foundation Concealer,Foundation,430 cool,#773E2D,119,62,45,33.04,Deep,4,Yes,18,1.48,deeper half,color code,,https://www.lorealparisusa.com/makeup/face/foundation-makeup/infallible-skin-ink-2-in-1-foundation-concealer
L'Oreal Paris,Infallible Skin Ink 2-in-1 Foundation Concealer,Foundation,440 neutral,#6F3D2B,111,61,43,31.56,Deep,4,Yes,19,0,deeper half,color code,,https://www.lorealparisusa.com/makeup/face/foundation-makeup/infallible-skin-ink-2-in-1-foundation-concealer
L'Oreal Paris,Infallible Skin Ink 2-in-1 Foundation Concealer,Foundation,450 cool,#6F3D2B,111,61,43,31.56,Deep,4,Yes,20,7.92,deeper half,color code,,https://www.lorealparisusa.com/makeup/face/foundation-makeup/infallible-skin-ink-2-in-1-foundation-concealer
L'Oreal Paris,Infallible Skin Ink 2-in-1 Foundation Concealer,Foundation,460 neutral,#592C18,89,44,24,23.64,Deep,4,Yes,21,4.64,deeper half,color code,,https://www.lorealparisusa.com/makeup/face/foundation-makeup/infallible-skin-ink-2-in-1-foundation-concealer
L'Oreal Paris,Infallible Skin Ink 2-in-1 Foundation Concealer,Foundation,465 cool,#4A231D,74,35,29,19,Deep,4,Yes,22,,deeper half,color code,,https://www.lorealparisusa.com/makeup/face/foundation-makeup/infallible-skin-ink-2-in-1-foundation-concealer
L'Oreal Paris,Lumi Le Glow Skin Tint,Skin tint,cool 100,#F3D6C1,243,214,193,87.48,Light,1,No,1,0.36,lighter half,color code,,https://www.lorealparisusa.com/makeup/face/foundation-makeup/lumi-le-glow-tint
L'Oreal Paris,Lumi Le Glow Skin Tint,Skin tint,warm 110,#F5D5B3,245,213,179,87.12,Light,1,No,2,3.97,lighter half,color code,,https://www.lorealparisusa.com/makeup/face/foundation-makeup/lumi-le-glow-tint
L'Oreal Paris,Lumi Le Glow Skin Tint,Skin tint,neutral 120,#F1C7AA,241,199,170,83.15,Light,1,No,3,3.62,lighter half,color code,,https://www.lorealparisusa.com/makeup/face/foundation-makeup/lumi-le-glow-tint
L'Oreal Paris,Lumi Le Glow Skin Tint,Skin tint,warm 130,#E7BE91,231,190,145,79.53,Light,1,No,4,2.45,lighter half,color code,,https://www.lorealparisusa.com/makeup/face/foundation-makeup/lumi-le-glow-tint
L'Oreal Paris,Lumi Le Glow Skin Tint,Skin tint,cool 140,#E6B496,230,180,150,77.08,Light,1,No,5,1.89,lighter half,color code,,https://www.lorealparisusa.com/makeup/face/foundation-makeup/lumi-le-glow-tint
L'Oreal Paris,Lumi Le Glow Skin Tint,Skin tint,neutral 200,#DAB28A,218,178,138,75.19,Light,1,No,6,3.96,lighter half,color code,,https://www.lorealparisusa.com/makeup/face/foundation-makeup/lumi-le-glow-tint
L'Oreal Paris,Lumi Le Glow Skin Tint,Skin tint,neutral 210,#D4A582,212,165,130,71.23,Medium,2,No,7,2.52,lighter half,color code,,https://www.lorealparisusa.com/makeup/face/foundation-makeup/lumi-le-glow-tint
L'Oreal Paris,Lumi Le Glow Skin Tint,Skin tint,warm 220,#D39D67,211,157,103,68.71,Medium,2,No,8,5.88,lighter half,color code,,https://www.lorealparisusa.com/makeup/face/foundation-makeup/lumi-le-glow-tint
L'Oreal Paris,Lumi Le Glow Skin Tint,Skin tint,neutral 230,#C28D61,194,141,97,62.83,Medium,2,No,9,6.92,lighter half,color code,,https://www.lorealparisusa.com/makeup/face/foundation-makeup/lumi-le-glow-tint
L'Oreal Paris,Lumi Le Glow Skin Tint,Skin tint,neutral 300,#A87E50,168,126,80,55.91,Medium,2,No,10,0.84,lighter half,color code,,https://www.lorealparisusa.com/makeup/face/foundation-makeup/lumi-le-glow-tint
L'Oreal Paris,Lumi Le Glow Skin Tint,Skin tint,warm 310,#AE784F,174,120,79,55.07,Medium,2,No,11,6.34,lighter half,color code,,https://www.lorealparisusa.com/makeup/face/foundation-makeup/lumi-le-glow-tint
L'Oreal Paris,Lumi Le Glow Skin Tint,Skin tint,cool 320,#9B684B,155,104,75,48.73,Tan,3,Yes,12,7.37,deeper half,color code,,https://www.lorealparisusa.com/makeup/face/foundation-makeup/lumi-le-glow-tint
L'Oreal Paris,Lumi Le Glow Skin Tint,Skin tint,neutral 400,#845740,132,87,64,41.36,Tan,3,Yes,13,12.18,deeper half,color code,,https://www.lorealparisusa.com/makeup/face/foundation-makeup/lumi-le-glow-tint
L'Oreal Paris,Lumi Le Glow Skin Tint,Skin tint,neutral 420,#623B2C,98,59,44,29.18,Deep,4,Yes,14,0.31,deeper half,color code,,https://www.lorealparisusa.com/makeup/face/foundation-makeup/lumi-le-glow-tint
L'Oreal Paris,Lumi Le Glow Skin Tint,Skin tint,cool 410,#6A361C,106,54,28,28.87,Deep,4,Yes,15,11.96,deeper half,color code,,https://www.lorealparisusa.com/makeup/face/foundation-makeup/lumi-le-glow-tint
L'Oreal Paris,Lumi Le Glow Skin Tint,Skin tint,cool 430,#3E2316,62,35,22,16.91,Deep,4,Yes,16,,deeper half,color code,,https://www.lorealparisusa.com/makeup/face/foundation-makeup/lumi-le-glow-tint
L'Oreal Paris,True Match Hyaluron Tinted Balm Foundation,Foundation,1 very light,#F7D7BE,247,215,190,88.01,Light,1,No,1,4.59,lighter half,color code,,https://www.lorealparisusa.com/makeup/face/foundation-makeup/true-match-hyaluron-tinted-balm-foundation
L'Oreal Paris,True Match Hyaluron Tinted Balm Foundation,Foundation,2 rosy light,#F3C7AE,243,199,174,83.42,Light,1,No,2,1.12,lighter half,color code,,https://www.lorealparisusa.com/makeup/face/foundation-makeup/true-match-hyaluron-tinted-balm-foundation
L'Oreal Paris,True Match Hyaluron Tinted Balm Foundation,Foundation,2.5 neutral light,#EFC5A1,239,197,161,82.3,Light,1,No,3,4.09,lighter half,color code,,https://www.lorealparisusa.com/makeup/face/foundation-makeup/true-match-hyaluron-tinted-balm-foundation
L'Oreal Paris,True Match Hyaluron Tinted Balm Foundation,Foundation,3 light,#E6B991,230,185,145,78.21,Light,1,No,4,4.08,lighter half,color code,,https://www.lorealparisusa.com/makeup/face/foundation-makeup/true-match-hyaluron-tinted-balm-foundation
L'Oreal Paris,True Match Hyaluron Tinted Balm Foundation,Foundation,4 medium light,#E2AB82,226,171,130,74.13,Medium,2,No,5,4.81,lighter half,color code,,https://www.lorealparisusa.com/makeup/face/foundation-makeup/true-match-hyaluron-tinted-balm-foundation
L'Oreal Paris,True Match Hyaluron Tinted Balm Foundation,Foundation,5 medium,#D09F81,208,159,129,69.32,Medium,2,No,6,0.51,lighter half,color code,,https://www.lorealparisusa.com/makeup/face/foundation-makeup/true-match-hyaluron-tinted-balm-foundation
L'Oreal Paris,True Match Hyaluron Tinted Balm Foundation,Foundation,6 medium tan,#DA9A6B,218,154,107,68.81,Medium,2,No,7,13.55,lighter half,color code,,https://www.lorealparisusa.com/makeup/face/foundation-makeup/true-match-hyaluron-tinted-balm-foundation
L'Oreal Paris,True Match Hyaluron Tinted Balm Foundation,Foundation,7 tan,#B57643,181,118,67,55.26,Medium,2,No,8,2.24,deeper half,color code,,https://www.lorealparisusa.com/makeup/face/foundation-makeup/true-match-hyaluron-tinted-balm-foundation
L'Oreal Paris,True Match Hyaluron Tinted Balm Foundation,Foundation,8 tan deep,#AD7051,173,112,81,53.02,Tan,3,Yes,9,8.73,deeper half,color code,,https://www.lorealparisusa.com/makeup/face/foundation-makeup/true-match-hyaluron-tinted-balm-foundation
L'Oreal Paris,True Match Hyaluron Tinted Balm Foundation,Foundation,9 deep,#955A3D,149,90,61,44.29,Tan,3,Yes,10,6.98,deeper half,color code,,https://www.lorealparisusa.com/makeup/face/foundation-makeup/true-match-hyaluron-tinted-balm-foundation
L'Oreal Paris,True Match Hyaluron Tinted Balm Foundation,Foundation,10 neutral deep,#834834,131,72,52,37.31,Tan,3,Yes,11,7.03,deeper half,color code,,https://www.lorealparisusa.com/makeup/face/foundation-makeup/true-match-hyaluron-tinted-balm-foundation
L'Oreal Paris,True Match Hyaluron Tinted Balm Foundation,Foundation,11 very deep,#683C2B,104,60,43,30.28,Deep,4,Yes,12,,deeper half,color code,,https://www.lorealparisusa.com/makeup/face/foundation-makeup/true-match-hyaluron-tinted-balm-foundation
L'Oreal Paris,True Match Lumi Healthy Luminous Makeup,Foundation,porcelain/ light ivory,#F6D6BC,246,214,188,87.64,Light,1,No,1,1.96,lighter half,color code,,https://www.lorealparisusa.com/makeup/face/foundation-makeup/true-match-lumi-healthy-luminous-makeup
L'Oreal Paris,True Match Lumi Healthy Luminous Makeup,Foundation,nude beige,#F0D1B2,240,209,178,85.68,Light,1,No,2,6.44,lighter half,color code,,https://www.lorealparisusa.com/makeup/face/foundation-makeup/true-match-lumi-healthy-luminous-makeup
L'Oreal Paris,True Match Lumi Healthy Luminous Makeup,Foundation,natural buff,#E5BD99,229,189,153,79.24,Light,1,No,3,5.9,lighter half,color code,,https://www.lorealparisusa.com/makeup/face/foundation-makeup/true-match-lumi-healthy-luminous-makeup
L'Oreal Paris,True Match Lumi Healthy Luminous Makeup,Foundation,soft ivory/classic ivory,#D4AD89,212,173,137,73.34,Medium,2,No,4,0.03,lighter half,color code,,https://www.lorealparisusa.com/makeup/face/foundation-makeup/true-match-lumi-healthy-luminous-makeup
L'Oreal Paris,True Match Lumi Healthy Luminous Makeup,Foundation,shell beige,#DBAA8A,219,170,138,73.31,Medium,2,No,5,0.07,lighter half,color code,,https://www.lorealparisusa.com/makeup/face/foundation-makeup/true-match-lumi-healthy-luminous-makeup
L'Oreal Paris,True Match Lumi Healthy Luminous Makeup,Foundation,sun beige,#C8B27A,200,178,122,73.24,Medium,2,No,6,3.11,lighter half,color code,,https://www.lorealparisusa.com/makeup/face/foundation-makeup/true-match-lumi-healthy-luminous-makeup
L'Oreal Paris,True Match Lumi Healthy Luminous Makeup,Foundation,natural beige,#CFA37D,207,163,125,70.13,Medium,2,No,7,0.59,lighter half,color code,,https://www.lorealparisusa.com/makeup/face/foundation-makeup/true-match-lumi-healthy-luminous-makeup
L'Oreal Paris,True Match Lumi Healthy Luminous Makeup,Foundation,true beige,#CEA17D,206,161,125,69.54,Medium,2,No,8,1.31,lighter half,color code,,https://www.lorealparisusa.com/makeup/face/foundation-makeup/true-match-lumi-healthy-luminous-makeup
L'Oreal Paris,True Match Lumi Healthy Luminous Makeup,Foundation,sand beige,#CB9D7D,203,157,125,68.23,Medium,2,No,9,0.47,deeper half,color code,,https://www.lorealparisusa.com/makeup/face/foundation-makeup/true-match-lumi-healthy-luminous-makeup
L'Oreal Paris,True Match Lumi Healthy Luminous Makeup,Foundation,buff beige,#C99C7C,201,156,124,67.76,Medium,2,No,10,0.45,deeper half,color code,,https://www.lorealparisusa.com/makeup/face/foundation-makeup/true-match-lumi-healthy-luminous-makeup
L'Oreal Paris,True Match Lumi Healthy Luminous Makeup,Foundation,classic beige,#C79B7C,199,155,124,67.31,Medium,2,No,11,0.29,deeper half,color code,,https://www.lorealparisusa.com/makeup/face/foundation-makeup/true-match-lumi-healthy-luminous-makeup
L'Oreal Paris,True Match Lumi Healthy Luminous Makeup,Foundation,creamy natural,#C39B82,195,155,130,67.02,Medium,2,No,12,7.53,deeper half,color code,,https://www.lorealparisusa.com/makeup/face/foundation-makeup/true-match-lumi-healthy-luminous-makeup
L'Oreal Paris,True Match Lumi Healthy Luminous Makeup,Foundation,soft sable,#B88461,184,132,97,59.49,Medium,2,No,13,0.91,deeper half,color code,,https://www.lorealparisusa.com/makeup/face/foundation-makeup/true-match-lumi-healthy-luminous-makeup
L'Oreal Paris,True Match Lumi Healthy Luminous Makeup,Foundation,classic tan/ cappuccino,#B28362,178,131,98,58.58,Medium,2,No,14,8.87,deeper half,color code,,https://www.lorealparisusa.com/makeup/face/foundation-makeup/true-match-lumi-healthy-luminous-makeup
L'Oreal Paris,True Match Lumi Healthy Luminous Makeup,Foundation,nut brown/cocoa,#9B6C49,155,108,73,49.71,Tan,3,Yes,15,,deeper half,color code,,https://www.lorealparisusa.com/makeup/face/foundation-makeup/true-match-lumi-healthy-luminous-makeup
L'Oreal Paris,True Match Super-Blendable Foundation,Foundation,"w0.5, light",#FCE6D4,252,230,212,92.59,Light,1,No,1,0.91,lighter half,color code,,https://www.lorealparisusa.com/makeup/face/foundation-makeup/true-match-super-blendable-makeup
L'Oreal Paris,True Match Super-Blendable Foundation,Foundation,"n0.5, light",#FCE3CC,252,227,204,91.68,Light,1,No,2,1.11,lighter half,color code,,https://www.lorealparisusa.com/makeup/face/foundation-makeup/true-match-super-blendable-makeup
L'Oreal Paris,True Match Super-Blendable Foundation,Foundation,"c0.5, light",#FCDED1,252,222,209,90.57,Light,1,No,3,0.39,lighter half,color code,,https://www.lorealparisusa.com/makeup/face/foundation-makeup/true-match-super-blendable-makeup
L'Oreal Paris,True Match Super-Blendable Foundation,Foundation,"w1, light",#FADEC7,250,222,199,90.18,Light,1,No,4,2.32,lighter half,color code,,https://www.lorealparisusa.com/makeup/face/foundation-makeup/true-match-super-blendable-makeup
L'Oreal Paris,True Match Super-Blendable Foundation,Foundation,"c1, light",#FCD4C4,252,212,196,87.86,Light,1,No,5,0.45,lighter half,color code,,https://www.lorealparisusa.com/makeup/face/foundation-makeup/true-match-super-blendable-makeup
L'Oreal Paris,True Match Super-Blendable Foundation,Foundation,"c2, light",#F7D4C4,247,212,196,87.41,Light,1,No,6,0.36,lighter half,color code,,https://www.lorealparisusa.com/makeup/face/foundation-makeup/true-match-super-blendable-makeup
L'Oreal Paris,True Match Super-Blendable Foundation,Foundation,"w2, light",#F7D4B3,247,212,179,87.05,Light,1,No,7,0.01,lighter half,color code,,https://www.lorealparisusa.com/makeup/face/foundation-makeup/true-match-super-blendable-makeup
L'Oreal Paris,True Match Super-Blendable Foundation,Foundation,"n2, light",#F5D4BB,245,212,187,87.04,Light,1,No,8,0.04,lighter half,color code,,https://www.lorealparisusa.com/makeup/face/foundation-makeup/true-match-super-blendable-makeup
L'Oreal Paris,True Match Super-Blendable Foundation,Foundation,"n1, light",#F5D4B9,245,212,185,87,Light,1,No,9,1.4,lighter half,color code,,https://www.lorealparisusa.com/makeup/face/foundation-makeup/true-match-super-blendable-makeup
L'Oreal Paris,True Match Super-Blendable Foundation,Foundation,"c1.5, light",#FACCBD,250,204,189,85.6,Light,1,No,10,1.07,lighter half,color code,,https://www.lorealparisusa.com/makeup/face/foundation-makeup/true-match-super-blendable-makeup
L'Oreal Paris,True Match Super-Blendable Foundation,Foundation,"w2.5, light medium",#F0CDAA,240,205,170,84.53,Light,1,No,11,3.37,lighter half,color code,,https://www.lorealparisusa.com/makeup/face/foundation-makeup/true-match-super-blendable-makeup
L'Oreal Paris,True Match Super-Blendable Foundation,Foundation,"w3, light medium",#F0C0A0,240,192,160,81.16,Light,1,No,12,1.38,lighter half,color code,,https://www.lorealparisusa.com/makeup/face/foundation-makeup/true-match-super-blendable-makeup
L'Oreal Paris,True Match Super-Blendable Foundation,Foundation,"n3, light medium",#EBBD97,235,189,151,79.78,Light,1,No,13,0.3,lighter half,color code,,https://www.lorealparisusa.com/makeup/face/foundation-makeup/true-match-super-blendable-makeup
L'Oreal Paris,True Match Super-Blendable Foundation,Foundation,"c2.5, light medium",#EDBAA3,237,186,163,79.48,Light,1,No,14,1.18,lighter half,color code,,https://www.lorealparisusa.com/makeup/face/foundation-makeup/true-match-super-blendable-makeup
L'Oreal Paris,True Match Super-Blendable Foundation,Foundation,"c3, light medium",#EBB6A2,235,182,162,78.3,Light,1,No,15,1.71,lighter half,color code,,https://www.lorealparisusa.com/makeup/face/foundation-makeup/true-match-super-blendable-makeup
L'Oreal Paris,True Match Super-Blendable Foundation,Foundation,"c4, light medium",#EBB094,235,176,148,76.59,Light,1,No,16,0.34,lighter half,color code,,https://www.lorealparisusa.com/makeup/face/foundation-makeup/true-match-super-blendable-makeup
L'Oreal Paris,True Match Super-Blendable Foundation,Foundation,"w5, medium",#EBB081,235,176,129,76.25,Light,1,No,17,0.49,lighter half,color code,,https://www.lorealparisusa.com/makeup/face/foundation-makeup/true-match-super-blendable-makeup
L'Oreal Paris,True Match Super-Blendable Foundation,Foundation,"w4, light medium",#E3B186,227,177,134,75.76,Light,1,No,18,1.38,lighter half,color code,,https://www.lorealparisusa.com/makeup/face/foundation-makeup/true-match-super-blendable-makeup
L'Oreal Paris,True Match Super-Blendable Foundation,Foundation,"n4, light medium",#E3AB8A,227,171,138,74.38,Medium,2,No,19,0.54,lighter half,color code,,https://www.lorealparisusa.com/makeup/face/foundation-makeup/true-match-super-blendable-makeup
L'Oreal Paris,True Match Super-Blendable Foundation,Foundation,"w4.5, light medium",#E9A86E,233,168,110,73.84,Medium,2,No,20,0.13,lighter half,color code,,https://www.lorealparisusa.com/makeup/face/foundation-makeup/true-match-super-blendable-makeup
L'Oreal Paris,True Match Super-Blendable Foundation,Foundation,"w6.5, medium",#DEAC72,222,172,114,73.71,Medium,2,No,21,1.68,lighter half,color code,,https://www.lorealparisusa.com/makeup/face/foundation-makeup/true-match-super-blendable-makeup
L'Oreal Paris,True Match Super-Blendable Foundation,Foundation,"c5, medium",#DEA38F,222,163,143,72.03,Medium,2,No,22,1.58,lighter half,color code,,https://www.lorealparisusa.com/makeup/face/foundation-makeup/true-match-super-blendable-makeup
L'Oreal Paris,True Match Super-Blendable Foundation,Foundation,"n5, medium",#DC9F79,220,159,121,70.45,Medium,2,No,23,1.64,lighter half,color code,,https://www.lorealparisusa.com/makeup/face/foundation-makeup/true-match-super-blendable-makeup
L'Oreal Paris,True Match Super-Blendable Foundation,Foundation,"w6, medium",#DB9973,219,153,115,68.81,Medium,2,No,24,1.03,lighter half,color code,,https://www.lorealparisusa.com/makeup/face/foundation-makeup/true-match-super-blendable-makeup
L'Oreal Paris,True Match Super-Blendable Foundation,Foundation,"w5.5, medium",#DC9566,220,149,102,67.78,Medium,2,No,25,1.76,lighter half,color code,,https://www.lorealparisusa.com/makeup/face/foundation-makeup/true-match-super-blendable-makeup
L'Oreal Paris,True Match Super-Blendable Foundation,Foundation,"n5.5, medium",#CF9463,207,148,99,66.02,Medium,2,No,26,0.73,lighter half,color code,,https://www.lorealparisusa.com/makeup/face/foundation-makeup/true-match-super-blendable-makeup
L'Oreal Paris,True Match Super-Blendable Foundation,Foundation,"n6, medium",#CF9163,207,145,99,65.29,Medium,2,No,27,0.95,lighter half,color code,,https://www.lorealparisusa.com/makeup/face/foundation-makeup/true-match-super-blendable-makeup
L'Oreal Paris,True Match Super-Blendable Foundation,Foundation,"w7, medium deep",#CF8E52,207,142,82,64.34,Medium,2,No,28,2.93,lighter half,color code,,https://www.lorealparisusa.com/makeup/face/foundation-makeup/true-match-super-blendable-makeup
L'Oreal Paris,True Match Super-Blendable Foundation,Foundation,"n6.5, medium deep",#D38045,211,128,69,61.41,Medium,2,No,29,1.01,lighter half,color code,,https://www.lorealparisusa.com/makeup/face/foundation-makeup/true-match-super-blendable-makeup
L'Oreal Paris,True Match Super-Blendable Foundation,Foundation,"n7, medium deep",#C68251,198,130,81,60.4,Medium,2,No,30,4.33,lighter half,color code,,https://www.lorealparisusa.com/makeup/face/foundation-makeup/true-match-super-blendable-makeup
L'Oreal Paris,True Match Super-Blendable Foundation,Foundation,"w8, medium deep",#BD7546,189,117,70,56.07,Medium,2,No,31,0.33,lighter half,color code,,https://www.lorealparisusa.com/makeup/face/foundation-makeup/true-match-super-blendable-makeup
L'Oreal Paris,True Match Super-Blendable Foundation,Foundation,"c7, medium deep",#C1714B,193,113,75,55.74,Medium,2,No,32,4.22,lighter half,color code,,https://www.lorealparisusa.com/makeup/face/foundation-makeup/true-match-super-blendable-makeup
L'Oreal Paris,True Match Super-Blendable Foundation,Foundation,"c6, medium",#B66637,182,102,55,51.52,Tan,3,Yes,33,0.17,lighter half,color code,,https://www.lorealparisusa.com/makeup/face/foundation-makeup/true-match-super-blendable-makeup
L'Oreal Paris,True Match Super-Blendable Foundation,Foundation,"w9, medium deep",#AC6B38,172,107,56,51.35,Tan,3,Yes,34,8.02,lighter half,color code,,https://www.lorealparisusa.com/makeup/face/foundation-makeup/true-match-super-blendable-makeup
L'Oreal Paris,True Match Super-Blendable Foundation,Foundation,"w9.5, deep",#975627,151,86,39,43.33,Tan,3,Yes,35,2.76,deeper half,color code,,https://www.lorealparisusa.com/makeup/face/foundation-makeup/true-match-super-blendable-makeup
L'Oreal Paris,True Match Super-Blendable Foundation,Foundation,"n8, medium deep",#984A0B,152,74,11,40.57,Tan,3,Yes,36,2.26,deeper half,color code,,https://www.lorealparisusa.com/makeup/face/foundation-makeup/true-match-super-blendable-makeup
L'Oreal Paris,True Match Super-Blendable Foundation,Foundation,"c8, medium deep",#8B4826,139,72,38,38.31,Tan,3,Yes,37,2.34,deeper half,color code,,https://www.lorealparisusa.com/makeup/face/foundation-makeup/true-match-super-blendable-makeup
L'Oreal Paris,True Match Super-Blendable Foundation,Foundation,"n9, medium deep",#894004,137,64,4,35.97,Tan,3,Yes,38,1.69,deeper half,color code,,https://www.lorealparisusa.com/makeup/face/foundation-makeup/true-match-super-blendable-makeup
L'Oreal Paris,True Match Super-Blendable Foundation,Foundation,"c9, deep",#823D16,130,61,22,34.28,Deep,4,Yes,39,2.49,deeper half,color code,,https://www.lorealparisusa.com/makeup/face/foundation-makeup/true-match-super-blendable-makeup
L'Oreal Paris,True Match Super-Blendable Foundation,Foundation,"w10, deep",#763B05,118,59,5,31.79,Deep,4,Yes,40,1.35,deeper half,color code,,https://www.lorealparisusa.com/makeup/face/foundation-makeup/true-match-super-blendable-makeup
L'Oreal Paris,True Match Super-Blendable Foundation,Foundation,"n10, deep",#703912,112,57,18,30.44,Deep,4,Yes,41,3.7,deeper half,color code,,https://www.lorealparisusa.com/makeup/face/foundation-makeup/true-match-super-blendable-makeup
L'Oreal Paris,True Match Super-Blendable Foundation,Foundation,"c9.5, deep",#663017,102,48,23,26.74,Deep,4,Yes,42,4.54,deeper half,color code,,https://www.lorealparisusa.com/makeup/face/foundation-makeup/true-match-super-blendable-makeup
L'Oreal Paris,True Match Super-Blendable Foundation,Foundation,"w10.5, deep",#522B14,82,43,20,22.2,Deep,4,Yes,43,2.08,deeper half,color code,,https://www.lorealparisusa.com/makeup/face/foundation-makeup/true-match-super-blendable-makeup
L'Oreal Paris,True Match Super-Blendable Foundation,Foundation,"n11, deep",#4C270E,76,39,14,20.12,Deep,4,Yes,44,0.91,deeper half,color code,,https://www.lorealparisusa.com/makeup/face/foundation-makeup/true-match-super-blendable-makeup
L'Oreal Paris,True Match Super-Blendable Foundation,Foundation,"c10, deep",#521F0A,82,31,10,19.21,Deep,4,Yes,45,4.96,deeper half,color code,,https://www.lorealparisusa.com/makeup/face/foundation-makeup/true-match-super-blendable-makeup
L'Oreal Paris,True Match Super-Blendable Foundation,Foundation,"c11, deep",#3E1915,62,25,21,14.25,Deep,4,Yes,46,6.72,deeper half,color code,,https://www.lorealparisusa.com/makeup/face/foundation-makeup/true-match-super-blendable-makeup
L'Oreal Paris,True Match Super-Blendable Foundation,Foundation,"c12, deep",#280F11,40,15,17,7.53,Deep,4,Yes,47,,deeper half,color code,,https://www.lorealparisusa.com/makeup/face/foundation-makeup/true-match-super-blendable-makeup
L'Oreal Paris,Visible Lift Serum Absolute Advanced Age-Reversing Makeup,Foundation,light ivory,#FEDFBF,254,223,191,90.6,Light,1,No,1,4.07,lighter half,color code,,https://www.lorealparisusa.com/makeup/face/foundation-makeup/visible-lift-serum-absolute-advanced-age-reversing-makeup
L'Oreal Paris,Visible Lift Serum Absolute Advanced Age-Reversing Makeup,Foundation,soft ivory,#F5D3AE,245,211,174,86.53,Light,1,No,2,1.79,lighter half,color code,,https://www.lorealparisusa.com/makeup/face/foundation-makeup/visible-lift-serum-absolute-advanced-age-reversing-makeup
L'Oreal Paris,Visible Lift Serum Absolute Advanced Age-Reversing Makeup,Foundation,classic ivory,#F1CDB0,241,205,176,84.74,Light,1,No,3,4.36,lighter half,color code,,https://www.lorealparisusa.com/makeup/face/foundation-makeup/visible-lift-serum-absolute-advanced-age-reversing-makeup
L'Oreal Paris,Visible Lift Serum Absolute Advanced Age-Reversing Makeup,Foundation,nude beige,#EBBF9D,235,191,157,80.38,Light,1,No,4,3.83,lighter half,color code,,https://www.lorealparisusa.com/makeup/face/foundation-makeup/visible-lift-serum-absolute-advanced-age-reversing-makeup
L'Oreal Paris,Visible Lift Serum Absolute Advanced Age-Reversing Makeup,Foundation,creamy natural,#E0B499,224,180,153,76.55,Light,1,No,5,0.21,deeper half,color code,,https://www.lorealparisusa.com/makeup/face/foundation-makeup/visible-lift-serum-absolute-advanced-age-reversing-makeup
L'Oreal Paris,Visible Lift Serum Absolute Advanced Age-Reversing Makeup,Foundation,natural buff,#E6B288,230,178,136,76.34,Light,1,No,6,0.17,deeper half,color code,,https://www.lorealparisusa.com/makeup/face/foundation-makeup/visible-lift-serum-absolute-advanced-age-reversing-makeup
L'Oreal Paris,Visible Lift Serum Absolute Advanced Age-Reversing Makeup,Foundation,natural beige,#DFB48A,223,180,138,76.17,Light,1,No,7,0.79,deeper half,color code,,https://www.lorealparisusa.com/makeup/face/foundation-makeup/visible-lift-serum-absolute-advanced-age-reversing-makeup
L'Oreal Paris,Visible Lift Serum Absolute Advanced Age-Reversing Makeup,Foundation,sand beige,#E1B08A,225,176,138,75.38,Light,1,No,8,3.4,deeper half,color code,,https://www.lorealparisusa.com/makeup/face/foundation-makeup/visible-lift-serum-absolute-advanced-age-reversing-makeup
L'Oreal Paris,Visible Lift Serum Absolute Advanced Age-Reversing Makeup,Foundation,sun beige,#D2A980,210,169,128,71.98,Medium,2,No,9,1.06,deeper half,color code,,https://www.lorealparisusa.com/makeup/face/foundation-makeup/visible-lift-serum-absolute-advanced-age-reversing-makeup
L'Oreal Paris,Visible Lift Serum Absolute Advanced Age-Reversing Makeup,Foundation,buff beige,#D9A27D,217,162,125,70.92,Medium,2,No,10,4.48,deeper half,color code,,https://www.lorealparisusa.com/makeup/face/foundation-makeup/visible-lift-serum-absolute-advanced-age-reversing-makeup
L'Oreal Paris,Visible Lift Serum Absolute Advanced Age-Reversing Makeup,Foundation,honey beige,#D29469,210,148,105,66.44,Medium,2,No,11,0.57,deeper half,color code,,https://www.lorealparisusa.com/makeup/face/foundation-makeup/visible-lift-serum-absolute-advanced-age-reversing-makeup
L'Oreal Paris,Visible Lift Serum Absolute Advanced Age-Reversing Makeup,Foundation,classic tan,#C69677,198,150,119,65.87,Medium,2,No,12,,deeper half,color code,,https://www.lorealparisusa.com/makeup/face/foundation-makeup/visible-lift-serum-absolute-advanced-age-reversing-makeup
Laura Mercier,Flawless Lumiere Foundation,Foundation,1C0 Cameo,#F5CBA6,245,203,166,84.42,Light,1,No,1,2.03,lighter half,color code,FALSE,https://www.lauramercier.com/products/flawless-lumiere-foundation
Laura Mercier,Flawless Lumiere Foundation,Foundation,2N1.5 Beige,#F2C596,242,197,150,82.39,Light,1,No,2,4.77,lighter half,color code,FALSE,https://www.lauramercier.com/products/flawless-lumiere-foundation
Laura Mercier,Flawless Lumiere Foundation,Foundation,1N1 Creme,#E1B98B,225,185,139,77.62,Light,1,No,3,1.11,lighter half,color code,FALSE,https://www.lauramercier.com/products/flawless-lumiere-foundation
Laura Mercier,Flawless Lumiere Foundation,Foundation,1N2 Vanille,#E6B384,230,179,132,76.51,Light,1,No,4,0.03,lighter half,color code,FALSE,https://www.lauramercier.com/products/flawless-lumiere-foundation
Laura Mercier,Flawless Lumiere Foundation,Foundation,3N1.5 Latte,#E6B382,230,179,130,76.48,Light,1,No,5,0.42,lighter half,color code,TRUE,https://www.lauramercier.com/products/flawless-lumiere-foundation
Laura Mercier,Flawless Lumiere Foundation,Foundation,1W1 Ivory,#E5B27D,229,178,125,76.06,Light,1,No,6,1.09,lighter half,color code,FALSE,https://www.lauramercier.com/products/flawless-lumiere-foundation
Laura Mercier,Flawless Lumiere Foundation,Foundation,1C1 Shell,#E0AF86,224,175,134,74.97,Medium,2,No,7,0.39,lighter half,color code,FALSE,https://www.lauramercier.com/products/flawless-lumiere-foundation
Laura Mercier,Flawless Lumiere Foundation,Foundation,2W1.5 Bisque,#E2AD80,226,173,128,74.58,Medium,2,No,8,1.41,lighter half,color code,FALSE,https://www.lauramercier.com/products/flawless-lumiere-foundation
Laura Mercier,Flawless Lumiere Foundation,Foundation,2W1 Macadamia,#DCAA7C,220,170,124,73.17,Medium,2,No,9,1.35,lighter half,color code,TRUE,https://www.lauramercier.com/products/flawless-lumiere-foundation
Laura Mercier,Flawless Lumiere Foundation,Foundation,2N1 Cashew,#D6A77C,214,167,124,71.82,Medium,2,No,10,2.69,lighter half,color code,FALSE,https://www.lauramercier.com/products/flawless-lumiere-foundation
Laura Mercier,Flawless Lumiere Foundation,Foundation,3W2 Golden,#D99C68,217,156,104,69.13,Medium,2,No,11,0.19,lighter half,color code,TRUE,https://www.lauramercier.com/products/flawless-lumiere-foundation
Laura Mercier,Flawless Lumiere Foundation,Foundation,2N2 Linen,#D49D6F,212,157,111,68.94,Medium,2,No,12,0.19,lighter half,color code,TRUE,https://www.lauramercier.com/products/flawless-lumiere-foundation
Laura Mercier,Flawless Lumiere Foundation,Foundation,3N2 Honey,#D79B6D,215,155,109,68.75,Medium,2,No,13,1.14,lighter half,color code,TRUE,https://www.lauramercier.com/products/flawless-lumiere-foundation
Laura Mercier,Flawless Lumiere Foundation,Foundation,4W1.5 Tawny,#CD9B69,205,155,105,67.61,Medium,2,No,14,0.02,lighter half,color code,TRUE,https://www.lauramercier.com/products/flawless-lumiere-foundation
Laura Mercier,Flawless Lumiere Foundation,Foundation,3C1 Dune,#D1996C,209,153,108,67.59,Medium,2,No,15,2.65,lighter half,color code,TRUE,https://www.lauramercier.com/products/flawless-lumiere-foundation
Laura Mercier,Flawless Lumiere Foundation,Foundation,2C1 Ecru,#C99268,201,146,104,64.94,Medium,2,No,16,0.73,lighter half,color code,FALSE,https://www.lauramercier.com/products/flawless-lumiere-foundation
Laura Mercier,Flawless Lumiere Foundation,Foundation,3N1 Buff,#C59165,197,145,101,64.21,Medium,2,No,17,0.78,lighter half,color code,FALSE,https://www.lauramercier.com/products/flawless-lumiere-foundation
Laura Mercier,Flawless Lumiere Foundation,Foundation,2W2 Butterscotch,#C98D54,201,141,84,63.43,Medium,2,No,18,1.59,lighter half,color code,FALSE,https://www.lauramercier.com/products/flawless-lumiere-foundation
Laura Mercier,Flawless Lumiere Foundation,Foundation,3W1 Dusk,#C18A58,193,138,88,61.84,Medium,2,No,19,0.39,lighter half,color code,TRUE,https://www.lauramercier.com/products/flawless-lumiere-foundation
Laura Mercier,Flawless Lumiere Foundation,Foundation,4W2 Chai,#C1894D,193,137,77,61.45,Medium,2,No,20,0.69,lighter half,color code,FALSE,https://www.lauramercier.com/products/flawless-lumiere-foundation
Laura Mercier,Flawless Lumiere Foundation,Foundation,4W1 Maple,#C48548,196,133,72,60.76,Medium,2,No,21,1.39,lighter half,color code,TRUE,https://www.lauramercier.com/products/flawless-lumiere-foundation
Laura Mercier,Flawless Lumiere Foundation,Foundation,4N1 Suntan,#BE824C,190,130,76,59.37,Medium,2,No,22,0.48,lighter half,color code,FALSE,https://www.lauramercier.com/products/flawless-lumiere-foundation
Laura Mercier,Flawless Lumiere Foundation,Foundation,5W1 Amber,#BF8042,191,128,66,58.89,Medium,2,No,23,2.84,lighter half,color code,TRUE,https://www.lauramercier.com/products/flawless-lumiere-foundation
Laura Mercier,Flawless Lumiere Foundation,Foundation,5N2 Hazelnut,#B37A47,179,122,71,56.05,Medium,2,No,24,3.46,deeper half,color code,TRUE,https://www.lauramercier.com/products/flawless-lumiere-foundation
Laura Mercier,Flawless Lumiere Foundation,Foundation,4C1 Praline,#B06E39,176,110,57,52.59,Tan,3,Yes,25,2.54,deeper half,color code,FALSE,https://www.lauramercier.com/products/flawless-lumiere-foundation
Laura Mercier,Flawless Lumiere Foundation,Foundation,5N1 Pecan,#A66934,166,105,52,50.05,Tan,3,Yes,26,4.33,deeper half,color code,TRUE,https://www.lauramercier.com/products/flawless-lumiere-foundation
Laura Mercier,Flawless Lumiere Foundation,Foundation,5C1 Nutmeg,#9A5E2D,154,94,45,45.72,Tan,3,Yes,27,6.73,deeper half,color code,FALSE,https://www.lauramercier.com/products/flawless-lumiere-foundation
Laura Mercier,Flawless Lumiere Foundation,Foundation,6W1 Ganache,#82502A,130,80,42,38.99,Tan,3,Yes,28,3.82,deeper half,color code,TRUE,https://www.lauramercier.com/products/flawless-lumiere-foundation
Laura Mercier,Flawless Lumiere Foundation,Foundation,6N1 Truffle,#75482A,117,72,42,35.17,Tan,3,Yes,29,1.96,deeper half,color code,FALSE,https://www.lauramercier.com/products/flawless-lumiere-foundation
Laura Mercier,Flawless Lumiere Foundation,Foundation,6N2 Espresso,#744126,116,65,38,33.21,Deep,4,Yes,30,,deeper half,color code,FALSE,https://www.lauramercier.com/products/flawless-lumiere-foundation
Laura Mercier,Real Flawless Weightless Perfecting Waterproof Foundation,Foundation,0C1 Opal,#FFE2D2,255,226,210,91.82,Light,1,No,1,0.21,lighter half,color code,TRUE,https://www.lauramercier.com/products/real-flawless
Laura Mercier,Real Flawless Weightless Perfecting Waterproof Foundation,Foundation,0N1 Silk,#FFE2C8,255,226,200,91.61,Light,1,No,2,0.17,lighter half,color code,TRUE,https://www.lauramercier.com/products/real-flawless
Laura Mercier,Real Flawless Weightless Perfecting Waterproof Foundation,Foundation,0W1 Satin,#FFE2C0,255,226,192,91.44,Light,1,No,3,2.59,lighter half,color code,TRUE,https://www.lauramercier.com/products/real-flawless
Laura Mercier,Real Flawless Weightless Perfecting Waterproof Foundation,Foundation,1C1 Cool Vanille,#FCD8C5,252,216,197,88.85,Light,1,No,4,0.45,lighter half,color code,TRUE,https://www.lauramercier.com/products/real-flawless
Laura Mercier,Real Flawless Weightless Perfecting Waterproof Foundation,Foundation,1C2 Chiffon,#FFD6BA,255,214,186,88.4,Light,1,No,5,0.04,lighter half,color code,TRUE,https://www.lauramercier.com/products/real-flawless
Laura Mercier,Real Flawless Weightless Perfecting Waterproof Foundation,Foundation,1N2 Vanille,#FFD6B8,255,214,184,88.36,Light,1,No,6,1.81,lighter half,color code,TRUE,https://www.lauramercier.com/products/real-flawless
Laura Mercier,Real Flawless Weightless Perfecting Waterproof Foundation,Foundation,1W1 Cashmere,#FFD0A5,255,208,165,86.55,Light,1,No,7,1.73,lighter half,color code,TRUE,https://www.lauramercier.com/products/real-flawless
Laura Mercier,Real Flawless Weightless Perfecting Waterproof Foundation,Foundation,2W1 Macadamia,#F8CC9F,248,204,159,84.82,Light,1,No,8,0.18,lighter half,color code,TRUE,https://www.lauramercier.com/products/real-flawless
Laura Mercier,Real Flawless Weightless Perfecting Waterproof Foundation,Foundation,2N1 Cashew,#F1CDAB,241,205,171,84.64,Light,1,No,9,0.5,lighter half,color code,TRUE,https://www.lauramercier.com/products/real-flawless
Laura Mercier,Real Flawless Weightless Perfecting Waterproof Foundation,Foundation,2C1 Ecru,#FFC6A4,255,198,164,84.14,Light,1,No,10,0.74,lighter half,color code,TRUE,https://www.lauramercier.com/products/real-flawless
Laura Mercier,Real Flawless Weightless Perfecting Waterproof Foundation,Foundation,2W2 Warm Linen,#FDC593,253,197,147,83.4,Light,1,No,11,1.1,lighter half,color code,TRUE,https://www.lauramercier.com/products/real-flawless
Laura Mercier,Real Flawless Weightless Perfecting Waterproof Foundation,Foundation,2C2 Soft Sand,#F2C3AB,242,195,171,82.3,Light,1,No,12,3.14,lighter half,color code,TRUE,https://www.lauramercier.com/products/real-flawless
Laura Mercier,Real Flawless Weightless Perfecting Waterproof Foundation,Foundation,4N1 Ginger,#F3B97C,243,185,124,79.16,Light,1,No,13,0.03,lighter half,color code,TRUE,https://www.lauramercier.com/products/real-flawless
Laura Mercier,Real Flawless Weightless Perfecting Waterproof Foundation,Foundation,3W1 Dusk,#F6B785,246,183,133,79.13,Light,1,No,14,0.22,lighter half,color code,TRUE,https://www.lauramercier.com/products/real-flawless
Laura Mercier,Real Flawless Weightless Perfecting Waterproof Foundation,Foundation,3W0 Sandstone,#EEB98C,238,185,140,78.91,Light,1,No,15,0.11,lighter half,color code,TRUE,https://www.lauramercier.com/products/real-flawless
Laura Mercier,Real Flawless Weightless Perfecting Waterproof Foundation,Foundation,3C1 Dune,#FCB383,252,179,131,78.8,Light,1,No,16,1.46,lighter half,color code,TRUE,https://www.lauramercier.com/products/real-flawless
Laura Mercier,Real Flawless Weightless Perfecting Waterproof Foundation,Foundation,3N1 Buff,#F9AE85,249,174,133,77.34,Light,1,No,17,0.54,lighter half,color code,TRUE,https://www.lauramercier.com/products/real-flawless
Laura Mercier,Real Flawless Weightless Perfecting Waterproof Foundation,Foundation,3N2 Camel,#EFB089,239,176,137,76.8,Light,1,No,18,1.48,lighter half,color code,TRUE,https://www.lauramercier.com/products/real-flawless
Laura Mercier,Real Flawless Weightless Perfecting Waterproof Foundation,Foundation,3C2 Toffee,#EDAB84,237,171,132,75.32,Light,1,No,19,0.16,lighter half,color code,TRUE,https://www.lauramercier.com/products/real-flawless
Laura Mercier,Real Flawless Weightless Perfecting Waterproof Foundation,Foundation,4C0 Chestnut,#EAAC7F,234,172,127,75.16,Light,1,No,20,0.43,lighter half,color code,TRUE,https://www.lauramercier.com/products/real-flawless
Laura Mercier,Real Flawless Weightless Perfecting Waterproof Foundation,Foundation,4N2 Tea,#E5AC85,229,172,133,74.73,Medium,2,No,21,5.3,lighter half,color code,TRUE,https://www.lauramercier.com/products/real-flawless
Laura Mercier,Real Flawless Weightless Perfecting Waterproof Foundation,Foundation,4W1 Suntan,#D79E6A,215,158,106,69.43,Medium,2,No,22,2.5,lighter half,color code,TRUE,https://www.lauramercier.com/products/real-flawless
Laura Mercier,Real Flawless Weightless Perfecting Waterproof Foundation,Foundation,4C1 Praline,#DE915B,222,145,91,66.93,Medium,2,No,23,8.35,lighter half,color code,FALSE,https://www.lauramercier.com/products/real-flawless
Laura Mercier,Real Flawless Weightless Perfecting Waterproof Foundation,Foundation,5N2 Cardamom,#CC774E,204,119,78,58.58,Medium,2,No,24,1.14,lighter half,color code,TRUE,https://www.lauramercier.com/products/real-flawless
Laura Mercier,Real Flawless Weightless Perfecting Waterproof Foundation,Foundation,5N1 Cinnamon,#C3783D,195,120,61,57.44,Medium,2,No,25,0.71,lighter half,color code,TRUE,https://www.lauramercier.com/products/real-flawless
Laura Mercier,Real Flawless Weightless Perfecting Waterproof Foundation,Foundation,5W1 Sienna,#C27547,194,117,71,56.73,Medium,2,No,26,0.16,lighter half,color code,TRUE,https://www.lauramercier.com/products/real-flawless
Laura Mercier,Real Flawless Weightless Perfecting Waterproof Foundation,Foundation,5C1 Sepia,#C67246,198,114,70,56.57,Medium,2,No,27,13.34,lighter half,color code,TRUE,https://www.lauramercier.com/products/real-flawless
Laura Mercier,Real Flawless Weightless Perfecting Waterproof Foundation,Foundation,6W1 Ganache,#9F502F,159,80,47,43.23,Tan,3,Yes,28,5.32,deeper half,color code,TRUE,https://www.lauramercier.com/products/real-flawless
Laura Mercier,Real Flawless Weightless Perfecting Waterproof Foundation,Foundation,6C1 Mink,#973D23,151,61,35,37.91,Tan,3,Yes,29,6.1,deeper half,color code,TRUE,https://www.lauramercier.com/products/real-flawless
Laura Mercier,Real Flawless Weightless Perfecting Waterproof Foundation,Foundation,6N1 Clove,#793821,121,56,33,31.81,Deep,4,Yes,30,11.44,deeper half,color code,TRUE,https://www.lauramercier.com/products/real-flawless
Laura Mercier,Real Flawless Weightless Perfecting Waterproof Foundation,Foundation,7N1 Java,#591E0D,89,30,13,20.37,Deep,4,Yes,31,,deeper half,color code,TRUE,https://www.lauramercier.com/products/real-flawless
Laura Mercier,Tinted Blur Balm,Skin tint,00,#EFCAAB,239,202,171,83.72,Light,1,No,1,3.72,lighter half,color code,TRUE,https://www.lauramercier.com/products/tinted-blur-balm
Laura Mercier,Tinted Blur Balm,Skin tint,01,#E3C0A3,227,192,163,80,Light,1,No,2,7.9,lighter half,color code,TRUE,https://www.lauramercier.com/products/tinted-blur-balm
Laura Mercier,Tinted Blur Balm,Skin tint,02,#D3A981,211,169,129,72.1,Medium,2,No,3,8.41,lighter half,color code,TRUE,https://www.lauramercier.com/products/tinted-blur-balm
Laura Mercier,Tinted Blur Balm,Skin tint,03,#BC9270,188,146,112,63.69,Medium,2,No,4,8.32,lighter half,color code,TRUE,https://www.lauramercier.com/products/tinted-blur-balm
Laura Mercier,Tinted Blur Balm,Skin tint,04,#A77C55,167,124,85,55.37,Medium,2,No,5,14.06,deeper half,color code,TRUE,https://www.lauramercier.com/products/tinted-blur-balm
Laura Mercier,Tinted Blur Balm,Skin tint,05,#80593C,128,89,60,41.31,Tan,3,Yes,6,6.94,deeper half,color code,TRUE,https://www.lauramercier.com/products/tinted-blur-balm
Laura Mercier,Tinted Blur Balm,Skin tint,06,#6B4939,107,73,57,34.37,Deep,4,Yes,7,3.25,deeper half,color code,TRUE,https://www.lauramercier.com/products/tinted-blur-balm
Laura Mercier,Tinted Blur Balm,Skin tint,07,#5F4335,95,67,53,31.12,Deep,4,Yes,8,,deeper half,color code,TRUE,https://www.lauramercier.com/products/tinted-blur-balm
Laura Mercier,Tinted Moisturizer Blurred Matte SPF 30,Skin tint,0N Silk,#F3D3AE,243,211,174,86.35,Light,1,No,1,0.73,lighter half,color code,TRUE,https://www.lauramercier.com/products/tinted-moisturizer-blurred-matte-broad-spectrum-spf-30-suncreen
Laura Mercier,Tinted Moisturizer Blurred Matte SPF 30,Skin tint,1C Cameo,#F1D0B7,241,208,183,85.62,Light,1,No,2,4.72,lighter half,color code,TRUE,https://www.lauramercier.com/products/tinted-moisturizer-blurred-matte-broad-spectrum-spf-30-suncreen
Laura Mercier,Tinted Moisturizer Blurred Matte SPF 30,Skin tint,1N Birch,#E7C398,231,195,152,80.9,Light,1,No,3,1.24,lighter half,color code,TRUE,https://www.lauramercier.com/products/tinted-moisturizer-blurred-matte-broad-spectrum-spf-30-suncreen
Laura Mercier,Tinted Moisturizer Blurred Matte SPF 30,Skin tint,1W Blonde,#E4C08C,228,192,140,79.66,Light,1,No,4,3.4,lighter half,color code,TRUE,https://www.lauramercier.com/products/tinted-moisturizer-blurred-matte-broad-spectrum-spf-30-suncreen
Laura Mercier,Tinted Moisturizer Blurred Matte SPF 30,Skin tint,2C Oak,#DBB596,219,181,150,76.26,Light,1,No,5,0.95,lighter half,color code,TRUE,https://www.lauramercier.com/products/tinted-moisturizer-blurred-matte-broad-spectrum-spf-30-suncreen
Laura Mercier,Tinted Moisturizer Blurred Matte SPF 30,Skin tint,2N Maple,#D9B388,217,179,136,75.31,Light,1,No,6,2.09,lighter half,color code,TRUE,https://www.lauramercier.com/products/tinted-moisturizer-blurred-matte-broad-spectrum-spf-30-suncreen
Laura Mercier,Tinted Moisturizer Blurred Matte SPF 30,Skin tint,2W Citrine,#D9AC73,217,172,115,73.22,Medium,2,No,7,7.72,lighter half,color code,TRUE,https://www.lauramercier.com/products/tinted-moisturizer-blurred-matte-broad-spectrum-spf-30-suncreen
Laura Mercier,Tinted Moisturizer Blurred Matte SPF 30,Skin tint,3C Fawn,#C39674,195,150,116,65.5,Medium,2,No,8,0.01,lighter half,color code,TRUE,https://www.lauramercier.com/products/tinted-moisturizer-blurred-matte-broad-spectrum-spf-30-suncreen
Laura Mercier,Tinted Moisturizer Blurred Matte SPF 30,Skin tint,3N Sand,#C4966E,196,150,110,65.49,Medium,2,No,9,2.09,lighter half,color code,TRUE,https://www.lauramercier.com/products/tinted-moisturizer-blurred-matte-broad-spectrum-spf-30-suncreen
Laura Mercier,Tinted Moisturizer Blurred Matte SPF 30,Skin tint,3W Palomino,#C1905D,193,144,93,63.4,Medium,2,No,10,7.18,lighter half,color code,TRUE,https://www.lauramercier.com/products/tinted-moisturizer-blurred-matte-broad-spectrum-spf-30-suncreen
Laura Mercier,Tinted Moisturizer Blurred Matte SPF 30,Skin tint,4N Teak,#AD7D50,173,125,80,56.22,Medium,2,No,11,0.47,lighter half,color code,TRUE,https://www.lauramercier.com/products/tinted-moisturizer-blurred-matte-broad-spectrum-spf-30-suncreen
Laura Mercier,Tinted Moisturizer Blurred Matte SPF 30,Skin tint,4C Hazel,#AD7B52,173,123,82,55.75,Medium,2,No,12,6.93,lighter half,color code,TRUE,https://www.lauramercier.com/products/tinted-moisturizer-blurred-matte-broad-spectrum-spf-30-suncreen
Laura Mercier,Tinted Moisturizer Blurred Matte SPF 30,Skin tint,4W Ochre,#9A6A36,154,106,54,48.82,Tan,3,Yes,13,6.18,deeper half,color code,TRUE,https://www.lauramercier.com/products/tinted-moisturizer-blurred-matte-broad-spectrum-spf-30-suncreen
Laura Mercier,Tinted Moisturizer Blurred Matte SPF 30,Skin tint,5N Clay,#885B2F,136,91,47,42.64,Tan,3,Yes,14,0.53,deeper half,color code,TRUE,https://www.lauramercier.com/products/tinted-moisturizer-blurred-matte-broad-spectrum-spf-30-suncreen
Laura Mercier,Tinted Moisturizer Blurred Matte SPF 30,Skin tint,5C Cedar,#875937,135,89,55,42.11,Tan,3,Yes,15,3.45,deeper half,color code,TRUE,https://www.lauramercier.com/products/tinted-moisturizer-blurred-matte-broad-spectrum-spf-30-suncreen
Laura Mercier,Tinted Moisturizer Blurred Matte SPF 30,Skin tint,5W Terracotta,#7A5326,122,83,38,38.66,Tan,3,Yes,16,3.7,deeper half,color code,TRUE,https://www.lauramercier.com/products/tinted-moisturizer-blurred-matte-broad-spectrum-spf-30-suncreen
Laura Mercier,Tinted Moisturizer Blurred Matte SPF 30,Skin tint,6C Brunette,#73482E,115,72,46,34.96,Deep,4,Yes,17,4.27,deeper half,color code,TRUE,https://www.lauramercier.com/products/tinted-moisturizer-blurred-matte-broad-spectrum-spf-30-suncreen
Laura Mercier,Tinted Moisturizer Blurred Matte SPF 30,Skin tint,6N Umber,#644027,100,64,39,30.69,Deep,4,Yes,18,3.18,deeper half,color code,TRUE,https://www.lauramercier.com/products/tinted-moisturizer-blurred-matte-broad-spectrum-spf-30-suncreen
Laura Mercier,Tinted Moisturizer Blurred Matte SPF 30,Skin tint,7C Sable,#5C382B,92,56,43,27.51,Deep,4,Yes,19,3.59,deeper half,color code,TRUE,https://www.lauramercier.com/products/tinted-moisturizer-blurred-matte-broad-spectrum-spf-30-suncreen
Laura Mercier,Tinted Moisturizer Blurred Matte SPF 30,Skin tint,7N Mahogany,#52311C,82,49,28,23.92,Deep,4,Yes,20,,deeper half,color code,TRUE,https://www.lauramercier.com/products/tinted-moisturizer-blurred-matte-broad-spectrum-spf-30-suncreen
Laura Mercier,Tinted Moisturizer Light Revealer SPF 25,Skin tint,1C0 Cameo,#F6C9A8,246,201,168,84.07,Light,1,No,1,0.32,lighter half,color code,TRUE,https://www.lauramercier.com/products/tinted-moisturizer-light-revealer-natural-skin-illuminator
Laura Mercier,Tinted Moisturizer Light Revealer SPF 25,Skin tint,0W1 Pearl,#F1CAA3,241,202,163,83.75,Light,1,No,2,2.22,lighter half,color code,TRUE,https://www.lauramercier.com/products/tinted-moisturizer-light-revealer-natural-skin-illuminator
Laura Mercier,Tinted Moisturizer Light Revealer SPF 25,Skin tint,0N1 Petal,#EFC29F,239,194,159,81.53,Light,1,No,3,2.57,lighter half,color code,TRUE,https://www.lauramercier.com/products/tinted-moisturizer-light-revealer-natural-skin-illuminator
Laura Mercier,Tinted Moisturizer Light Revealer SPF 25,Skin tint,1W1 Porcelain,#EFB989,239,185,137,78.96,Light,1,No,4,3.68,lighter half,color code,TRUE,https://www.lauramercier.com/products/tinted-moisturizer-light-revealer-natural-skin-illuminator
Laura Mercier,Tinted Moisturizer Light Revealer SPF 25,Skin tint,2W1 Natural,#E2B07E,226,176,126,75.28,Light,1,No,5,4.01,lighter half,color code,TRUE,https://www.lauramercier.com/products/tinted-moisturizer-light-revealer-natural-skin-illuminator
Laura Mercier,Tinted Moisturizer Light Revealer SPF 25,Skin tint,2N1 Nude,#D9A475,217,164,117,71.27,Medium,2,No,6,1.96,lighter half,color code,TRUE,https://www.lauramercier.com/products/tinted-moisturizer-light-revealer-natural-skin-illuminator
Laura Mercier,Tinted Moisturizer Light Revealer SPF 25,Skin tint,3W1 Bisque,#D39F6E,211,159,110,69.31,Medium,2,No,7,0.54,lighter half,color code,TRUE,https://www.lauramercier.com/products/tinted-moisturizer-light-revealer-natural-skin-illuminator
Laura Mercier,Tinted Moisturizer Light Revealer SPF 25,Skin tint,3N1 Sand,#D39D6B,211,157,107,68.77,Medium,2,No,8,0.05,lighter half,color code,TRUE,https://www.lauramercier.com/products/tinted-moisturizer-light-revealer-natural-skin-illuminator
Laura Mercier,Tinted Moisturizer Light Revealer SPF 25,Skin tint,4W1 Tawny,#D39D68,211,157,104,68.72,Medium,2,No,9,1.64,lighter half,color code,TRUE,https://www.lauramercier.com/products/tinted-moisturizer-light-revealer-natural-skin-illuminator
Laura Mercier,Tinted Moisturizer Light Revealer SPF 25,Skin tint,4C1 Almond,#CF9869,207,152,105,67.08,Medium,2,No,10,14.49,lighter half,color code,TRUE,https://www.lauramercier.com/products/tinted-moisturizer-light-revealer-natural-skin-illuminator
Laura Mercier,Tinted Moisturizer Light Revealer SPF 25,Skin tint,5W1 Tan,#AD6F44,173,111,68,52.59,Tan,3,Yes,11,2.19,deeper half,color code,TRUE,https://www.lauramercier.com/products/tinted-moisturizer-light-revealer-natural-skin-illuminator
Laura Mercier,Tinted Moisturizer Light Revealer SPF 25,Skin tint,5N1 Walnut,#A66A3D,166,106,61,50.4,Tan,3,Yes,12,4.48,deeper half,color code,TRUE,https://www.lauramercier.com/products/tinted-moisturizer-light-revealer-natural-skin-illuminator
Laura Mercier,Tinted Moisturizer Light Revealer SPF 25,Skin tint,6N1 Mocha,#9B5E33,155,94,51,45.92,Tan,3,Yes,13,13.97,deeper half,color code,TRUE,https://www.lauramercier.com/products/tinted-moisturizer-light-revealer-natural-skin-illuminator
Laura Mercier,Tinted Moisturizer Light Revealer SPF 25,Skin tint,6C1 Cacao,#6D4027,109,64,39,31.95,Deep,4,Yes,14,,deeper half,color code,TRUE,https://www.lauramercier.com/products/tinted-moisturizer-light-revealer-natural-skin-illuminator
Laura Mercier,Tinted Moisturizer Natural Dewy SPF 30,Skin tint,0N Silk,#F3D3AE,243,211,174,86.35,Light,1,No,1,0.73,lighter half,color code,TRUE,https://www.lauramercier.com/products/tinted-moisturizer-natural-dewy-broad-spectrum-spf-30-suncreen
Laura Mercier,Tinted Moisturizer Natural Dewy SPF 30,Skin tint,1C Cameo,#F1D0B7,241,208,183,85.62,Light,1,No,2,4.72,lighter half,color code,FALSE,https://www.lauramercier.com/products/tinted-moisturizer-natural-dewy-broad-spectrum-spf-30-suncreen
Laura Mercier,Tinted Moisturizer Natural Dewy SPF 30,Skin tint,1N Birch,#E7C398,231,195,152,80.9,Light,1,No,3,1.24,lighter half,color code,TRUE,https://www.lauramercier.com/products/tinted-moisturizer-natural-dewy-broad-spectrum-spf-30-suncreen
Laura Mercier,Tinted Moisturizer Natural Dewy SPF 30,Skin tint,1W Blonde,#E4C08C,228,192,140,79.66,Light,1,No,4,3.4,lighter half,color code,TRUE,https://www.lauramercier.com/products/tinted-moisturizer-natural-dewy-broad-spectrum-spf-30-suncreen
Laura Mercier,Tinted Moisturizer Natural Dewy SPF 30,Skin tint,2C Oak,#DBB596,219,181,150,76.26,Light,1,No,5,0.95,lighter half,color code,TRUE,https://www.lauramercier.com/products/tinted-moisturizer-natural-dewy-broad-spectrum-spf-30-suncreen
Laura Mercier,Tinted Moisturizer Natural Dewy SPF 30,Skin tint,2N Maple,#D9B388,217,179,136,75.31,Light,1,No,6,2.09,lighter half,color code,TRUE,https://www.lauramercier.com/products/tinted-moisturizer-natural-dewy-broad-spectrum-spf-30-suncreen
Laura Mercier,Tinted Moisturizer Natural Dewy SPF 30,Skin tint,2W Citrine,#D9AC73,217,172,115,73.22,Medium,2,No,7,7.72,lighter half,color code,TRUE,https://www.lauramercier.com/products/tinted-moisturizer-natural-dewy-broad-spectrum-spf-30-suncreen
Laura Mercier,Tinted Moisturizer Natural Dewy SPF 30,Skin tint,3C Fawn,#C39674,195,150,116,65.5,Medium,2,No,8,0.01,lighter half,color code,TRUE,https://www.lauramercier.com/products/tinted-moisturizer-natural-dewy-broad-spectrum-spf-30-suncreen
Laura Mercier,Tinted Moisturizer Natural Dewy SPF 30,Skin tint,3N Sand,#C4966E,196,150,110,65.49,Medium,2,No,9,2.09,lighter half,color code,TRUE,https://www.lauramercier.com/products/tinted-moisturizer-natural-dewy-broad-spectrum-spf-30-suncreen
Laura Mercier,Tinted Moisturizer Natural Dewy SPF 30,Skin tint,3W Palomino,#C1905D,193,144,93,63.4,Medium,2,No,10,7.18,lighter half,color code,TRUE,https://www.lauramercier.com/products/tinted-moisturizer-natural-dewy-broad-spectrum-spf-30-suncreen
Laura Mercier,Tinted Moisturizer Natural Dewy SPF 30,Skin tint,4N Teak,#AD7D50,173,125,80,56.22,Medium,2,No,11,0.47,lighter half,color code,TRUE,https://www.lauramercier.com/products/tinted-moisturizer-natural-dewy-broad-spectrum-spf-30-suncreen
Laura Mercier,Tinted Moisturizer Natural Dewy SPF 30,Skin tint,4C Hazel,#AD7B52,173,123,82,55.75,Medium,2,No,12,6.93,lighter half,color code,TRUE,https://www.lauramercier.com/products/tinted-moisturizer-natural-dewy-broad-spectrum-spf-30-suncreen
Laura Mercier,Tinted Moisturizer Natural Dewy SPF 30,Skin tint,4W Ochre,#9A6A36,154,106,54,48.82,Tan,3,Yes,13,6.18,deeper half,color code,TRUE,https://www.lauramercier.com/products/tinted-moisturizer-natural-dewy-broad-spectrum-spf-30-suncreen
Laura Mercier,Tinted Moisturizer Natural Dewy SPF 30,Skin tint,5N Clay,#885B2F,136,91,47,42.64,Tan,3,Yes,14,0.53,deeper half,color code,TRUE,https://www.lauramercier.com/products/tinted-moisturizer-natural-dewy-broad-spectrum-spf-30-suncreen
Laura Mercier,Tinted Moisturizer Natural Dewy SPF 30,Skin tint,5C Cedar,#875937,135,89,55,42.11,Tan,3,Yes,15,3.45,deeper half,color code,TRUE,https://www.lauramercier.com/products/tinted-moisturizer-natural-dewy-broad-spectrum-spf-30-suncreen
Laura Mercier,Tinted Moisturizer Natural Dewy SPF 30,Skin tint,5W Terracotta,#7A5326,122,83,38,38.66,Tan,3,Yes,16,3.7,deeper half,color code,TRUE,https://www.lauramercier.com/products/tinted-moisturizer-natural-dewy-broad-spectrum-spf-30-suncreen
Laura Mercier,Tinted Moisturizer Natural Dewy SPF 30,Skin tint,6C Brunette,#73482E,115,72,46,34.96,Deep,4,Yes,17,4.27,deeper half,color code,TRUE,https://www.lauramercier.com/products/tinted-moisturizer-natural-dewy-broad-spectrum-spf-30-suncreen
Laura Mercier,Tinted Moisturizer Natural Dewy SPF 30,Skin tint,6N Umber,#644027,100,64,39,30.69,Deep,4,Yes,18,3.18,deeper half,color code,TRUE,https://www.lauramercier.com/products/tinted-moisturizer-natural-dewy-broad-spectrum-spf-30-suncreen
Laura Mercier,Tinted Moisturizer Natural Dewy SPF 30,Skin tint,7C Sable,#5C382B,92,56,43,27.51,Deep,4,Yes,19,3.59,deeper half,color code,TRUE,https://www.lauramercier.com/products/tinted-moisturizer-natural-dewy-broad-spectrum-spf-30-suncreen
Laura Mercier,Tinted Moisturizer Natural Dewy SPF 30,Skin tint,7N Mahogany,#52311C,82,49,28,23.92,Deep,4,Yes,20,,deeper half,color code,TRUE,https://www.lauramercier.com/products/tinted-moisturizer-natural-dewy-broad-spectrum-spf-30-suncreen
NYX Professional Makeup,Bare With Me Blur Tint Foundation,Foundation,Pale,#E8CDBD,232,205,189,84.22,Light,1,No,1,0.5,lighter half,color code,FALSE,https://www.nyxcosmetics.com/face/foundation/bare-with-me-blur-skin-tint-foundation/NYX_1050.html
NYX Professional Makeup,Bare With Me Blur Tint Foundation,Foundation,Fair,#E9CBB9,233,203,185,83.72,Light,1,No,2,7.42,lighter half,color code,TRUE,https://www.nyxcosmetics.com/face/foundation/bare-with-me-blur-skin-tint-foundation/NYX_1050.html
NYX Professional Makeup,Bare With Me Blur Tint Foundation,Foundation,Vanilla,#DBB598,219,181,152,76.3,Light,1,No,3,0.13,lighter half,color code,FALSE,https://www.nyxcosmetics.com/face/foundation/bare-with-me-blur-skin-tint-foundation/NYX_1050.html
NYX Professional Makeup,Bare With Me Blur Tint Foundation,Foundation,Light-Ivory,#DCB3A5,220,179,165,76.17,Light,1,No,4,1.03,lighter half,color code,FALSE,https://www.nyxcosmetics.com/face/foundation/bare-with-me-blur-skin-tint-foundation/NYX_1050.html
NYX Professional Makeup,Bare With Me Blur Tint Foundation,Foundation,Light-Neutral,#D9B199,217,177,153,75.14,Light,1,No,5,3.94,lighter half,color code,TRUE,https://www.nyxcosmetics.com/face/foundation/bare-with-me-blur-skin-tint-foundation/NYX_1050.html
NYX Professional Makeup,Bare With Me Blur Tint Foundation,Foundation,Soft-Beige,#D6A483,214,164,131,71.2,Medium,2,No,6,3.29,lighter half,color code,TRUE,https://www.nyxcosmetics.com/face/foundation/bare-with-me-blur-skin-tint-foundation/NYX_1050.html
NYX Professional Makeup,Bare With Me Blur Tint Foundation,Foundation,Golden,#D39972,211,153,114,67.91,Medium,2,No,7,6.18,lighter half,color code,FALSE,https://www.nyxcosmetics.com/face/foundation/bare-with-me-blur-skin-tint-foundation/NYX_1050.html
NYX Professional Makeup,Bare With Me Blur Tint Foundation,Foundation,Light-Medium,#B98C69,185,140,105,61.73,Medium,2,No,8,0.65,lighter half,color code,TRUE,https://www.nyxcosmetics.com/face/foundation/bare-with-me-blur-skin-tint-foundation/NYX_1050.html
NYX Professional Makeup,Bare With Me Blur Tint Foundation,Foundation,Medium,#BB8962,187,137,98,61.08,Medium,2,No,9,1.25,lighter half,color code,TRUE,https://www.nyxcosmetics.com/face/foundation/bare-with-me-blur-skin-tint-foundation/NYX_1050.html
NYX Professional Makeup,Bare With Me Blur Tint Foundation,Foundation,Medium-Neutral,#BB8461,187,132,97,59.83,Medium,2,No,10,0.08,lighter half,color code,FALSE,https://www.nyxcosmetics.com/face/foundation/bare-with-me-blur-skin-tint-foundation/NYX_1050.html
NYX Professional Makeup,Bare With Me Blur Tint Foundation,Foundation,Golden-Light,#B9855B,185,133,91,59.75,Medium,2,No,11,5.14,lighter half,color code,FALSE,https://www.nyxcosmetics.com/face/foundation/bare-with-me-blur-skin-tint-foundation/NYX_1050.html
NYX Professional Makeup,Bare With Me Blur Tint Foundation,Foundation,Caramel,#B37449,179,116,73,54.61,Tan,3,Yes,12,0.97,lighter half,color code,TRUE,https://www.nyxcosmetics.com/face/foundation/bare-with-me-blur-skin-tint-foundation/NYX_1050.html
NYX Professional Makeup,Bare With Me Blur Tint Foundation,Foundation,Medium-Dark,#B37048,179,112,72,53.64,Tan,3,Yes,13,3.22,lighter half,color code,TRUE,https://www.nyxcosmetics.com/face/foundation/bare-with-me-blur-skin-tint-foundation/NYX_1050.html
NYX Professional Makeup,Bare With Me Blur Tint Foundation,Foundation,Medium-Tan,#A76947,167,105,71,50.42,Tan,3,Yes,14,1.89,deeper half,color code,FALSE,https://www.nyxcosmetics.com/face/foundation/bare-with-me-blur-skin-tint-foundation/NYX_1050.html
NYX Professional Makeup,Bare With Me Blur Tint Foundation,Foundation,Warm-Honey,#A26444,162,100,68,48.53,Tan,3,Yes,15,6.52,deeper half,color code,TRUE,https://www.nyxcosmetics.com/face/foundation/bare-with-me-blur-skin-tint-foundation/NYX_1050.html
NYX Professional Makeup,Bare With Me Blur Tint Foundation,Foundation,Warm-Caramel,#8F543C,143,84,60,42.01,Tan,3,Yes,16,1.08,deeper half,color code,FALSE,https://www.nyxcosmetics.com/face/foundation/bare-with-me-blur-skin-tint-foundation/NYX_1050.html
NYX Professional Makeup,Bare With Me Blur Tint Foundation,Foundation,Nutmeg,#8B5239,139,82,57,40.93,Tan,3,Yes,17,1.01,deeper half,color code,TRUE,https://www.nyxcosmetics.com/face/foundation/bare-with-me-blur-skin-tint-foundation/NYX_1050.html
NYX Professional Makeup,Bare With Me Blur Tint Foundation,Foundation,Truffle,#8E4C38,142,76,56,39.92,Tan,3,Yes,18,2.09,deeper half,color code,FALSE,https://www.nyxcosmetics.com/face/foundation/bare-with-me-blur-skin-tint-foundation/NYX_1050.html
NYX Professional Makeup,Bare With Me Blur Tint Foundation,Foundation,Deep-Golden,#814B39,129,75,57,37.83,Tan,3,Yes,19,1.08,deeper half,color code,TRUE,https://www.nyxcosmetics.com/face/foundation/bare-with-me-blur-skin-tint-foundation/NYX_1050.html
NYX Professional Makeup,Bare With Me Blur Tint Foundation,Foundation,Deep Bronze,#824637,130,70,55,36.75,Tan,3,Yes,20,5.07,deeper half,color code,TRUE,https://www.nyxcosmetics.com/face/foundation/bare-with-me-blur-skin-tint-foundation/NYX_1050.html
NYX Professional Makeup,Bare With Me Blur Tint Foundation,Foundation,Rich,#644331,100,67,49,31.68,Deep,4,Yes,21,7.13,deeper half,color code,TRUE,https://www.nyxcosmetics.com/face/foundation/bare-with-me-blur-skin-tint-foundation/NYX_1050.html
NYX Professional Makeup,Bare With Me Blur Tint Foundation,Foundation,Mocha,#54312D,84,49,45,24.55,Deep,4,Yes,22,2.86,deeper half,color code,TRUE,https://www.nyxcosmetics.com/face/foundation/bare-with-me-blur-skin-tint-foundation/NYX_1050.html
NYX Professional Makeup,Bare With Me Blur Tint Foundation,Foundation,Espresso,#462E2B,70,46,43,21.69,Deep,4,Yes,23,1.38,deeper half,color code,TRUE,https://www.nyxcosmetics.com/face/foundation/bare-with-me-blur-skin-tint-foundation/NYX_1050.html
NYX Professional Makeup,Bare With Me Blur Tint Foundation,Foundation,Java,#402C2B,64,44,43,20.31,Deep,4,Yes,24,,deeper half,color code,FALSE,https://www.nyxcosmetics.com/face/foundation/bare-with-me-blur-skin-tint-foundation/NYX_1050.html
NYX Professional Makeup,Buttermelt Glaze Soft Glow Skin Tint SPF 30,Skin tint,01-Whipped-Butta,#EBB388,235,179,136,77.09,Light,1,No,1,9.24,lighter half,color code,TRUE,https://www.nyxcosmetics.com/face/foundation/buttermelt-glaze-spf-skin-tint/NYX_1127.html
NYX Professional Makeup,Buttermelt Glaze Soft Glow Skin Tint SPF 30,Skin tint,02-Vanilla-Bean-Butta,#D19A6D,209,154,109,67.85,Medium,2,No,2,7.46,lighter half,color code,TRUE,https://www.nyxcosmetics.com/face/foundation/buttermelt-glaze-spf-skin-tint/NYX_1127.html
NYX Professional Makeup,Buttermelt Glaze Soft Glow Skin Tint SPF 30,Skin tint,03-Cashew-Butta,#C18459,193,132,89,60.39,Medium,2,No,3,1.23,lighter half,color code,TRUE,https://www.nyxcosmetics.com/face/foundation/buttermelt-glaze-spf-skin-tint/NYX_1127.html
NYX Professional Makeup,Buttermelt Glaze Soft Glow Skin Tint SPF 30,Skin tint,04-Almond-Butta,#BE814E,190,129,78,59.16,Medium,2,No,4,10.43,lighter half,color code,TRUE,https://www.nyxcosmetics.com/face/foundation/buttermelt-glaze-spf-skin-tint/NYX_1127.html
NYX Professional Makeup,Buttermelt Glaze Soft Glow Skin Tint SPF 30,Skin tint,06-Praline-Butta,#A16639,161,102,57,48.73,Tan,3,Yes,5,1.76,lighter half,color code,FALSE,https://www.nyxcosmetics.com/face/foundation/buttermelt-glaze-spf-skin-tint/NYX_1127.html
NYX Professional Makeup,Buttermelt Glaze Soft Glow Skin Tint SPF 30,Skin tint,05-Chai-Butta,#9B6239,155,98,57,46.97,Tan,3,Yes,6,7.12,lighter half,color code,FALSE,https://www.nyxcosmetics.com/face/foundation/buttermelt-glaze-spf-skin-tint/NYX_1127.html
NYX Professional Makeup,Buttermelt Glaze Soft Glow Skin Tint SPF 30,Skin tint,07-Toffee-Butta,#88502D,136,80,45,39.85,Tan,3,Yes,7,8.75,deeper half,color code,FALSE,https://www.nyxcosmetics.com/face/foundation/buttermelt-glaze-spf-skin-tint/NYX_1127.html
NYX Professional Makeup,Buttermelt Glaze Soft Glow Skin Tint SPF 30,Skin tint,08-Nutmeg-Butta,#6B3E23,107,62,35,31.1,Deep,4,Yes,8,10.32,deeper half,color code,FALSE,https://www.nyxcosmetics.com/face/foundation/buttermelt-glaze-spf-skin-tint/NYX_1127.html
NYX Professional Makeup,Buttermelt Glaze Soft Glow Skin Tint SPF 30,Skin tint,09-Hazelnut-Butta,#4C2918,76,41,24,20.78,Deep,4,Yes,9,7.72,deeper half,color code,TRUE,https://www.nyxcosmetics.com/face/foundation/buttermelt-glaze-spf-skin-tint/NYX_1127.html
NYX Professional Makeup,Buttermelt Glaze Soft Glow Skin Tint SPF 30,Skin tint,10-Chocolate-Butta,#331C10,51,28,16,13.06,Deep,4,Yes,10,,deeper half,color code,FALSE,https://www.nyxcosmetics.com/face/foundation/buttermelt-glaze-spf-skin-tint/NYX_1127.html
NYX Professional Makeup,Make 'Em Wonder Soft Matte Buildable Foundation,Foundation,PALE,#FDD4B1,253,212,177,87.55,Light,1,No,1,0.25,lighter half,color code,TRUE,https://www.nyxcosmetics.com/face/foundation-makeup/make-%E2%80%98em-wonder-soft-matte-buildable-foundation/NYX_1163.html
NYX Professional Makeup,Make 'Em Wonder Soft Matte Buildable Foundation,Foundation,FAIR-PORCELAIN,#FFD1BF,255,209,191,87.3,Light,1,No,2,1.61,lighter half,color code,TRUE,https://www.nyxcosmetics.com/face/foundation-makeup/make-%E2%80%98em-wonder-soft-matte-buildable-foundation/NYX_1163.html
NYX Professional Makeup,Make 'Em Wonder Soft Matte Buildable Foundation,Foundation,FAIR,#EFD1B7,239,209,183,85.69,Light,1,No,3,1.6,lighter half,color code,TRUE,https://www.nyxcosmetics.com/face/foundation-makeup/make-%E2%80%98em-wonder-soft-matte-buildable-foundation/NYX_1163.html
NYX Professional Makeup,Make 'Em Wonder Soft Matte Buildable Foundation,Foundation,LIGHT,#F5C9AE,245,201,174,84.09,Light,1,No,4,3.88,lighter half,color code,TRUE,https://www.nyxcosmetics.com/face/foundation-makeup/make-%E2%80%98em-wonder-soft-matte-buildable-foundation/NYX_1163.html
NYX Professional Makeup,Make 'Em Wonder Soft Matte Buildable Foundation,Foundation,COOL-PORCELAIN,#E1C1AA,225,193,170,80.21,Light,1,No,5,1.58,lighter half,color code,TRUE,https://www.nyxcosmetics.com/face/foundation-makeup/make-%E2%80%98em-wonder-soft-matte-buildable-foundation/NYX_1163.html
NYX Professional Makeup,Make 'Em Wonder Soft Matte Buildable Foundation,Foundation,VANILLA,#E9B998,233,185,152,78.63,Light,1,No,6,0.55,lighter half,color code,TRUE,https://www.nyxcosmetics.com/face/foundation-makeup/make-%E2%80%98em-wonder-soft-matte-buildable-foundation/NYX_1163.html
NYX Professional Makeup,Make 'Em Wonder Soft Matte Buildable Foundation,Foundation,LIGHT-IVORY,#E8B79A,232,183,154,78.08,Light,1,No,7,0.52,lighter half,color code,TRUE,https://www.nyxcosmetics.com/face/foundation-makeup/make-%E2%80%98em-wonder-soft-matte-buildable-foundation/NYX_1163.html
NYX Professional Makeup,Make 'Em Wonder Soft Matte Buildable Foundation,Foundation,LIGHT-NUDE,#E2B890,226,184,144,77.56,Light,1,No,8,0.22,lighter half,color code,TRUE,https://www.nyxcosmetics.com/face/foundation-makeup/make-%E2%80%98em-wonder-soft-matte-buildable-foundation/NYX_1163.html
NYX Professional Makeup,Make 'Em Wonder Soft Matte Buildable Foundation,Foundation,NUDE,#DFB894,223,184,148,77.34,Light,1,No,9,0.49,lighter half,color code,TRUE,https://www.nyxcosmetics.com/face/foundation-makeup/make-%E2%80%98em-wonder-soft-matte-buildable-foundation/NYX_1163.html
NYX Professional Makeup,Make 'Em Wonder Soft Matte Buildable Foundation,Foundation,FAIR-IVORY,#DCB6A2,220,182,162,76.85,Light,1,No,10,2.37,lighter half,color code,TRUE,https://www.nyxcosmetics.com/face/foundation-makeup/make-%E2%80%98em-wonder-soft-matte-buildable-foundation/NYX_1163.html
NYX Professional Makeup,Make 'Em Wonder Soft Matte Buildable Foundation,Foundation,LIGHT-SAND,#E1AD80,225,173,128,74.48,Medium,2,No,11,1.04,lighter half,color code,TRUE,https://www.nyxcosmetics.com/face/foundation-makeup/make-%E2%80%98em-wonder-soft-matte-buildable-foundation/NYX_1163.html
NYX Professional Makeup,Make 'Em Wonder Soft Matte Buildable Foundation,Foundation,CLASSIC-IVORY,#E2A884,226,168,132,73.44,Medium,2,No,12,3.65,lighter half,color code,TRUE,https://www.nyxcosmetics.com/face/foundation-makeup/make-%E2%80%98em-wonder-soft-matte-buildable-foundation/NYX_1163.html
NYX Professional Makeup,Make 'Em Wonder Soft Matte Buildable Foundation,Foundation,BUFF,#D1A17A,209,161,122,69.79,Medium,2,No,13,0.21,lighter half,color code,TRUE,https://www.nyxcosmetics.com/face/foundation-makeup/make-%E2%80%98em-wonder-soft-matte-buildable-foundation/NYX_1163.html
NYX Professional Makeup,Make 'Em Wonder Soft Matte Buildable Foundation,Foundation,TRUE-BEIGE,#D69E7A,214,158,122,69.58,Medium,2,No,14,0.02,lighter half,color code,TRUE,https://www.nyxcosmetics.com/face/foundation-makeup/make-%E2%80%98em-wonder-soft-matte-buildable-foundation/NYX_1163.html
NYX Professional Makeup,Make 'Em Wonder Soft Matte Buildable Foundation,Foundation,NATURAL,#DB9C75,219,156,117,69.56,Medium,2,No,15,1.33,lighter half,color code,TRUE,https://www.nyxcosmetics.com/face/foundation-makeup/make-%E2%80%98em-wonder-soft-matte-buildable-foundation/NYX_1163.html
NYX Professional Makeup,Make 'Em Wonder Soft Matte Buildable Foundation,Foundation,GOLDEN-LIGHT,#CD9D71,205,157,113,68.23,Medium,2,No,16,0.41,lighter half,color code,TRUE,https://www.nyxcosmetics.com/face/foundation-makeup/make-%E2%80%98em-wonder-soft-matte-buildable-foundation/NYX_1163.html
NYX Professional Makeup,Make 'Em Wonder Soft Matte Buildable Foundation,Foundation,WARM-BEIGE,#CF9A78,207,154,120,67.82,Medium,2,No,17,0.09,lighter half,color code,TRUE,https://www.nyxcosmetics.com/face/foundation-makeup/make-%E2%80%98em-wonder-soft-matte-buildable-foundation/NYX_1163.html
NYX Professional Makeup,Make 'Em Wonder Soft Matte Buildable Foundation,Foundation,MEDIUM-OLIVE,#D59777,213,151,119,67.73,Medium,2,No,18,2.47,lighter half,color code,TRUE,https://www.nyxcosmetics.com/face/foundation-makeup/make-%E2%80%98em-wonder-soft-matte-buildable-foundation/NYX_1163.html
NYX Professional Makeup,Make 'Em Wonder Soft Matte Buildable Foundation,Foundation,CLASSIC-TAN,#D38F62,211,143,98,65.26,Medium,2,No,19,1.21,lighter half,color code,TRUE,https://www.nyxcosmetics.com/face/foundation-makeup/make-%E2%80%98em-wonder-soft-matte-buildable-foundation/NYX_1163.html
NYX Professional Makeup,Make 'Em Wonder Soft Matte Buildable Foundation,Foundation,NATURAL-BEIGE,#CC8D67,204,141,103,64.05,Medium,2,No,20,2.59,lighter half,color code,TRUE,https://www.nyxcosmetics.com/face/foundation-makeup/make-%E2%80%98em-wonder-soft-matte-buildable-foundation/NYX_1163.html
NYX Professional Makeup,Make 'Em Wonder Soft Matte Buildable Foundation,Foundation,GOLDEN-CARAMEL,#C38760,195,135,96,61.46,Medium,2,No,21,1.12,lighter half,color code,TRUE,https://www.nyxcosmetics.com/face/foundation-makeup/make-%E2%80%98em-wonder-soft-matte-buildable-foundation/NYX_1163.html
NYX Professional Makeup,Make 'Em Wonder Soft Matte Buildable Foundation,Foundation,GOLDEN,#C0845D,192,132,93,60.34,Medium,2,No,22,1.39,lighter half,color code,TRUE,https://www.nyxcosmetics.com/face/foundation-makeup/make-%E2%80%98em-wonder-soft-matte-buildable-foundation/NYX_1163.html
NYX Professional Makeup,Make 'Em Wonder Soft Matte Buildable Foundation,Foundation,HONEY,#BD8059,189,128,89,58.95,Medium,2,No,23,0.57,lighter half,color code,TRUE,https://www.nyxcosmetics.com/face/foundation-makeup/make-%E2%80%98em-wonder-soft-matte-buildable-foundation/NYX_1163.html
NYX Professional Makeup,Make 'Em Wonder Soft Matte Buildable Foundation,Foundation,MEDIUM,#B68159,182,129,89,58.38,Medium,2,No,24,0.74,lighter half,color code,TRUE,https://www.nyxcosmetics.com/face/foundation-makeup/make-%E2%80%98em-wonder-soft-matte-buildable-foundation/NYX_1163.html
NYX Professional Makeup,Make 'Em Wonder Soft Matte Buildable Foundation,Foundation,NEUTRAL-TAN,#B67E59,182,126,89,57.64,Medium,2,No,25,4.33,lighter half,color code,TRUE,https://www.nyxcosmetics.com/face/foundation-makeup/make-%E2%80%98em-wonder-soft-matte-buildable-foundation/NYX_1163.html
NYX Professional Makeup,Make 'Em Wonder Soft Matte Buildable Foundation,Foundation,LIGHT-NUTMEG,#AB7254,171,114,84,53.31,Tan,3,Yes,26,1.14,lighter half,color code,TRUE,https://www.nyxcosmetics.com/face/foundation-makeup/make-%E2%80%98em-wonder-soft-matte-buildable-foundation/NYX_1163.html
NYX Professional Makeup,Make 'Em Wonder Soft Matte Buildable Foundation,Foundation,MAPLE,#A7704A,167,112,74,52.17,Tan,3,Yes,27,0.06,lighter half,color code,TRUE,https://www.nyxcosmetics.com/face/foundation-makeup/make-%E2%80%98em-wonder-soft-matte-buildable-foundation/NYX_1163.html
NYX Professional Makeup,Make 'Em Wonder Soft Matte Buildable Foundation,Foundation,CINNAMON,#AF6C43,175,108,67,52.11,Tan,3,Yes,28,0.23,lighter half,color code,TRUE,https://www.nyxcosmetics.com/face/foundation-makeup/make-%E2%80%98em-wonder-soft-matte-buildable-foundation/NYX_1163.html
NYX Professional Makeup,Make 'Em Wonder Soft Matte Buildable Foundation,Foundation,TRUE-CARAMEL,#AE6B4C,174,107,76,51.88,Tan,3,Yes,29,0.59,lighter half,color code,TRUE,https://www.nyxcosmetics.com/face/foundation-makeup/make-%E2%80%98em-wonder-soft-matte-buildable-foundation/NYX_1163.html
NYX Professional Makeup,Make 'Em Wonder Soft Matte Buildable Foundation,Foundation,WARM-PECAN,#A86C48,168,108,72,51.29,Tan,3,Yes,30,3.25,lighter half,color code,TRUE,https://www.nyxcosmetics.com/face/foundation-makeup/make-%E2%80%98em-wonder-soft-matte-buildable-foundation/NYX_1163.html
NYX Professional Makeup,Make 'Em Wonder Soft Matte Buildable Foundation,Foundation,WARM-HONEY,#A56137,165,97,55,48.04,Tan,3,Yes,31,1.95,deeper half,color code,TRUE,https://www.nyxcosmetics.com/face/foundation-makeup/make-%E2%80%98em-wonder-soft-matte-buildable-foundation/NYX_1163.html
NYX Professional Makeup,Make 'Em Wonder Soft Matte Buildable Foundation,Foundation,SOFT-MOCHA,#8E6448,142,100,72,46.09,Tan,3,Yes,32,0.72,deeper half,color code,TRUE,https://www.nyxcosmetics.com/face/foundation-makeup/make-%E2%80%98em-wonder-soft-matte-buildable-foundation/NYX_1163.html
NYX Professional Makeup,Make 'Em Wonder Soft Matte Buildable Foundation,Foundation,CAPUCCINO,#9C5B35,156,91,53,45.37,Tan,3,Yes,33,1.14,deeper half,color code,TRUE,https://www.nyxcosmetics.com/face/foundation-makeup/make-%E2%80%98em-wonder-soft-matte-buildable-foundation/NYX_1163.html
NYX Professional Makeup,Make 'Em Wonder Soft Matte Buildable Foundation,Foundation,MAHOGANY,#8F5D3C,143,93,60,44.23,Tan,3,Yes,34,0.1,deeper half,color code,TRUE,https://www.nyxcosmetics.com/face/foundation-makeup/make-%E2%80%98em-wonder-soft-matte-buildable-foundation/NYX_1163.html
NYX Professional Makeup,Make 'Em Wonder Soft Matte Buildable Foundation,Foundation,SIENNA,#925B3D,146,91,61,44.13,Tan,3,Yes,35,8.3,deeper half,color code,TRUE,https://www.nyxcosmetics.com/face/foundation-makeup/make-%E2%80%98em-wonder-soft-matte-buildable-foundation/NYX_1163.html
NYX Professional Makeup,Make 'Em Wonder Soft Matte Buildable Foundation,Foundation,WARM-RICH,#794831,121,72,49,35.83,Tan,3,Yes,36,1.72,deeper half,color code,TRUE,https://www.nyxcosmetics.com/face/foundation-makeup/make-%E2%80%98em-wonder-soft-matte-buildable-foundation/NYX_1163.html
NYX Professional Makeup,Make 'Em Wonder Soft Matte Buildable Foundation,Foundation,DEEP-RICH,#744430,116,68,48,34.11,Deep,4,Yes,37,0.43,deeper half,color code,TRUE,https://www.nyxcosmetics.com/face/foundation-makeup/make-%E2%80%98em-wonder-soft-matte-buildable-foundation/NYX_1163.html
NYX Professional Makeup,Make 'Em Wonder Soft Matte Buildable Foundation,Foundation,DEEP-TRUFFLE,#73432E,115,67,46,33.68,Deep,4,Yes,38,0.24,deeper half,color code,TRUE,https://www.nyxcosmetics.com/face/foundation-makeup/make-%E2%80%98em-wonder-soft-matte-buildable-foundation/NYX_1163.html
NYX Professional Makeup,Make 'Em Wonder Soft Matte Buildable Foundation,Foundation,COCOA,#6F4432,111,68,50,33.44,Deep,4,Yes,39,3.27,deeper half,color code,TRUE,https://www.nyxcosmetics.com/face/foundation-makeup/make-%E2%80%98em-wonder-soft-matte-buildable-foundation/NYX_1163.html
NYX Professional Makeup,Make 'Em Wonder Soft Matte Buildable Foundation,Foundation,DEEP-WALNUT,#6B3A28,107,58,40,30.17,Deep,4,Yes,40,0.86,deeper half,color code,TRUE,https://www.nyxcosmetics.com/face/foundation-makeup/make-%E2%80%98em-wonder-soft-matte-buildable-foundation/NYX_1163.html
NYX Professional Makeup,Make 'Em Wonder Soft Matte Buildable Foundation,Foundation,WALNUT,#68391D,104,57,29,29.31,Deep,4,Yes,41,2.67,deeper half,color code,TRUE,https://www.nyxcosmetics.com/face/foundation-makeup/make-%E2%80%98em-wonder-soft-matte-buildable-foundation/NYX_1163.html
NYX Professional Makeup,Make 'Em Wonder Soft Matte Buildable Foundation,Foundation,DEEP-EBONY,#5A3628,90,54,40,26.64,Deep,4,Yes,42,1.69,deeper half,color code,TRUE,https://www.nyxcosmetics.com/face/foundation-makeup/make-%E2%80%98em-wonder-soft-matte-buildable-foundation/NYX_1163.html
NYX Professional Makeup,Make 'Em Wonder Soft Matte Buildable Foundation,Foundation,WARM-WALNUT,#593029,89,48,41,24.95,Deep,4,Yes,43,11.72,deeper half,color code,TRUE,https://www.nyxcosmetics.com/face/foundation-makeup/make-%E2%80%98em-wonder-soft-matte-buildable-foundation/NYX_1163.html
NYX Professional Makeup,Make 'Em Wonder Soft Matte Buildable Foundation,Foundation,RICH-ESPRESSO,#361B0E,54,27,14,13.23,Deep,4,Yes,44,3.55,deeper half,color code,TRUE,https://www.nyxcosmetics.com/face/foundation-makeup/make-%E2%80%98em-wonder-soft-matte-buildable-foundation/NYX_1163.html
NYX Professional Makeup,Make 'Em Wonder Soft Matte Buildable Foundation,Foundation,RICH-COCOA,#271711,39,23,17,9.68,Deep,4,Yes,45,,deeper half,color code,TRUE,https://www.nyxcosmetics.com/face/foundation-makeup/make-%E2%80%98em-wonder-soft-matte-buildable-foundation/NYX_1163.html
Rare Beauty,Liquid Touch Weightless Foundation,Foundation,100W,#F6E3CC,246,227,204,91.18,Light,1,No,1,2.94,lighter half,image,TRUE,https://www.rarebeauty.com/products/liquid-touch-weightless-foundation-1
Rare Beauty,Liquid Touch Weightless Foundation,Foundation,110N,#F5D8C5,245,216,197,88.24,Light,1,No,2,3.06,lighter half,image,TRUE,https://www.rarebeauty.com/products/liquid-touch-weightless-foundation-1
Rare Beauty,Liquid Touch Weightless Foundation,Foundation,120C,#F2CEB5,242,206,181,85.18,Light,1,No,3,1.27,lighter half,image,TRUE,https://www.rarebeauty.com/products/liquid-touch-weightless-foundation-1
Rare Beauty,Liquid Touch Weightless Foundation,Foundation,140C,#F3C9AE,243,201,174,83.91,Light,1,No,4,0.56,lighter half,image,FALSE,https://www.rarebeauty.com/products/liquid-touch-weightless-foundation-1
Rare Beauty,Liquid Touch Weightless Foundation,Foundation,150C,#F5C6AD,245,198,173,83.35,Light,1,No,5,2.22,lighter half,image,TRUE,https://www.rarebeauty.com/products/liquid-touch-weightless-foundation-1
Rare Beauty,Liquid Touch Weightless Foundation,Foundation,170W,#E5C4A1,229,196,161,81.13,Light,1,No,6,0.1,lighter half,image,FALSE,https://www.rarebeauty.com/products/liquid-touch-weightless-foundation-1
Rare Beauty,Liquid Touch Weightless Foundation,Foundation,160C,#F3BEA3,243,190,163,81.03,Light,1,No,7,0.1,lighter half,image,TRUE,https://www.rarebeauty.com/products/liquid-touch-weightless-foundation-1
Rare Beauty,Liquid Touch Weightless Foundation,Foundation,190W,#EAC298,234,194,152,80.93,Light,1,No,8,0.93,lighter half,image,TRUE,https://www.rarebeauty.com/products/liquid-touch-weightless-foundation-1
Rare Beauty,Liquid Touch Weightless Foundation,Foundation,130N,#E9BEA0,233,190,160,80,Light,1,No,9,0.44,lighter half,image,TRUE,https://www.rarebeauty.com/products/liquid-touch-weightless-foundation-1
Rare Beauty,Liquid Touch Weightless Foundation,Foundation,200C,#ECBC93,236,188,147,79.56,Light,1,No,10,1.22,lighter half,image,FALSE,https://www.rarebeauty.com/products/liquid-touch-weightless-foundation-1
Rare Beauty,Liquid Touch Weightless Foundation,Foundation,180W,#E6B998,230,185,152,78.34,Light,1,No,11,0.81,lighter half,image,TRUE,https://www.rarebeauty.com/products/liquid-touch-weightless-foundation-1
Rare Beauty,Liquid Touch Weightless Foundation,Foundation,210N,#E5B78C,229,183,140,77.53,Light,1,No,12,0.28,lighter half,image,FALSE,https://www.rarebeauty.com/products/liquid-touch-weightless-foundation-1
Rare Beauty,Liquid Touch Weightless Foundation,Foundation,240W,#E6B684,230,182,132,77.25,Light,1,No,13,0.1,lighter half,image,TRUE,https://www.rarebeauty.com/products/liquid-touch-weightless-foundation-1
Rare Beauty,Liquid Touch Weightless Foundation,Foundation,220C,#EAB391,234,179,145,77.15,Light,1,No,14,0.03,lighter half,image,FALSE,https://www.rarebeauty.com/products/liquid-touch-weightless-foundation-1
Rare Beauty,Liquid Touch Weightless Foundation,Foundation,230N,#E2B785,226,183,133,77.12,Light,1,No,15,1.68,lighter half,image,FALSE,https://www.rarebeauty.com/products/liquid-touch-weightless-foundation-1
Rare Beauty,Liquid Touch Weightless Foundation,Foundation,270N,#E8AE80,232,174,128,75.44,Light,1,No,16,0,lighter half,image,FALSE,https://www.rarebeauty.com/products/liquid-touch-weightless-foundation-1
Rare Beauty,Liquid Touch Weightless Foundation,Foundation,280N,#E1B17F,225,177,127,75.44,Light,1,No,17,2.5,lighter half,image,FALSE,https://www.rarebeauty.com/products/liquid-touch-weightless-foundation-1
Rare Beauty,Liquid Touch Weightless Foundation,Foundation,250W,#DCA97D,220,169,125,72.94,Medium,2,No,18,0.52,lighter half,image,FALSE,https://www.rarebeauty.com/products/liquid-touch-weightless-foundation-1
Rare Beauty,Liquid Touch Weightless Foundation,Foundation,290N,#DEA67D,222,166,125,72.42,Medium,2,No,19,0.49,lighter half,image,FALSE,https://www.rarebeauty.com/products/liquid-touch-weightless-foundation-1
Rare Beauty,Liquid Touch Weightless Foundation,Foundation,260N,#E1A468,225,164,104,71.93,Medium,2,No,20,1.23,lighter half,image,FALSE,https://www.rarebeauty.com/products/liquid-touch-weightless-foundation-1
Rare Beauty,Liquid Touch Weightless Foundation,Foundation,300C,#D6A282,214,162,130,70.7,Medium,2,No,21,0.07,lighter half,image,FALSE,https://www.rarebeauty.com/products/liquid-touch-weightless-foundation-1
Rare Beauty,Liquid Touch Weightless Foundation,Foundation,320W,#DCA165,220,161,101,70.63,Medium,2,No,22,1.63,lighter half,image,FALSE,https://www.rarebeauty.com/products/liquid-touch-weightless-foundation-1
Rare Beauty,Liquid Touch Weightless Foundation,Foundation,330N,#DB9A70,219,154,112,69,Medium,2,No,23,2.32,lighter half,image,FALSE,https://www.rarebeauty.com/products/liquid-touch-weightless-foundation-1
Rare Beauty,Liquid Touch Weightless Foundation,Foundation,310W,#CA9871,202,152,113,66.68,Medium,2,No,24,2.28,lighter half,image,FALSE,https://www.rarebeauty.com/products/liquid-touch-weightless-foundation-1
Rare Beauty,Liquid Touch Weightless Foundation,Foundation,340C,#C79163,199,145,99,64.4,Medium,2,No,25,0.53,lighter half,image,FALSE,https://www.rarebeauty.com/products/liquid-touch-weightless-foundation-1
Rare Beauty,Liquid Touch Weightless Foundation,Foundation,360W,#C88F59,200,143,89,63.87,Medium,2,No,26,0.12,lighter half,image,FALSE,https://www.rarebeauty.com/products/liquid-touch-weightless-foundation-1
Rare Beauty,Liquid Touch Weightless Foundation,Foundation,370N,#D08B53,208,139,83,63.75,Medium,2,No,27,0.93,lighter half,image,FALSE,https://www.rarebeauty.com/products/liquid-touch-weightless-foundation-1
Rare Beauty,Liquid Touch Weightless Foundation,Foundation,380W,#CA8A54,202,138,84,62.82,Medium,2,No,28,0.4,lighter half,image,FALSE,https://www.rarebeauty.com/products/liquid-touch-weightless-foundation-1
Rare Beauty,Liquid Touch Weightless Foundation,Foundation,350C,#C68968,198,137,104,62.42,Medium,2,No,29,2.95,lighter half,image,FALSE,https://www.rarebeauty.com/products/liquid-touch-weightless-foundation-1
Rare Beauty,Liquid Touch Weightless Foundation,Foundation,390C,#C47E62,196,126,98,59.47,Medium,2,No,30,0.61,lighter half,image,TRUE,https://www.rarebeauty.com/products/liquid-touch-weightless-foundation-1
Rare Beauty,Liquid Touch Weightless Foundation,Foundation,400W,#BD8053,189,128,83,58.86,Medium,2,No,31,3.1,lighter half,image,FALSE,https://www.rarebeauty.com/products/liquid-touch-weightless-foundation-1
Rare Beauty,Liquid Touch Weightless Foundation,Foundation,410N,#B4784D,180,120,77,55.76,Medium,2,No,32,0.87,deeper half,image,FALSE,https://www.rarebeauty.com/products/liquid-touch-weightless-foundation-1
Rare Beauty,Liquid Touch Weightless Foundation,Foundation,420N,#B5744B,181,116,75,54.89,Tan,3,Yes,33,0.42,deeper half,image,FALSE,https://www.rarebeauty.com/products/liquid-touch-weightless-foundation-1
Rare Beauty,Liquid Touch Weightless Foundation,Foundation,430W,#B67246,182,114,70,54.47,Tan,3,Yes,34,4.94,deeper half,image,FALSE,https://www.rarebeauty.com/products/liquid-touch-weightless-foundation-1
Rare Beauty,Liquid Touch Weightless Foundation,Foundation,440C,#A66644,166,102,68,49.53,Tan,3,Yes,35,2.3,deeper half,image,FALSE,https://www.rarebeauty.com/products/liquid-touch-weightless-foundation-1
Rare Beauty,Liquid Touch Weightless Foundation,Foundation,470C,#A0603F,160,96,63,47.23,Tan,3,Yes,36,0.15,deeper half,image,FALSE,https://www.rarebeauty.com/products/liquid-touch-weightless-foundation-1
Rare Beauty,Liquid Touch Weightless Foundation,Foundation,450N,#A45D3F,164,93,63,47.08,Tan,3,Yes,37,0.78,deeper half,image,FALSE,https://www.rarebeauty.com/products/liquid-touch-weightless-foundation-1
Rare Beauty,Liquid Touch Weightless Foundation,Foundation,460W,#A15C35,161,92,53,46.3,Tan,3,Yes,38,4.09,deeper half,image,TRUE,https://www.rarebeauty.com/products/liquid-touch-weightless-foundation-1
Rare Beauty,Liquid Touch Weightless Foundation,Foundation,490C,#94523A,148,82,58,42.21,Tan,3,Yes,39,0.05,deeper half,image,FALSE,https://www.rarebeauty.com/products/liquid-touch-weightless-foundation-1
Rare Beauty,Liquid Touch Weightless Foundation,Foundation,480W,#8D5638,141,86,56,42.16,Tan,3,Yes,40,2.29,deeper half,image,TRUE,https://www.rarebeauty.com/products/liquid-touch-weightless-foundation-1
Rare Beauty,Liquid Touch Weightless Foundation,Foundation,510W,#83523B,131,82,59,39.87,Tan,3,Yes,41,0.16,deeper half,image,FALSE,https://www.rarebeauty.com/products/liquid-touch-weightless-foundation-1
Rare Beauty,Liquid Touch Weightless Foundation,Foundation,500N,#884F34,136,79,52,39.71,Tan,3,Yes,42,3.26,deeper half,image,FALSE,https://www.rarebeauty.com/products/liquid-touch-weightless-foundation-1
Rare Beauty,Liquid Touch Weightless Foundation,Foundation,530N,#824622,130,70,34,36.45,Tan,3,Yes,43,2.16,deeper half,image,FALSE,https://www.rarebeauty.com/products/liquid-touch-weightless-foundation-1
Rare Beauty,Liquid Touch Weightless Foundation,Foundation,520W,#754521,117,69,33,34.29,Deep,4,Yes,44,0.56,deeper half,image,TRUE,https://www.rarebeauty.com/products/liquid-touch-weightless-foundation-1
Rare Beauty,Liquid Touch Weightless Foundation,Foundation,540C,#764134,118,65,52,33.73,Deep,4,Yes,45,2.01,deeper half,image,FALSE,https://www.rarebeauty.com/products/liquid-touch-weightless-foundation-1
Rare Beauty,Liquid Touch Weightless Foundation,Foundation,550C,#703C38,112,60,56,31.72,Deep,4,Yes,46,3.55,deeper half,image,FALSE,https://www.rarebeauty.com/products/liquid-touch-weightless-foundation-1
Rare Beauty,Liquid Touch Weightless Foundation,Foundation,570N,#583C30,88,60,48,28.17,Deep,4,Yes,47,2.9,deeper half,image,FALSE,https://www.rarebeauty.com/products/liquid-touch-weightless-foundation-1
Rare Beauty,Liquid Touch Weightless Foundation,Foundation,560W,#583227,88,50,39,25.27,Deep,4,Yes,48,,deeper half,image,TRUE,https://www.rarebeauty.com/products/liquid-touch-weightless-foundation-1
Rare Beauty,True to Myself Natural Matte Longwear Foundation,Foundation,1 Fair Neutral,#FADFD8,250,223,216,90.81,Light,1,No,1,1.73,lighter half,image,TRUE,https://www.rarebeauty.com/products/true-to-myself-natural-matte-longwear-foundation
Rare Beauty,True to Myself Natural Matte Longwear Foundation,Foundation,2 Fair Warm,#F5DBCA,245,219,202,89.08,Light,1,No,2,1.94,lighter half,image,TRUE,https://www.rarebeauty.com/products/true-to-myself-natural-matte-longwear-foundation
Rare Beauty,True to Myself Natural Matte Longwear Foundation,Foundation,7 Light Warm,#F4D5B8,244,213,184,87.14,Light,1,No,3,1.08,lighter half,image,TRUE,https://www.rarebeauty.com/products/true-to-myself-natural-matte-longwear-foundation
Rare Beauty,True to Myself Natural Matte Longwear Foundation,Foundation,6 Fair Neutral,#F4D0BF,244,208,191,86.06,Light,1,No,4,0.49,lighter half,image,TRUE,https://www.rarebeauty.com/products/true-to-myself-natural-matte-longwear-foundation
Rare Beauty,True to Myself Natural Matte Longwear Foundation,Foundation,4 Fair Neutral,#EFD0BD,239,208,189,85.57,Light,1,No,5,0.77,lighter half,image,TRUE,https://www.rarebeauty.com/products/true-to-myself-natural-matte-longwear-foundation
Rare Beauty,True to Myself Natural Matte Longwear Foundation,Foundation,5 Fair Warm,#F1CDB3,241,205,179,84.8,Light,1,No,6,0.03,lighter half,image,TRUE,https://www.rarebeauty.com/products/true-to-myself-natural-matte-longwear-foundation
Rare Beauty,True to Myself Natural Matte Longwear Foundation,Foundation,3 Fair Cool,#EDCDC2,237,205,194,84.77,Light,1,No,7,0.41,lighter half,image,TRUE,https://www.rarebeauty.com/products/true-to-myself-natural-matte-longwear-foundation
Rare Beauty,True to Myself Natural Matte Longwear Foundation,Foundation,8 Light Cool,#F4CAB4,244,202,180,84.36,Light,1,No,8,0.88,lighter half,image,TRUE,https://www.rarebeauty.com/products/true-to-myself-natural-matte-longwear-foundation
Rare Beauty,True to Myself Natural Matte Longwear Foundation,Foundation,9 Light Neutral,#F3C8A5,243,200,165,83.48,Light,1,No,9,0.11,lighter half,image,TRUE,https://www.rarebeauty.com/products/true-to-myself-natural-matte-longwear-foundation
Rare Beauty,True to Myself Natural Matte Longwear Foundation,Foundation,10 Light Warm,#F7C797,247,199,151,83.37,Light,1,No,10,0.59,lighter half,image,TRUE,https://www.rarebeauty.com/products/true-to-myself-natural-matte-longwear-foundation
Rare Beauty,True to Myself Natural Matte Longwear Foundation,Foundation,13 Light Neutral,#FCC29E,252,194,158,82.78,Light,1,No,11,0.1,lighter half,image,TRUE,https://www.rarebeauty.com/products/true-to-myself-natural-matte-longwear-foundation
Rare Beauty,True to Myself Natural Matte Longwear Foundation,Foundation,11 Light Cool,#F8C3A1,248,195,161,82.68,Light,1,No,12,1.06,lighter half,image,TRUE,https://www.rarebeauty.com/products/true-to-myself-natural-matte-longwear-foundation
Rare Beauty,True to Myself Natural Matte Longwear Foundation,Foundation,12 Light Warm,#F5C191,245,193,145,81.62,Light,1,No,13,1.47,lighter half,image,TRUE,https://www.rarebeauty.com/products/true-to-myself-natural-matte-longwear-foundation
Rare Beauty,True to Myself Natural Matte Longwear Foundation,Foundation,14 Light Medium Warm,#F6BA97,246,186,151,80.15,Light,1,No,14,1.03,lighter half,image,TRUE,https://www.rarebeauty.com/products/true-to-myself-natural-matte-longwear-foundation
Rare Beauty,True to Myself Natural Matte Longwear Foundation,Foundation,15 Light Medium Neutral,#EEBA8A,238,186,138,79.12,Light,1,No,15,0.03,lighter half,image,FALSE,https://www.rarebeauty.com/products/true-to-myself-natural-matte-longwear-foundation
Rare Beauty,True to Myself Natural Matte Longwear Foundation,Foundation,17 Light Medium Cool,#F8B592,248,181,146,79.09,Light,1,No,16,0.4,lighter half,image,TRUE,https://www.rarebeauty.com/products/true-to-myself-natural-matte-longwear-foundation
Rare Beauty,True to Myself Natural Matte Longwear Foundation,Foundation,20 Light Medium Neutral,#FBB383,251,179,131,78.69,Light,1,No,17,0.23,lighter half,image,TRUE,https://www.rarebeauty.com/products/true-to-myself-natural-matte-longwear-foundation
Rare Beauty,True to Myself Natural Matte Longwear Foundation,Foundation,16 Light Medium Neutral,#F2B684,242,182,132,78.46,Light,1,No,18,0.1,lighter half,image,TRUE,https://www.rarebeauty.com/products/true-to-myself-natural-matte-longwear-foundation
Rare Beauty,True to Myself Natural Matte Longwear Foundation,Foundation,19 Light Medium Warm,#EFB782,239,183,130,78.36,Light,1,No,19,1.33,lighter half,image,TRUE,https://www.rarebeauty.com/products/true-to-myself-natural-matte-longwear-foundation
Rare Beauty,True to Myself Natural Matte Longwear Foundation,Foundation,18 Light Medium Neutral,#EEB280,238,178,128,77.03,Light,1,No,20,2.99,lighter half,image,TRUE,https://www.rarebeauty.com/products/true-to-myself-natural-matte-longwear-foundation
Rare Beauty,True to Myself Natural Matte Longwear Foundation,Foundation,22 Medium Cool,#ECA684,236,166,132,74.04,Medium,2,No,21,0.21,lighter half,image,TRUE,https://www.rarebeauty.com/products/true-to-myself-natural-matte-longwear-foundation
Rare Beauty,True to Myself Natural Matte Longwear Foundation,Foundation,25 Medium Neutral,#EDA670,237,166,112,73.83,Medium,2,No,22,0.02,lighter half,image,TRUE,https://www.rarebeauty.com/products/true-to-myself-natural-matte-longwear-foundation
Rare Beauty,True to Myself Natural Matte Longwear Foundation,Foundation,24 Medium Warm,#ECA765,236,167,101,73.81,Medium,2,No,23,0.06,lighter half,image,TRUE,https://www.rarebeauty.com/products/true-to-myself-natural-matte-longwear-foundation
Rare Beauty,True to Myself Natural Matte Longwear Foundation,Foundation,21 Light Medium Warm,#E5A975,229,169,117,73.75,Medium,2,No,24,1.43,lighter half,image,TRUE,https://www.rarebeauty.com/products/true-to-myself-natural-matte-longwear-foundation
Rare Beauty,True to Myself Natural Matte Longwear Foundation,Foundation,23 Medium Neutral,#E6A36E,230,163,110,72.32,Medium,2,No,25,1.49,lighter half,image,FALSE,https://www.rarebeauty.com/products/true-to-myself-natural-matte-longwear-foundation
Rare Beauty,True to Myself Natural Matte Longwear Foundation,Foundation,26 Medium Warm,#E79D60,231,157,96,70.83,Medium,2,No,26,1.99,lighter half,image,TRUE,https://www.rarebeauty.com/products/true-to-myself-natural-matte-longwear-foundation
Rare Beauty,True to Myself Natural Matte Longwear Foundation,Foundation,28 Medium Cool,#DC996E,220,153,110,68.84,Medium,2,No,27,1.07,lighter half,image,TRUE,https://www.rarebeauty.com/products/true-to-myself-natural-matte-longwear-foundation
Rare Beauty,True to Myself Natural Matte Longwear Foundation,Foundation,27 Medium Warm,#DF945D,223,148,93,67.77,Medium,2,No,28,0.67,lighter half,image,TRUE,https://www.rarebeauty.com/products/true-to-myself-natural-matte-longwear-foundation
Rare Beauty,True to Myself Natural Matte Longwear Foundation,Foundation,29 Medium Neutral,#E09156,224,145,86,67.1,Medium,2,No,29,2.74,lighter half,image,TRUE,https://www.rarebeauty.com/products/true-to-myself-natural-matte-longwear-foundation
Rare Beauty,True to Myself Natural Matte Longwear Foundation,Foundation,33 Medium Deep Cool,#DC8758,220,135,88,64.36,Medium,2,No,30,0.76,lighter half,image,TRUE,https://www.rarebeauty.com/products/true-to-myself-natural-matte-longwear-foundation
Rare Beauty,True to Myself Natural Matte Longwear Foundation,Foundation,32 Medium Deep Neutral,#D48858,212,136,88,63.6,Medium,2,No,31,0.59,lighter half,image,TRUE,https://www.rarebeauty.com/products/true-to-myself-natural-matte-longwear-foundation
Rare Beauty,True to Myself Natural Matte Longwear Foundation,Foundation,34 Medium Deep Warm,#D2874F,210,135,79,63.01,Medium,2,No,32,0.02,lighter half,image,TRUE,https://www.rarebeauty.com/products/true-to-myself-natural-matte-longwear-foundation
Rare Beauty,True to Myself Natural Matte Longwear Foundation,Foundation,30 Medium Warm,#CE894F,206,137,79,62.99,Medium,2,No,33,0.45,lighter half,image,TRUE,https://www.rarebeauty.com/products/true-to-myself-natural-matte-longwear-foundation
Rare Beauty,True to Myself Natural Matte Longwear Foundation,Foundation,31 Medium Deep Neutral,#CF8659,207,134,89,62.54,Medium,2,No,34,2.1,lighter half,image,TRUE,https://www.rarebeauty.com/products/true-to-myself-natural-matte-longwear-foundation
Rare Beauty,True to Myself Natural Matte Longwear Foundation,Foundation,35 Medium Deep Cool,#CC7F51,204,127,81,60.44,Medium,2,No,35,0.74,lighter half,image,TRUE,https://www.rarebeauty.com/products/true-to-myself-natural-matte-longwear-foundation
Rare Beauty,True to Myself Natural Matte Longwear Foundation,Foundation,36 Medium Deep Warm,#CD7C42,205,124,66,59.7,Medium,2,No,36,5.03,lighter half,image,TRUE,https://www.rarebeauty.com/products/true-to-myself-natural-matte-longwear-foundation
Rare Beauty,True to Myself Natural Matte Longwear Foundation,Foundation,37 Medium Deep Cool,#BF6E41,191,110,65,54.67,Tan,3,Yes,37,0.04,lighter half,image,TRUE,https://www.rarebeauty.com/products/true-to-myself-natural-matte-longwear-foundation
Rare Beauty,True to Myself Natural Matte Longwear Foundation,Foundation,38 Medium Deep Neutral,#BF6E3E,191,110,62,54.63,Tan,3,Yes,38,1.91,lighter half,image,TRUE,https://www.rarebeauty.com/products/true-to-myself-natural-matte-longwear-foundation
Rare Beauty,True to Myself Natural Matte Longwear Foundation,Foundation,39 Medium Deep Warm,#B16E39,177,110,57,52.72,Tan,3,Yes,39,1.29,deeper half,image,TRUE,https://www.rarebeauty.com/products/true-to-myself-natural-matte-longwear-foundation
Rare Beauty,True to Myself Natural Matte Longwear Foundation,Foundation,40 Deep Neutral,#B3673F,179,103,63,51.43,Tan,3,Yes,40,6.2,deeper half,image,TRUE,https://www.rarebeauty.com/products/true-to-myself-natural-matte-longwear-foundation
Rare Beauty,True to Myself Natural Matte Longwear Foundation,Foundation,41 Deep Warm,#9E5939,158,89,57,45.23,Tan,3,Yes,41,0.21,deeper half,image,TRUE,https://www.rarebeauty.com/products/true-to-myself-natural-matte-longwear-foundation
Rare Beauty,True to Myself Natural Matte Longwear Foundation,Foundation,42 Deep Cool,#9A5B2F,154,91,47,45.02,Tan,3,Yes,42,3.07,deeper half,image,TRUE,https://www.rarebeauty.com/products/true-to-myself-natural-matte-longwear-foundation
Rare Beauty,True to Myself Natural Matte Longwear Foundation,Foundation,43 Deep Cool,#965034,150,80,52,41.95,Tan,3,Yes,43,2.07,deeper half,image,TRUE,https://www.rarebeauty.com/products/true-to-myself-natural-matte-longwear-foundation
Rare Beauty,True to Myself Natural Matte Longwear Foundation,Foundation,44 Deep Warm,#895023,137,80,35,39.88,Tan,3,Yes,44,8.58,deeper half,image,TRUE,https://www.rarebeauty.com/products/true-to-myself-natural-matte-longwear-foundation
Rare Beauty,True to Myself Natural Matte Longwear Foundation,Foundation,45 Deep Cool,#723B1A,114,59,26,31.3,Deep,4,Yes,45,1.84,deeper half,image,TRUE,https://www.rarebeauty.com/products/true-to-myself-natural-matte-longwear-foundation
Rare Beauty,True to Myself Natural Matte Longwear Foundation,Foundation,46 Deep Neutral,#713415,113,52,21,29.46,Deep,4,Yes,46,7.61,deeper half,image,TRUE,https://www.rarebeauty.com/products/true-to-myself-natural-matte-longwear-foundation
Rare Beauty,True to Myself Natural Matte Longwear Foundation,Foundation,47 Deep Neutral,#55280B,85,40,11,21.85,Deep,4,Yes,47,5.97,deeper half,image,TRUE,https://www.rarebeauty.com/products/true-to-myself-natural-matte-longwear-foundation
Rare Beauty,True to Myself Natural Matte Longwear Foundation,Foundation,48 Deep Cool,#451B0C,69,27,12,15.88,Deep,4,Yes,48,,deeper half,image,TRUE,https://www.rarebeauty.com/products/true-to-myself-natural-matte-longwear-foundation
Makeup by Mario,SurrealSkin Foundation,Foundation,.5 N,#FDDEC9,253,222,201,90.48,Light,1,No,1,2.34,lighter half,image,TRUE,https://www.makeupbymario.com/products/surrealskin-foundation
Makeup by Mario,SurrealSkin Foundation,Foundation,3.5 C,#FAD6C3,250,214,195,88.14,Light,1,No,2,3.3,lighter half,image,TRUE,https://www.makeupbymario.com/products/surrealskin-foundation
Makeup by Mario,SurrealSkin Foundation,Foundation,4.5 N,#F7CBB2,247,203,178,84.84,Light,1,No,3,0.86,lighter half,image,TRUE,https://www.makeupbymario.com/products/surrealskin-foundation
Makeup by Mario,SurrealSkin Foundation,Foundation,1 C,#EECBB0,238,203,176,83.98,Light,1,No,4,0.12,lighter half,image,TRUE,https://www.makeupbymario.com/products/surrealskin-foundation
Makeup by Mario,SurrealSkin Foundation,Foundation,2 N,#EECAB6,238,202,182,83.86,Light,1,No,5,2.73,lighter half,image,TRUE,https://www.makeupbymario.com/products/surrealskin-foundation
Makeup by Mario,SurrealSkin Foundation,Foundation,3 W,#E7C3A4,231,195,164,81.13,Light,1,No,6,3.5,lighter half,image,TRUE,https://www.makeupbymario.com/products/surrealskin-foundation
Makeup by Mario,SurrealSkin Foundation,Foundation,4 C,#E1B899,225,184,153,77.63,Light,1,No,7,1.28,lighter half,image,FALSE,https://www.makeupbymario.com/products/surrealskin-foundation
Makeup by Mario,SurrealSkin Foundation,Foundation,6 W,#E3B38C,227,179,140,76.35,Light,1,No,8,0.33,lighter half,image,TRUE,https://www.makeupbymario.com/products/surrealskin-foundation
Makeup by Mario,SurrealSkin Foundation,Foundation,5 N,#E1B292,225,178,146,76.02,Light,1,No,9,1.1,lighter half,image,TRUE,https://www.makeupbymario.com/products/surrealskin-foundation
Makeup by Mario,SurrealSkin Foundation,Foundation,9 W,#DDB086,221,176,134,74.92,Medium,2,No,10,1.04,lighter half,image,TRUE,https://www.makeupbymario.com/products/surrealskin-foundation
Makeup by Mario,SurrealSkin Foundation,Foundation,7 C,#D6AE8E,214,174,142,73.88,Medium,2,No,11,1.82,lighter half,image,TRUE,https://www.makeupbymario.com/products/surrealskin-foundation
Makeup by Mario,SurrealSkin Foundation,Foundation,8 N,#D4A887,212,168,135,72.06,Medium,2,No,12,0.21,lighter half,image,TRUE,https://www.makeupbymario.com/products/surrealskin-foundation
Makeup by Mario,SurrealSkin Foundation,Foundation,11.5 N,#D4A789,212,167,137,71.85,Medium,2,No,13,1.17,lighter half,image,TRUE,https://www.makeupbymario.com/products/surrealskin-foundation
Makeup by Mario,SurrealSkin Foundation,Foundation,16.5 N,#D6A281,214,162,129,70.68,Medium,2,No,14,0.56,lighter half,image,TRUE,https://www.makeupbymario.com/products/surrealskin-foundation
Makeup by Mario,SurrealSkin Foundation,Foundation,14 O,#D5A175,213,161,117,70.12,Medium,2,No,15,1.93,lighter half,image,TRUE,https://www.makeupbymario.com/products/surrealskin-foundation
Makeup by Mario,SurrealSkin Foundation,Foundation,17.5 N,#D89870,216,152,112,68.19,Medium,2,No,16,0.02,lighter half,image,FALSE,https://www.makeupbymario.com/products/surrealskin-foundation
Makeup by Mario,SurrealSkin Foundation,Foundation,10 C,#D09B78,208,155,120,68.17,Medium,2,No,17,0.47,lighter half,image,TRUE,https://www.makeupbymario.com/products/surrealskin-foundation
Makeup by Mario,SurrealSkin Foundation,Foundation,12 O,#CA9C73,202,156,115,67.7,Medium,2,No,18,1.5,lighter half,image,TRUE,https://www.makeupbymario.com/products/surrealskin-foundation
Makeup by Mario,SurrealSkin Foundation,Foundation,13 W,#D29369,210,147,105,66.2,Medium,2,No,19,0.12,lighter half,image,TRUE,https://www.makeupbymario.com/products/surrealskin-foundation
Makeup by Mario,SurrealSkin Foundation,Foundation,11 N,#C19976,193,153,118,66.08,Medium,2,No,20,0.01,lighter half,image,TRUE,https://www.makeupbymario.com/products/surrealskin-foundation
Makeup by Mario,SurrealSkin Foundation,Foundation,15 N,#CC956C,204,149,108,66.07,Medium,2,No,21,1.39,lighter half,image,TRUE,https://www.makeupbymario.com/products/surrealskin-foundation
Makeup by Mario,SurrealSkin Foundation,Foundation,16 C,#CA906F,202,144,111,64.68,Medium,2,No,22,2.59,lighter half,image,TRUE,https://www.makeupbymario.com/products/surrealskin-foundation
Makeup by Mario,SurrealSkin Foundation,Foundation,18.5 N,#C7885B,199,136,91,62.09,Medium,2,No,23,1.47,lighter half,image,FALSE,https://www.makeupbymario.com/products/surrealskin-foundation
Makeup by Mario,SurrealSkin Foundation,Foundation,17 N,#C28460,194,132,96,60.62,Medium,2,No,24,0.75,lighter half,image,TRUE,https://www.makeupbymario.com/products/surrealskin-foundation
Makeup by Mario,SurrealSkin Foundation,Foundation,18 W,#C0825E,192,130,94,59.87,Medium,2,No,25,9,lighter half,image,TRUE,https://www.makeupbymario.com/products/surrealskin-foundation
Makeup by Mario,SurrealSkin Foundation,Foundation,19 C,#AB6942,171,105,66,50.87,Tan,3,Yes,26,1.86,deeper half,image,TRUE,https://www.makeupbymario.com/products/surrealskin-foundation
Makeup by Mario,SurrealSkin Foundation,Foundation,20 N,#A56539,165,101,57,49.01,Tan,3,Yes,27,0.99,deeper half,image,TRUE,https://www.makeupbymario.com/products/surrealskin-foundation
Makeup by Mario,SurrealSkin Foundation,Foundation,21 W,#A4622C,164,98,44,48.02,Tan,3,Yes,28,0.92,deeper half,image,TRUE,https://www.makeupbymario.com/products/surrealskin-foundation
Makeup by Mario,SurrealSkin Foundation,Foundation,22 C,#A15F3D,161,95,61,47.1,Tan,3,Yes,29,0.22,deeper half,image,TRUE,https://www.makeupbymario.com/products/surrealskin-foundation
Makeup by Mario,SurrealSkin Foundation,Foundation,23 O,#98633C,152,99,60,46.88,Tan,3,Yes,30,6.81,deeper half,image,TRUE,https://www.makeupbymario.com/products/surrealskin-foundation
Makeup by Mario,SurrealSkin Foundation,Foundation,24 N,#88512B,136,81,43,40.07,Tan,3,Yes,31,1.42,deeper half,image,TRUE,https://www.makeupbymario.com/products/surrealskin-foundation
Makeup by Mario,SurrealSkin Foundation,Foundation,25 W,#854D29,133,77,41,38.65,Tan,3,Yes,32,4.37,deeper half,image,TRUE,https://www.makeupbymario.com/products/surrealskin-foundation
Makeup by Mario,SurrealSkin Foundation,Foundation,26 N,#74452B,116,69,43,34.28,Deep,4,Yes,33,6.22,deeper half,image,TRUE,https://www.makeupbymario.com/products/surrealskin-foundation
Makeup by Mario,SurrealSkin Foundation,Foundation,27 W,#673514,103,53,20,28.06,Deep,4,Yes,34,0.49,deeper half,image,TRUE,https://www.makeupbymario.com/products/surrealskin-foundation
Makeup by Mario,SurrealSkin Foundation,Foundation,28 W,#643425,100,52,37,27.57,Deep,4,Yes,35,2.4,deeper half,image,TRUE,https://www.makeupbymario.com/products/surrealskin-foundation
Makeup by Mario,SurrealSkin Foundation,Foundation,29 C,#5A311F,90,49,31,25.17,Deep,4,Yes,36,1.22,deeper half,image,TRUE,https://www.makeupbymario.com/products/surrealskin-foundation
Makeup by Mario,SurrealSkin Foundation,Foundation,28.5 N,#5A2D0F,90,45,15,23.95,Deep,4,Yes,37,1.02,deeper half,image,TRUE,https://www.makeupbymario.com/products/surrealskin-foundation
Makeup by Mario,SurrealSkin Foundation,Foundation,29.5 N,#5B2810,91,40,16,22.93,Deep,4,Yes,38,0.45,deeper half,image,TRUE,https://www.makeupbymario.com/products/surrealskin-foundation
Makeup by Mario,SurrealSkin Foundation,Foundation,30 W,#4B2F23,75,47,35,22.48,Deep,4,Yes,39,,deeper half,image,TRUE,https://www.makeupbymario.com/products/surrealskin-foundation
Makeup by Mario,SurrealSkin Natural Finish Foundation,Foundation,.5 N,#F4D3BD,244,211,189,86.75,Light,1,No,1,3.47,lighter half,image,TRUE,https://www.makeupbymario.com/products/surrealskin-natural-finish-foundation
Makeup by Mario,SurrealSkin Natural Finish Foundation,Foundation,1 C,#ECC9AF,236,201,175,83.28,Light,1,No,2,0.34,lighter half,image,TRUE,https://www.makeupbymario.com/products/surrealskin-natural-finish-foundation
Makeup by Mario,SurrealSkin Natural Finish Foundation,Foundation,2 N,#EAC8B3,234,200,179,82.94,Light,1,No,3,0.94,lighter half,image,TRUE,https://www.makeupbymario.com/products/surrealskin-natural-finish-foundation
Makeup by Mario,SurrealSkin Natural Finish Foundation,Foundation,4.5 N,#E8C6A6,232,198,166,82,Light,1,No,4,1.99,lighter half,image,TRUE,https://www.makeupbymario.com/products/surrealskin-natural-finish-foundation
Makeup by Mario,SurrealSkin Natural Finish Foundation,Foundation,3 W,#E6BFA2,230,191,162,80.01,Light,1,No,5,0.32,lighter half,image,TRUE,https://www.makeupbymario.com/products/surrealskin-natural-finish-foundation
Makeup by Mario,SurrealSkin Natural Finish Foundation,Foundation,3.5 C,#E3BEAC,227,190,172,79.69,Light,1,No,6,4.35,lighter half,image,TRUE,https://www.makeupbymario.com/products/surrealskin-natural-finish-foundation
Makeup by Mario,SurrealSkin Natural Finish Foundation,Foundation,5 N,#DFB092,223,176,146,75.34,Light,1,No,7,0.06,lighter half,image,TRUE,https://www.makeupbymario.com/products/surrealskin-natural-finish-foundation
Makeup by Mario,SurrealSkin Natural Finish Foundation,Foundation,6 W,#E0B08A,224,176,138,75.28,Light,1,No,8,0.96,lighter half,image,TRUE,https://www.makeupbymario.com/products/surrealskin-natural-finish-foundation
Makeup by Mario,SurrealSkin Natural Finish Foundation,Foundation,9 W,#DCAE86,220,174,134,74.32,Medium,2,No,9,0.67,lighter half,image,TRUE,https://www.makeupbymario.com/products/surrealskin-natural-finish-foundation
Makeup by Mario,SurrealSkin Natural Finish Foundation,Foundation,7 C,#D6AD8F,214,173,143,73.65,Medium,2,No,10,2.05,lighter half,image,TRUE,https://www.makeupbymario.com/products/surrealskin-natural-finish-foundation
Makeup by Mario,SurrealSkin Natural Finish Foundation,Foundation,8 N,#D2A786,210,167,134,71.6,Medium,2,No,11,1.51,lighter half,image,TRUE,https://www.makeupbymario.com/products/surrealskin-natural-finish-foundation
Makeup by Mario,SurrealSkin Natural Finish Foundation,Foundation,11.5 N,#D1A27D,209,162,125,70.09,Medium,2,No,12,3.51,lighter half,image,TRUE,https://www.makeupbymario.com/products/surrealskin-natural-finish-foundation
Makeup by Mario,SurrealSkin Natural Finish Foundation,Foundation,12 O,#C7996F,199,153,111,66.58,Medium,2,No,13,0.75,lighter half,image,TRUE,https://www.makeupbymario.com/products/surrealskin-natural-finish-foundation
Makeup by Mario,SurrealSkin Natural Finish Foundation,Foundation,11 N,#C19876,193,152,118,65.83,Medium,2,No,14,2.89,lighter half,image,TRUE,https://www.makeupbymario.com/products/surrealskin-natural-finish-foundation
Makeup by Mario,SurrealSkin Natural Finish Foundation,Foundation,16.5 N,#C08E66,192,142,102,62.94,Medium,2,No,15,0.19,lighter half,image,TRUE,https://www.makeupbymario.com/products/surrealskin-natural-finish-foundation
Makeup by Mario,SurrealSkin Natural Finish Foundation,Foundation,14 O,#C18D63,193,141,99,62.75,Medium,2,No,16,0,lighter half,image,TRUE,https://www.makeupbymario.com/products/surrealskin-natural-finish-foundation
Makeup by Mario,SurrealSkin Natural Finish Foundation,Foundation,15 N,#C18D63,193,141,99,62.75,Medium,2,No,17,2.38,lighter half,image,TRUE,https://www.makeupbymario.com/products/surrealskin-natural-finish-foundation
Makeup by Mario,SurrealSkin Natural Finish Foundation,Foundation,17 N,#C0845F,192,132,95,60.37,Medium,2,No,18,0.62,lighter half,image,TRUE,https://www.makeupbymario.com/products/surrealskin-natural-finish-foundation
Makeup by Mario,SurrealSkin Natural Finish Foundation,Foundation,17.5 N,#BF825E,191,130,94,59.75,Medium,2,No,19,1.64,lighter half,image,TRUE,https://www.makeupbymario.com/products/surrealskin-natural-finish-foundation
Makeup by Mario,SurrealSkin Natural Finish Foundation,Foundation,18 W,#BA7E59,186,126,89,58.11,Medium,2,No,20,0,lighter half,image,TRUE,https://www.makeupbymario.com/products/surrealskin-natural-finish-foundation
Makeup by Mario,SurrealSkin Natural Finish Foundation,Foundation,18.5 N,#BA7E59,186,126,89,58.11,Medium,2,No,21,6.74,lighter half,image,TRUE,https://www.makeupbymario.com/products/surrealskin-natural-finish-foundation
Makeup by Mario,SurrealSkin Natural Finish Foundation,Foundation,19 C,#AB6B44,171,107,68,51.37,Tan,3,Yes,22,2.62,deeper half,image,TRUE,https://www.makeupbymario.com/products/surrealskin-natural-finish-foundation
Makeup by Mario,SurrealSkin Natural Finish Foundation,Foundation,20 N,#A36539,163,101,57,48.75,Tan,3,Yes,23,0.26,deeper half,image,TRUE,https://www.makeupbymario.com/products/surrealskin-natural-finish-foundation
Makeup by Mario,SurrealSkin Natural Finish Foundation,Foundation,22 C,#A46340,164,99,64,48.49,Tan,3,Yes,24,2.41,deeper half,image,TRUE,https://www.makeupbymario.com/products/surrealskin-natural-finish-foundation
Makeup by Mario,SurrealSkin Natural Finish Foundation,Foundation,23 O,#9A5F37,154,95,55,46.08,Tan,3,Yes,25,2.32,deeper half,image,TRUE,https://www.makeupbymario.com/products/surrealskin-natural-finish-foundation
Makeup by Mario,SurrealSkin Natural Finish Foundation,Foundation,24 N,#945932,148,89,50,43.76,Tan,3,Yes,26,7.44,deeper half,image,TRUE,https://www.makeupbymario.com/products/surrealskin-natural-finish-foundation
Makeup by Mario,SurrealSkin Natural Finish Foundation,Foundation,25 W,#7E4820,126,72,32,36.32,Tan,3,Yes,27,4.86,deeper half,image,TRUE,https://www.makeupbymario.com/products/surrealskin-natural-finish-foundation
Makeup by Mario,SurrealSkin Natural Finish Foundation,Foundation,27 W,#753A11,117,58,17,31.46,Deep,4,Yes,28,2.84,deeper half,image,TRUE,https://www.makeupbymario.com/products/surrealskin-natural-finish-foundation
Makeup by Mario,SurrealSkin Natural Finish Foundation,Foundation,26 N,#6C3413,108,52,19,28.62,Deep,4,Yes,29,3.02,deeper half,image,TRUE,https://www.makeupbymario.com/products/surrealskin-natural-finish-foundation
Makeup by Mario,SurrealSkin Natural Finish Foundation,Foundation,28.5 N,#612F10,97,47,16,25.6,Deep,4,Yes,30,2.43,deeper half,image,TRUE,https://www.makeupbymario.com/products/surrealskin-natural-finish-foundation
Makeup by Mario,SurrealSkin Natural Finish Foundation,Foundation,29.5 N,#5E2709,94,39,9,23.17,Deep,4,Yes,31,1.66,deeper half,image,TRUE,https://www.makeupbymario.com/products/surrealskin-natural-finish-foundation
Makeup by Mario,SurrealSkin Natural Finish Foundation,Foundation,30 W,#4F2A17,79,42,23,21.51,Deep,4,Yes,32,,deeper half,image,TRUE,https://www.makeupbymario.com/products/surrealskin-natural-finish-foundation
