brand,product,shade,hex,swatch_type,in_stock,source_url,date_collected
e.l.f.,Camo CC Cream,Fair 100 W - Fair with warm undertones,#D9B895,color code,,https://www.elfcosmetics.com/products/camo-cc-cream,2026-09-28
e.l.f.,Camo CC Cream,Fair 125 C - Fair with cool undertones,#D9B5A5,color code,,https://www.elfcosmetics.com/products/camo-cc-cream,2026-09-28
e.l.f.,Camo CC Cream,Fair 140 W - fair with warm undertones,#D7AD7D,color code,,https://www.elfcosmetics.com/products/camo-cc-cream,2026-09-28
e.l.f.,Camo CC Cream,Fair 150 C - fair with cool undertones,#D4A18C,color code,,https://www.elfcosmetics.com/products/camo-cc-cream,2026-09-28
e.l.f.,Camo CC Cream,Medium 310 C - medium with cool undertones,#C5855F,color code,,https://www.elfcosmetics.com/products/camo-cc-cream,2026-09-28
e.l.f.,Camo CC Cream,Medium 355 W – medium with warm undertones,#D39663,color code,,https://www.elfcosmetics.com/products/camo-cc-cream,2026-09-28
e.l.f.,Camo CC Cream,Tan 460 W - Tan with warm undertones,#A26641,color code,,https://www.elfcosmetics.com/products/camo-cc-cream,2026-09-28
e.l.f.,Camo CC Cream,Deep 530 W - Deep with warm undertones,#754016,color code,,https://www.elfcosmetics.com/products/camo-cc-cream,2026-09-28
e.l.f.,Camo CC Cream,Fair 120 N – fair with neutral undertones,#F2C79C,color code,,https://www.elfcosmetics.com/products/camo-cc-cream,2026-09-28
e.l.f.,Camo CC Cream,Light 205 N - Light with neutral undertones,#C3A27F,color code,,https://www.elfcosmetics.com/products/camo-cc-cream,2026-09-28
e.l.f.,Camo CC Cream,Light 210 N - light with neutral undertones,#C78D67,color code,,https://www.elfcosmetics.com/products/camo-cc-cream,2026-09-28
e.l.f.,Camo CC Cream,Light 250 W – light with warm undertones,#D8A071,color code,,https://www.elfcosmetics.com/products/camo-cc-cream,2026-09-28
e.l.f.,Camo CC Cream,Light 240 W - light with warm undertones,#C89D72,color code,,https://www.elfcosmetics.com/products/camo-cc-cream,2026-09-28
e.l.f.,Camo CC Cream,Light 280 N – light with neutral undertones,#DDA874,color code,,https://www.elfcosmetics.com/products/camo-cc-cream,2026-09-28
e.l.f.,Camo CC Cream,Medium 330 W - medium with warm undertones,#BE8955,color code,,https://www.elfcosmetics.com/products/camo-cc-cream,2026-09-28
e.l.f.,Camo CC Cream,Medium 370 N – medium with neutral undertones,#C28865,color code,,https://www.elfcosmetics.com/products/camo-cc-cream,2026-09-28
e.l.f.,Camo CC Cream,Medium 375 N – medium with neutral undertones,#C0805D,color code,,https://www.elfcosmetics.com/products/camo-cc-cream,2026-09-28
e.l.f.,Camo CC Cream,Tan 400 W - Tan with warm undertones,#A76D3D,color code,,https://www.elfcosmetics.com/products/camo-cc-cream,2026-09-28
e.l.f.,Camo CC Cream,Tan 415 C – tan with cool undertones,#AF7D57,color code,,https://www.elfcosmetics.com/products/camo-cc-cream,2026-09-28
e.l.f.,Camo CC Cream,Tan 425 N – tan with neutral undertones,#AA6949,color code,,https://www.elfcosmetics.com/products/camo-cc-cream,2026-09-28
e.l.f.,Camo CC Cream,Tan 450 N - tan with neutral undertones,#7D503B,color code,,https://www.elfcosmetics.com/products/camo-cc-cream,2026-09-28
e.l.f.,Camo CC Cream,Deep 500 W - deep with warm undertones,#725641,color code,,https://www.elfcosmetics.com/products/camo-cc-cream,2026-09-28
e.l.f.,Camo CC Cream,Deep 510 C – deep with cool undertones,#9D5B38,color code,,https://www.elfcosmetics.com/products/camo-cc-cream,2026-09-28
e.l.f.,Camo CC Cream,Deep 540 N - deep with neutral undertones,#805533,color code,,https://www.elfcosmetics.com/products/camo-cc-cream,2026-09-28
e.l.f.,Camo CC Cream,Deep 560 C - deep with cool undertones,#7E4B36,color code,,https://www.elfcosmetics.com/products/camo-cc-cream,2026-09-28
e.l.f.,Camo CC Cream,Rich 610 N - Rich with neutral udertones,#5A2F1F,color code,,https://www.elfcosmetics.com/products/camo-cc-cream,2026-09-28
e.l.f.,Camo CC Cream,Rich 620 W - rich with warm undertones,#654131,color code,,https://www.elfcosmetics.com/products/camo-cc-cream,2026-09-28
e.l.f.,Camo CC Cream,Rich 640 W - rich with warm undertones,#573E39,color code,,https://www.elfcosmetics.com/products/camo-cc-cream,2026-09-28
e.l.f.,Camo CC Cream,Rich 650 C - Rich with cool undertones,#4F2B1B,color code,,https://www.elfcosmetics.com/products/camo-cc-cream,2026-09-28
e.l.f.,Camo CC Cream,Rich 660 N - rich with neutral undertones,#45302B,color code,,https://www.elfcosmetics.com/products/camo-cc-cream,2026-09-28
e.l.f.,Halo Glow Liquid Filter,0 Fair Neutral Warm,#E4BC98,color code,,https://www.elfcosmetics.com/products/halo-glow-liquid-filter,2026-09-28
e.l.f.,Halo Glow Liquid Filter,0.5 Fair Cool,#E4C5A6,color code,,https://www.elfcosmetics.com/products/halo-glow-liquid-filter,2026-09-28
e.l.f.,Halo Glow Liquid Filter,00 Fair Neutral,#E5C4A5,color code,,https://www.elfcosmetics.com/products/halo-glow-liquid-filter,2026-09-28
e.l.f.,Halo Glow Liquid Filter,1 Fair Neutral Peach,#EAC6AC,color code,,https://www.elfcosmetics.com/products/halo-glow-liquid-filter,2026-09-28
e.l.f.,Halo Glow Liquid Filter,2 Fair/Light,#DCC1A6,color code,,https://www.elfcosmetics.com/products/halo-glow-liquid-filter,2026-09-28
e.l.f.,Halo Glow Liquid Filter,3 Light/Medium Cool,#D6AD91,color code,,https://www.elfcosmetics.com/products/halo-glow-liquid-filter,2026-09-28
e.l.f.,Halo Glow Liquid Filter,3.5 Medium Neutral Olive,#C39B6A,color code,,https://www.elfcosmetics.com/products/halo-glow-liquid-filter,2026-09-28
e.l.f.,Halo Glow Liquid Filter,4 Medium Neutral,#BE926D,color code,,https://www.elfcosmetics.com/products/halo-glow-liquid-filter,2026-09-28
e.l.f.,Halo Glow Liquid Filter,5 Medium/Tan Warm,#BF9668,color code,,https://www.elfcosmetics.com/products/halo-glow-liquid-filter,2026-09-28
e.l.f.,Halo Glow Liquid Filter,5.5 Medium/Tan Neutral Warm,#B07943,color code,,https://www.elfcosmetics.com/products/halo-glow-liquid-filter,2026-09-28
e.l.f.,Halo Glow Liquid Filter,6 Tan/Deep Warm,#96613F,color code,,https://www.elfcosmetics.com/products/halo-glow-liquid-filter,2026-09-28
e.l.f.,Halo Glow Liquid Filter,6.5 Deep Warm,#9E5C28,color code,,https://www.elfcosmetics.com/products/halo-glow-liquid-filter,2026-09-28
e.l.f.,Halo Glow Liquid Filter,7 Deep/Rich Cool,#83543A,color code,,https://www.elfcosmetics.com/products/halo-glow-liquid-filter,2026-09-28
e.l.f.,Halo Glow Liquid Filter,8 Rich Cool,#6C3F2A,color code,,https://www.elfcosmetics.com/products/halo-glow-liquid-filter,2026-09-28
e.l.f.,Halo Glow Liquid Filter,8.5 Rich Neutral Warm,#65371D,color code,,https://www.elfcosmetics.com/products/halo-glow-liquid-filter,2026-09-28
e.l.f.,Halo Glow Skin Tint SPF 50,1 Fair Neutral,#F2CCA8,color code,,https://www.elfcosmetics.com/products/halo-glow-skin-tint-spf-50,2026-09-28
e.l.f.,Halo Glow Skin Tint SPF 50,2 Fair Warm,#F0D2B0,color code,,https://www.elfcosmetics.com/products/halo-glow-skin-tint-spf-50,2026-09-28
e.l.f.,Halo Glow Skin Tint SPF 50,3 Fair Cool,#F6CCB6,color code,,https://www.elfcosmetics.com/products/halo-glow-skin-tint-spf-50,2026-09-28
e.l.f.,Halo Glow Skin Tint SPF 50,4 Light Neutral,#F0C9A0,color code,,https://www.elfcosmetics.com/products/halo-glow-skin-tint-spf-50,2026-09-28
e.l.f.,Halo Glow Skin Tint SPF 50,5 Light Warm,#E3B885,color code,,https://www.elfcosmetics.com/products/halo-glow-skin-tint-spf-50,2026-09-28
e.l.f.,Halo Glow Skin Tint SPF 50,6 Light Cool,#E8B08D,color code,,https://www.elfcosmetics.com/products/halo-glow-skin-tint-spf-50,2026-09-28
e.l.f.,Halo Glow Skin Tint SPF 50,7 Medium Warm,#E0A26F,color code,,https://www.elfcosmetics.com/products/halo-glow-skin-tint-spf-50,2026-09-28
e.l.f.,Halo Glow Skin Tint SPF 50,8 Medium Neutral,#C48C67,color code,,https://www.elfcosmetics.com/products/halo-glow-skin-tint-spf-50,2026-09-28
e.l.f.,Halo Glow Skin Tint SPF 50,9 Medium Cool,#CC8760,color code,,https://www.elfcosmetics.com/products/halo-glow-skin-tint-spf-50,2026-09-28
e.l.f.,Halo Glow Skin Tint SPF 50,10 Tan Neutral,#B6703F,color code,,https://www.elfcosmetics.com/products/halo-glow-skin-tint-spf-50,2026-09-28
e.l.f.,Halo Glow Skin Tint SPF 50,11 Tan Warm,#B36C42,color code,,https://www.elfcosmetics.com/products/halo-glow-skin-tint-spf-50,2026-09-28
e.l.f.,Halo Glow Skin Tint SPF 50,12 Tan Cool,#A86946,color code,,https://www.elfcosmetics.com/products/halo-glow-skin-tint-spf-50,2026-09-28
e.l.f.,Halo Glow Skin Tint SPF 50,13 Deep Neutral,#7A4D38,color code,,https://www.elfcosmetics.com/products/halo-glow-skin-tint-spf-50,2026-09-28
e.l.f.,Halo Glow Skin Tint SPF 50,14 Deep Warm,#844E36,color code,,https://www.elfcosmetics.com/products/halo-glow-skin-tint-spf-50,2026-09-28
e.l.f.,Halo Glow Skin Tint SPF 50,15 Deep Cool,#864D3A,color code,,https://www.elfcosmetics.com/products/halo-glow-skin-tint-spf-50,2026-09-28
e.l.f.,Halo Glow Skin Tint SPF 50,16 Rich Cool,#6B3A29,color code,,https://www.elfcosmetics.com/products/halo-glow-skin-tint-spf-50,2026-09-28
e.l.f.,Halo Glow Skin Tint SPF 50,17 Rich Warm,#693F29,color code,,https://www.elfcosmetics.com/products/halo-glow-skin-tint-spf-50,2026-09-28
e.l.f.,Halo Glow Skin Tint SPF 50,18 Rich Neutral,#4D3221,color code,,https://www.elfcosmetics.com/products/halo-glow-skin-tint-spf-50,2026-09-28
e.l.f.,Hydrating Camo CC Cream,Fair 120 N – fair with neutral undertones,#F2C79C,color code,,https://www.elfcosmetics.com/products/hydrating-camo-cc-cream,2026-09-28
e.l.f.,Hydrating Camo CC Cream,Fair 125 C – fair with cool undertones,#ECC6A2,color code,,https://www.elfcosmetics.com/products/hydrating-camo-cc-cream,2026-09-28
e.l.f.,Hydrating Camo CC Cream,Fair 140 W – fair with warm undertones,#F5D099,color code,,https://www.elfcosmetics.com/products/hydrating-camo-cc-cream,2026-09-28
e.l.f.,Hydrating Camo CC Cream,Fair 150 C – fair with cool undertones,#F1BE91,color code,,https://www.elfcosmetics.com/products/hydrating-camo-cc-cream,2026-09-28
e.l.f.,Hydrating Camo CC Cream,Light 205 N – light with neutral undertones,#CEA287,color code,,https://www.elfcosmetics.com/products/hydrating-camo-cc-cream,2026-09-28
e.l.f.,Hydrating Camo CC Cream,Light 210 N – light with neutral undertones,#E2A97B,color code,,https://www.elfcosmetics.com/products/hydrating-camo-cc-cream,2026-09-28
e.l.f.,Hydrating Camo CC Cream,Light 240 W – light with warm undertones,#E9BC85,color code,,https://www.elfcosmetics.com/products/hydrating-camo-cc-cream,2026-09-28
e.l.f.,Hydrating Camo CC Cream,Light 250 W – light with warm undertones,#D8A071,color code,,https://www.elfcosmetics.com/products/hydrating-camo-cc-cream,2026-09-28
e.l.f.,Hydrating Camo CC Cream,Medium 310 C – medium with cool undertones,#F0B179,color code,,https://www.elfcosmetics.com/products/hydrating-camo-cc-cream,2026-09-28
e.l.f.,Hydrating Camo CC Cream,Tan 400 W – tan with warm undertones,#BA7548,color code,,https://www.elfcosmetics.com/products/hydrating-camo-cc-cream,2026-09-28
e.l.f.,Hydrating Camo CC Cream,Fair 100 W – fair with warm undertones,#FDDEAF,color code,,https://www.elfcosmetics.com/products/hydrating-camo-cc-cream,2026-09-28
e.l.f.,Hydrating Camo CC Cream,Light 280 N – light with neutral undertones,#DDA874,color code,,https://www.elfcosmetics.com/products/hydrating-camo-cc-cream,2026-09-28
e.l.f.,Hydrating Camo CC Cream,Medium 330 W – medium with warm undertones,#D09C6C,color code,,https://www.elfcosmetics.com/products/hydrating-camo-cc-cream,2026-09-28
e.l.f.,Hydrating Camo CC Cream,Medium 355 W – medium with warm undertones,#D39663,color code,,https://www.elfcosmetics.com/products/hydrating-camo-cc-cream,2026-09-28
e.l.f.,Hydrating Camo CC Cream,Medium 370 N – medium with neutral undertones,#C28865,color code,,https://www.elfcosmetics.com/products/hydrating-camo-cc-cream,2026-09-28
e.l.f.,Hydrating Camo CC Cream,Medium 375 N – medium with neutral undertones,#C0805D,color code,,https://www.elfcosmetics.com/products/hydrating-camo-cc-cream,2026-09-28
e.l.f.,Hydrating Camo CC Cream,Tan 415 C – tan with cool undertones,#AF7D57,color code,,https://www.elfcosmetics.com/products/hydrating-camo-cc-cream,2026-09-28
e.l.f.,Hydrating Camo CC Cream,Tan 425 N – tan with neutral undertones,#AA6949,color code,,https://www.elfcosmetics.com/products/hydrating-camo-cc-cream,2026-09-28
e.l.f.,Hydrating Camo CC Cream,Tan 450 N – tan with neutral undertones,#AE744C,color code,,https://www.elfcosmetics.com/products/hydrating-camo-cc-cream,2026-09-28
e.l.f.,Hydrating Camo CC Cream,Tan 460 W – tan with warm undertones,#AA6D40,color code,,https://www.elfcosmetics.com/products/hydrating-camo-cc-cream,2026-09-28
e.l.f.,Hydrating Camo CC Cream,Deep 500 W - deep with warm undertones,#725641,color code,,https://www.elfcosmetics.com/products/hydrating-camo-cc-cream,2026-09-28
e.l.f.,Hydrating Camo CC Cream,Deep 510 C – deep with cool undertones,#9D5B38,color code,,https://www.elfcosmetics.com/products/hydrating-camo-cc-cream,2026-09-28
e.l.f.,Hydrating Camo CC Cream,Deep 530 W – deep with warm undertones,#6A442B,color code,,https://www.elfcosmetics.com/products/hydrating-camo-cc-cream,2026-09-28
e.l.f.,Hydrating Camo CC Cream,Deep 540 N – deep with neutral undertones,#865330,color code,,https://www.elfcosmetics.com/products/hydrating-camo-cc-cream,2026-09-28
e.l.f.,Hydrating Camo CC Cream,Deep 560 C – deep with cool undertones,#8C4936,color code,,https://www.elfcosmetics.com/products/hydrating-camo-cc-cream,2026-09-28
e.l.f.,Hydrating Camo CC Cream,Rich 610 N – rich with neutral undertones,#6D4F38,color code,,https://www.elfcosmetics.com/products/hydrating-camo-cc-cream,2026-09-28
e.l.f.,Hydrating Camo CC Cream,Rich 620 W – rich with warm undertones,#8C512D,color code,,https://www.elfcosmetics.com/products/hydrating-camo-cc-cream,2026-09-28
e.l.f.,Hydrating Camo CC Cream,Rich 640 W – rich with warm undertones,#7E483C,color code,,https://www.elfcosmetics.com/products/hydrating-camo-cc-cream,2026-09-28
e.l.f.,Hydrating Camo CC Cream,Rich 650 C – rich with cool undertones,#683D34,color code,,https://www.elfcosmetics.com/products/hydrating-camo-cc-cream,2026-09-28
e.l.f.,Hydrating Camo CC Cream,Rich 660 N – rich with neutral undertones,#6D4B3F,color code,,https://www.elfcosmetics.com/products/hydrating-camo-cc-cream,2026-09-28
e.l.f.,Soft Glam Satin Foundation,10 Fair Cool,#EBD4C2,color code,,https://www.elfcosmetics.com/products/soft-glam-satin-foundation,2026-09-28
e.l.f.,Soft Glam Satin Foundation,11 Fair Neutral,#EBD2B3,color code,,https://www.elfcosmetics.com/products/soft-glam-satin-foundation,2026-09-28
e.l.f.,Soft Glam Satin Foundation,12 Fair Warm,#E9D0AF,color code,,https://www.elfcosmetics.com/products/soft-glam-satin-foundation,2026-09-28
e.l.f.,Soft Glam Satin Foundation,13 Fair Neutral,#E1C2A5,color code,,https://www.elfcosmetics.com/products/soft-glam-satin-foundation,2026-09-28
e.l.f.,Soft Glam Satin Foundation,14 Fair Cool,#ECC7A4,color code,,https://www.elfcosmetics.com/products/soft-glam-satin-foundation,2026-09-28
e.l.f.,Soft Glam Satin Foundation,15 Fair Warm,#E9C190,color code,,https://www.elfcosmetics.com/products/soft-glam-satin-foundation,2026-09-28
e.l.f.,Soft Glam Satin Foundation,20 Light Cool,#E5BFA0,color code,,https://www.elfcosmetics.com/products/soft-glam-satin-foundation,2026-09-28
e.l.f.,Soft Glam Satin Foundation,21 Light Neutral,#D8A47E,color code,,https://www.elfcosmetics.com/products/soft-glam-satin-foundation,2026-09-28
e.l.f.,Soft Glam Satin Foundation,22 Light Warm,#CCA377,color code,,https://www.elfcosmetics.com/products/soft-glam-satin-foundation,2026-09-28
e.l.f.,Soft Glam Satin Foundation,23 Light Cool,#DEAE86,color code,,https://www.elfcosmetics.com/products/soft-glam-satin-foundation,2026-09-28
e.l.f.,Soft Glam Satin Foundation,24 Light Warm,#D19E71,color code,,https://www.elfcosmetics.com/products/soft-glam-satin-foundation,2026-09-28
e.l.f.,Soft Glam Satin Foundation,25 Light Neutral,#CC9775,color code,,https://www.elfcosmetics.com/products/soft-glam-satin-foundation,2026-09-28
e.l.f.,Soft Glam Satin Foundation,30 Medium Warm,#D29964,color code,,https://www.elfcosmetics.com/products/soft-glam-satin-foundation,2026-09-28
e.l.f.,Soft Glam Satin Foundation,31 Medium Neutral,#B07D5D,color code,,https://www.elfcosmetics.com/products/soft-glam-satin-foundation,2026-09-28
e.l.f.,Soft Glam Satin Foundation,32 Medium Neutral,#CE9761,color code,,https://www.elfcosmetics.com/products/soft-glam-satin-foundation,2026-09-28
e.l.f.,Soft Glam Satin Foundation,33 Medium Warm,#CF9563,color code,,https://www.elfcosmetics.com/products/soft-glam-satin-foundation,2026-09-28
e.l.f.,Soft Glam Satin Foundation,34 Medium Cool,#D19769,color code,,https://www.elfcosmetics.com/products/soft-glam-satin-foundation,2026-09-28
e.l.f.,Soft Glam Satin Foundation,35 Medium Cool,#D09670,color code,,https://www.elfcosmetics.com/products/soft-glam-satin-foundation,2026-09-28
e.l.f.,Soft Glam Satin Foundation,40 Tan Warm,#BA8656,color code,,https://www.elfcosmetics.com/products/soft-glam-satin-foundation,2026-09-28
e.l.f.,Soft Glam Satin Foundation,41 Tan Neutral,#B57E48,color code,,https://www.elfcosmetics.com/products/soft-glam-satin-foundation,2026-09-28
e.l.f.,Soft Glam Satin Foundation,42 Tan Neutral,#B2724A,color code,,https://www.elfcosmetics.com/products/soft-glam-satin-foundation,2026-09-28
e.l.f.,Soft Glam Satin Foundation,43 Tan Cool,#BE8357,color code,,https://www.elfcosmetics.com/products/soft-glam-satin-foundation,2026-09-28
e.l.f.,Soft Glam Satin Foundation,44 Tan Cool,#B87F54,color code,,https://www.elfcosmetics.com/products/soft-glam-satin-foundation,2026-09-28
e.l.f.,Soft Glam Satin Foundation,45 Tan Warm,#B47647,color code,,https://www.elfcosmetics.com/products/soft-glam-satin-foundation,2026-09-28
e.l.f.,Soft Glam Satin Foundation,50 Deep Warm,#965A36,color code,,https://www.elfcosmetics.com/products/soft-glam-satin-foundation,2026-09-28
e.l.f.,Soft Glam Satin Foundation,51 Deep Cool,#9B582D,color code,,https://www.elfcosmetics.com/products/soft-glam-satin-foundation,2026-09-28
e.l.f.,Soft Glam Satin Foundation,52 Deep Cool,#7C442B,color code,,https://www.elfcosmetics.com/products/soft-glam-satin-foundation,2026-09-28
e.l.f.,Soft Glam Satin Foundation,53 Deep Neutral,#89532F,color code,,https://www.elfcosmetics.com/products/soft-glam-satin-foundation,2026-09-28
e.l.f.,Soft Glam Satin Foundation,54 Deep Neutral,#7C4B2B,color code,,https://www.elfcosmetics.com/products/soft-glam-satin-foundation,2026-09-28
e.l.f.,Soft Glam Satin Foundation,55 Deep Warm,#785134,color code,,https://www.elfcosmetics.com/products/soft-glam-satin-foundation,2026-09-28
e.l.f.,Soft Glam Satin Foundation,60 Rich Cool,#663723,color code,,https://www.elfcosmetics.com/products/soft-glam-satin-foundation,2026-09-28
e.l.f.,Soft Glam Satin Foundation,61 Rich Cool,#633827,color code,,https://www.elfcosmetics.com/products/soft-glam-satin-foundation,2026-09-28
e.l.f.,Soft Glam Satin Foundation,62 Rich Warm,#693D22,color code,,https://www.elfcosmetics.com/products/soft-glam-satin-foundation,2026-09-28
e.l.f.,Soft Glam Satin Foundation,63 Rich Warm,#5D3625,color code,,https://www.elfcosmetics.com/products/soft-glam-satin-foundation,2026-09-28
e.l.f.,Soft Glam Satin Foundation,64 Rich Neutral,#52362A,color code,,https://www.elfcosmetics.com/products/soft-glam-satin-foundation,2026-09-28
e.l.f.,Soft Glam Satin Foundation,65 Rich Neutral,#4E2D24,color code,,https://www.elfcosmetics.com/products/soft-glam-satin-foundation,2026-09-28
Maybelline,Dream Radiant Liquid Hydrating Foundation,Fair Porcelain,#FFF5E7,color code,,https://www.maybelline.com/face-makeup/foundation-makeup/dream-radiant-liquid-medium-coverage-hydrating-foundation,2026-09-28
Maybelline,Dream Radiant Liquid Hydrating Foundation,Fair Ivory,#FDEAD8,color code,,https://www.maybelline.com/face-makeup/foundation-makeup/dream-radiant-liquid-medium-coverage-hydrating-foundation,2026-09-28
Maybelline,Dream Radiant Liquid Hydrating Foundation,Sandy Beige,#E6C59C,color code,,https://www.maybelline.com/face-makeup/foundation-makeup/dream-radiant-liquid-medium-coverage-hydrating-foundation,2026-09-28
Maybelline,Dream Radiant Liquid Hydrating Foundation,Pure Beige,#E4BF98,color code,,https://www.maybelline.com/face-makeup/foundation-makeup/dream-radiant-liquid-medium-coverage-hydrating-foundation,2026-09-28
Maybelline,Dream Radiant Liquid Hydrating Foundation,Coconut,#A97547,color code,,https://www.maybelline.com/face-makeup/foundation-makeup/dream-radiant-liquid-medium-coverage-hydrating-foundation,2026-09-28
Maybelline,Dream Radiant Liquid Hydrating Foundation,Java,#5A3E25,color code,,https://www.maybelline.com/face-makeup/foundation-makeup/dream-radiant-liquid-medium-coverage-hydrating-foundation,2026-09-28
Maybelline,Dream Urban Cover Flawless Coverage Foundation SPF 50,Porcelain,#F0E5D1,color code,,https://www.maybelline.com/face-makeup/foundation-makeup/dream-urban-cover-flawless-coverage-foundation-makeup-spf-50,2026-09-28
Maybelline,Dream Urban Cover Flawless Coverage Foundation SPF 50,Natural Ivory,#E6D4C6,color code,,https://www.maybelline.com/face-makeup/foundation-makeup/dream-urban-cover-flawless-coverage-foundation-makeup-spf-50,2026-09-28
Maybelline,Dream Urban Cover Flawless Coverage Foundation SPF 50,Classic Ivory,#E3D1B9,color code,,https://www.maybelline.com/face-makeup/foundation-makeup/dream-urban-cover-flawless-coverage-foundation-makeup-spf-50,2026-09-28
Maybelline,Dream Urban Cover Flawless Coverage Foundation SPF 50,Warm Nude,#DBC2A3,color code,,https://www.maybelline.com/face-makeup/foundation-makeup/dream-urban-cover-flawless-coverage-foundation-makeup-spf-50,2026-09-28
Maybelline,Dream Urban Cover Flawless Coverage Foundation SPF 50,Natural Beige,#CCB593,color code,,https://www.maybelline.com/face-makeup/foundation-makeup/dream-urban-cover-flawless-coverage-foundation-makeup-spf-50,2026-09-28
Maybelline,Dream Urban Cover Flawless Coverage Foundation SPF 50,Sun Beige,#CAAA83,color code,,https://www.maybelline.com/face-makeup/foundation-makeup/dream-urban-cover-flawless-coverage-foundation-makeup-spf-50,2026-09-28
Maybelline,Dream Urban Cover Flawless Coverage Foundation SPF 50,Toffee,#A78A62,color code,,https://www.maybelline.com/face-makeup/foundation-makeup/dream-urban-cover-flawless-coverage-foundation-makeup-spf-50,2026-09-28
Maybelline,Dream Urban Cover Flawless Coverage Foundation SPF 50,Truffle,#7E5E38,color code,,https://www.maybelline.com/face-makeup/foundation-makeup/dream-urban-cover-flawless-coverage-foundation-makeup-spf-50,2026-09-28
Maybelline,Fit Me Dewy + Smooth Foundation,110,#FFECD9,color code,,https://www.maybelline.com/face-makeup/foundation-makeup/fit-me-dewy-smooth-foundation,2026-09-28
Maybelline,Fit Me Dewy + Smooth Foundation,115,#F3D7C7,color code,,https://www.maybelline.com/face-makeup/foundation-makeup/fit-me-dewy-smooth-foundation,2026-09-28
Maybelline,Fit Me Dewy + Smooth Foundation,118,#EBC5AD,color code,,https://www.maybelline.com/face-makeup/foundation-makeup/fit-me-dewy-smooth-foundation,2026-09-28
Maybelline,Fit Me Dewy + Smooth Foundation,120,#E8C4A6,color code,,https://www.maybelline.com/face-makeup/foundation-makeup/fit-me-dewy-smooth-foundation,2026-09-28
Maybelline,Fit Me Dewy + Smooth Foundation,125,#E9BF9A,color code,,https://www.maybelline.com/face-makeup/foundation-makeup/fit-me-dewy-smooth-foundation,2026-09-28
Maybelline,Fit Me Dewy + Smooth Foundation,128,#CC9D69,color code,,https://www.maybelline.com/face-makeup/foundation-makeup/fit-me-dewy-smooth-foundation,2026-09-28
Maybelline,Fit Me Dewy + Smooth Foundation,130,#EAB59C,color code,,https://www.maybelline.com/face-makeup/foundation-makeup/fit-me-dewy-smooth-foundation,2026-09-28
Maybelline,Fit Me Dewy + Smooth Foundation,210,#EAB992,color code,,https://www.maybelline.com/face-makeup/foundation-makeup/fit-me-dewy-smooth-foundation,2026-09-28
Maybelline,Fit Me Dewy + Smooth Foundation,220,#F7B886,color code,,https://www.maybelline.com/face-makeup/foundation-makeup/fit-me-dewy-smooth-foundation,2026-09-28
Maybelline,Fit Me Dewy + Smooth Foundation,225,#EEB390,color code,,https://www.maybelline.com/face-makeup/foundation-makeup/fit-me-dewy-smooth-foundation,2026-09-28
Maybelline,Fit Me Dewy + Smooth Foundation,230,#EAB08D,color code,,https://www.maybelline.com/face-makeup/foundation-makeup/fit-me-dewy-smooth-foundation,2026-09-28
Maybelline,Fit Me Dewy + Smooth Foundation,235,#ECB59A,color code,,https://www.maybelline.com/face-makeup/foundation-makeup/fit-me-dewy-smooth-foundation,2026-09-28
Maybelline,Fit Me Dewy + Smooth Foundation,240,#E4A87F,color code,,https://www.maybelline.com/face-makeup/foundation-makeup/fit-me-dewy-smooth-foundation,2026-09-28
Maybelline,Fit Me Dewy + Smooth Foundation,310,#E29C76,color code,,https://www.maybelline.com/face-makeup/foundation-makeup/fit-me-dewy-smooth-foundation,2026-09-28
Maybelline,Fit Me Dewy + Smooth Foundation,315,#D89876,color code,,https://www.maybelline.com/face-makeup/foundation-makeup/fit-me-dewy-smooth-foundation,2026-09-28
Maybelline,Fit Me Dewy + Smooth Foundation,322,#DB9775,color code,,https://www.maybelline.com/face-makeup/foundation-makeup/fit-me-dewy-smooth-foundation,2026-09-28
Maybelline,Fit Me Dewy + Smooth Foundation,330,#D99358,color code,,https://www.maybelline.com/face-makeup/foundation-makeup/fit-me-dewy-smooth-foundation,2026-09-28
Maybelline,Fit Me Dewy + Smooth Foundation,355,#C47E5A,color code,,https://www.maybelline.com/face-makeup/foundation-makeup/fit-me-dewy-smooth-foundation,2026-09-28
Maybelline,Fit Me Dewy + Smooth Foundation,360,#8C503B,color code,,https://www.maybelline.com/face-makeup/foundation-makeup/fit-me-dewy-smooth-foundation,2026-09-28
Maybelline,Fit Me Dewy + Smooth Foundation,375,#533417,color code,,https://www.maybelline.com/face-makeup/foundation-makeup/fit-me-dewy-smooth-foundation,2026-09-28
Maybelline,Fit Me Matte + Poreless Foundation,102,#FFEAE3,color code,,https://www.maybelline.com/face-makeup/foundation-makeup/fit-me-matte-poreless-foundation,2026-09-28
Maybelline,Fit Me Matte + Poreless Foundation,105,#FFE1C9,color code,,https://www.maybelline.com/face-makeup/foundation-makeup/fit-me-matte-poreless-foundation,2026-09-28
Maybelline,Fit Me Matte + Poreless Foundation,110,#FFECD9,color code,,https://www.maybelline.com/face-makeup/foundation-makeup/fit-me-matte-poreless-foundation,2026-09-28
Maybelline,Fit Me Matte + Poreless Foundation,112,#FFDEC9,color code,,https://www.maybelline.com/face-makeup/foundation-makeup/fit-me-matte-poreless-foundation,2026-09-28
Maybelline,Fit Me Matte + Poreless Foundation,115,#F3D7C7,color code,,https://www.maybelline.com/face-makeup/foundation-makeup/fit-me-matte-poreless-foundation,2026-09-28
Maybelline,Fit Me Matte + Poreless Foundation,118,#EBC5AC,color code,,https://www.maybelline.com/face-makeup/foundation-makeup/fit-me-matte-poreless-foundation,2026-09-28
Maybelline,Fit Me Matte + Poreless Foundation,120,#E8C4A6,color code,,https://www.maybelline.com/face-makeup/foundation-makeup/fit-me-matte-poreless-foundation,2026-09-28
Maybelline,Fit Me Matte + Poreless Foundation,122,#FDC295,color code,,https://www.maybelline.com/face-makeup/foundation-makeup/fit-me-matte-poreless-foundation,2026-09-28
Maybelline,Fit Me Matte + Poreless Foundation,124,#EBC1A6,color code,,https://www.maybelline.com/face-makeup/foundation-makeup/fit-me-matte-poreless-foundation,2026-09-28
Maybelline,Fit Me Matte + Poreless Foundation,125,#E9BF9A,color code,,https://www.maybelline.com/face-makeup/foundation-makeup/fit-me-matte-poreless-foundation,2026-09-28
Maybelline,Fit Me Matte + Poreless Foundation,128,#EAC0AC,color code,,https://www.maybelline.com/face-makeup/foundation-makeup/fit-me-matte-poreless-foundation,2026-09-28
Maybelline,Fit Me Matte + Poreless Foundation,130,#EAB59C,color code,,https://www.maybelline.com/face-makeup/foundation-makeup/fit-me-matte-poreless-foundation,2026-09-28
Maybelline,Fit Me Matte + Poreless Foundation,220,#EBC0A5,color code,,https://www.maybelline.com/face-makeup/foundation-makeup/fit-me-matte-poreless-foundation,2026-09-28
Maybelline,Fit Me Matte + Poreless Foundation,222,#FAB791,color code,,https://www.maybelline.com/face-makeup/foundation-makeup/fit-me-matte-poreless-foundation,2026-09-28
Maybelline,Fit Me Matte + Poreless Foundation,228,#E6AE91,color code,,https://www.maybelline.com/face-makeup/foundation-makeup/fit-me-matte-poreless-foundation,2026-09-28
Maybelline,Fit Me Matte + Poreless Foundation,230,#EDB89D,color code,,https://www.maybelline.com/face-makeup/foundation-makeup/fit-me-matte-poreless-foundation,2026-09-28
Maybelline,Fit Me Matte + Poreless Foundation,235,#DBA58E,color code,,https://www.maybelline.com/face-makeup/foundation-makeup/fit-me-matte-poreless-foundation,2026-09-28
Maybelline,Fit Me Matte + Poreless Foundation,238,#DAA58D,color code,,https://www.maybelline.com/face-makeup/foundation-makeup/fit-me-matte-poreless-foundation,2026-09-28
Maybelline,Fit Me Matte + Poreless Foundation,242,#DF9175,color code,,https://www.maybelline.com/face-makeup/foundation-makeup/fit-me-matte-poreless-foundation,2026-09-28
Maybelline,Fit Me Matte + Poreless Foundation,245,#D99A81,color code,,https://www.maybelline.com/face-makeup/foundation-makeup/fit-me-matte-poreless-foundation,2026-09-28
Maybelline,Fit Me Matte + Poreless Foundation,310,#E9B7A6,color code,,https://www.maybelline.com/face-makeup/foundation-makeup/fit-me-matte-poreless-foundation,2026-09-28
Maybelline,Fit Me Matte + Poreless Foundation,312,#D89877,color code,,https://www.maybelline.com/face-makeup/foundation-makeup/fit-me-matte-poreless-foundation,2026-09-28
Maybelline,Fit Me Matte + Poreless Foundation,320,#DE9979,color code,,https://www.maybelline.com/face-makeup/foundation-makeup/fit-me-matte-poreless-foundation,2026-09-28
Maybelline,Fit Me Matte + Poreless Foundation,322,#DFA28A,color code,,https://www.maybelline.com/face-makeup/foundation-makeup/fit-me-matte-poreless-foundation,2026-09-28
Maybelline,Fit Me Matte + Poreless Foundation,330,#CE896C,color code,,https://www.maybelline.com/face-makeup/foundation-makeup/fit-me-matte-poreless-foundation,2026-09-28
Maybelline,Fit Me Matte + Poreless Foundation,332,#CB8764,color code,,https://www.maybelline.com/face-makeup/foundation-makeup/fit-me-matte-poreless-foundation,2026-09-28
Maybelline,Fit Me Matte + Poreless Foundation,334,#C3805B,color code,,https://www.maybelline.com/face-makeup/foundation-makeup/fit-me-matte-poreless-foundation,2026-09-28
Maybelline,Fit Me Matte + Poreless Foundation,335,#C98660,color code,,https://www.maybelline.com/face-makeup/foundation-makeup/fit-me-matte-poreless-foundation,2026-09-28
Maybelline,Fit Me Matte + Poreless Foundation,338,#BD7A5D,color code,,https://www.maybelline.com/face-makeup/foundation-makeup/fit-me-matte-poreless-foundation,2026-09-28
Maybelline,Fit Me Matte + Poreless Foundation,340,#C9825F,color code,,https://www.maybelline.com/face-makeup/foundation-makeup/fit-me-matte-poreless-foundation,2026-09-28
Maybelline,Fit Me Matte + Poreless Foundation,355,#CB8263,color code,,https://www.maybelline.com/face-makeup/foundation-makeup/fit-me-matte-poreless-foundation,2026-09-28
Maybelline,Fit Me Matte + Poreless Foundation,356,#A96345,color code,,https://www.maybelline.com/face-makeup/foundation-makeup/fit-me-matte-poreless-foundation,2026-09-28
Maybelline,Fit Me Matte + Poreless Foundation,358,#CC7C5D,color code,,https://www.maybelline.com/face-makeup/foundation-makeup/fit-me-matte-poreless-foundation,2026-09-28
Maybelline,Fit Me Matte + Poreless Foundation,360,#954C33,color code,,https://www.maybelline.com/face-makeup/foundation-makeup/fit-me-matte-poreless-foundation,2026-09-28
Maybelline,Fit Me Matte + Poreless Foundation,362,#9E624B,color code,,https://www.maybelline.com/face-makeup/foundation-makeup/fit-me-matte-poreless-foundation,2026-09-28
Maybelline,Fit Me Matte + Poreless Foundation,365,#7D5C4D,color code,,https://www.maybelline.com/face-makeup/foundation-makeup/fit-me-matte-poreless-foundation,2026-09-28
Maybelline,Fit Me Matte + Poreless Foundation,368,#8B5039,color code,,https://www.maybelline.com/face-makeup/foundation-makeup/fit-me-matte-poreless-foundation,2026-09-28
Maybelline,Fit Me Matte + Poreless Foundation,370,#714433,color code,,https://www.maybelline.com/face-makeup/foundation-makeup/fit-me-matte-poreless-foundation,2026-09-28
Maybelline,Fit Me Matte + Poreless Foundation,375,#734230,color code,,https://www.maybelline.com/face-makeup/foundation-makeup/fit-me-matte-poreless-foundation,2026-09-28
Maybelline,Fit Me Matte + Poreless Foundation,380,#533417,color code,,https://www.maybelline.com/face-makeup/foundation-makeup/fit-me-matte-poreless-foundation,2026-09-28
Maybelline,Instant Age Rewind Eraser Treatment Makeup,110,#FBE0BF,color code,,https://www.maybelline.com/face-makeup/foundation-makeup/instant-age-rewind-eraser-treatment-makeup,2026-09-28
Maybelline,Instant Age Rewind Eraser Treatment Makeup,112,#FED4B2,color code,,https://www.maybelline.com/face-makeup/foundation-makeup/instant-age-rewind-eraser-treatment-makeup,2026-09-28
Maybelline,Instant Age Rewind Eraser Treatment Makeup,118,#F8D4AF,color code,,https://www.maybelline.com/face-makeup/foundation-makeup/instant-age-rewind-eraser-treatment-makeup,2026-09-28
Maybelline,Instant Age Rewind Eraser Treatment Makeup,120,#F5C19B,color code,,https://www.maybelline.com/face-makeup/foundation-makeup/instant-age-rewind-eraser-treatment-makeup,2026-09-28
Maybelline,Instant Age Rewind Eraser Treatment Makeup,130,#F6C89A,color code,,https://www.maybelline.com/face-makeup/foundation-makeup/instant-age-rewind-eraser-treatment-makeup,2026-09-28
Maybelline,Instant Age Rewind Eraser Treatment Makeup,150,#F3C49E,color code,,https://www.maybelline.com/face-makeup/foundation-makeup/instant-age-rewind-eraser-treatment-makeup,2026-09-28
Maybelline,Instant Age Rewind Eraser Treatment Makeup,190,#E0AA86,color code,,https://www.maybelline.com/face-makeup/foundation-makeup/instant-age-rewind-eraser-treatment-makeup,2026-09-28
Maybelline,Instant Age Rewind Eraser Treatment Makeup,200,#F3C190,color code,,https://www.maybelline.com/face-makeup/foundation-makeup/instant-age-rewind-eraser-treatment-makeup,2026-09-28
Maybelline,Instant Age Rewind Eraser Treatment Makeup,210,#EDB377,color code,,https://www.maybelline.com/face-makeup/foundation-makeup/instant-age-rewind-eraser-treatment-makeup,2026-09-28
Maybelline,Instant Age Rewind Eraser Treatment Makeup,225,#E1AF77,color code,,https://www.maybelline.com/face-makeup/foundation-makeup/instant-age-rewind-eraser-treatment-makeup,2026-09-28
Maybelline,Instant Age Rewind Eraser Treatment Makeup,300,#E29D74,color code,,https://www.maybelline.com/face-makeup/foundation-makeup/instant-age-rewind-eraser-treatment-makeup,2026-09-28
Maybelline,Instant Age Rewind Eraser Treatment Makeup,310,#E7A264,color code,,https://www.maybelline.com/face-makeup/foundation-makeup/instant-age-rewind-eraser-treatment-makeup,2026-09-28
Maybelline,Instant Age Rewind Eraser Treatment Makeup,330,#CA854A,color code,,https://www.maybelline.com/face-makeup/foundation-makeup/instant-age-rewind-eraser-treatment-makeup,2026-09-28
Maybelline,Instant Age Rewind Eraser Treatment Makeup,340,#BD7B44,color code,,https://www.maybelline.com/face-makeup/foundation-makeup/instant-age-rewind-eraser-treatment-makeup,2026-09-28
Maybelline,Instant Age Rewind Eraser Treatment Makeup,355,#A36636,color code,,https://www.maybelline.com/face-makeup/foundation-makeup/instant-age-rewind-eraser-treatment-makeup,2026-09-28
Maybelline,Instant Age Rewind Eraser Treatment Makeup,360,#89512A,color code,,https://www.maybelline.com/face-makeup/foundation-makeup/instant-age-rewind-eraser-treatment-makeup,2026-09-28
Maybelline,Lifter Plump & Glow Foundation,90,#F1C9A5,color code,,https://www.maybelline.com/face-makeup/foundation-makeup/lifter-plump-and-glow-foundation,2026-09-28
Maybelline,Lifter Plump & Glow Foundation,102,#EBB495,color code,,https://www.maybelline.com/face-makeup/foundation-makeup/lifter-plump-and-glow-foundation,2026-09-28
Maybelline,Lifter Plump & Glow Foundation,110,#EDC5A2,color code,,https://www.maybelline.com/face-makeup/foundation-makeup/lifter-plump-and-glow-foundation,2026-09-28
Maybelline,Lifter Plump & Glow Foundation,112,#ECB69A,color code,,https://www.maybelline.com/face-makeup/foundation-makeup/lifter-plump-and-glow-foundation,2026-09-28
Maybelline,Lifter Plump & Glow Foundation,113,#E9AE8C,color code,,https://www.maybelline.com/face-makeup/foundation-makeup/lifter-plump-and-glow-foundation,2026-09-28
Maybelline,Lifter Plump & Glow Foundation,115,#E9AA89,color code,,https://www.maybelline.com/face-makeup/foundation-makeup/lifter-plump-and-glow-foundation,2026-09-28
Maybelline,Lifter Plump & Glow Foundation,118,#E1B18B,color code,,https://www.maybelline.com/face-makeup/foundation-makeup/lifter-plump-and-glow-foundation,2026-09-28
Maybelline,Lifter Plump & Glow Foundation,120,#E3A481,color code,,https://www.maybelline.com/face-makeup/foundation-makeup/lifter-plump-and-glow-foundation,2026-09-28
Maybelline,Lifter Plump & Glow Foundation,130,#E19D78,color code,,https://www.maybelline.com/face-makeup/foundation-makeup/lifter-plump-and-glow-foundation,2026-09-28
Maybelline,Lifter Plump & Glow Foundation,210,#DB986B,color code,,https://www.maybelline.com/face-makeup/foundation-makeup/lifter-plump-and-glow-foundation,2026-09-28
Maybelline,Lifter Plump & Glow Foundation,220,#DDA67F,color code,,https://www.maybelline.com/face-makeup/foundation-makeup/lifter-plump-and-glow-foundation,2026-09-28
Maybelline,Lifter Plump & Glow Foundation,235,#D38F68,color code,,https://www.maybelline.com/face-makeup/foundation-makeup/lifter-plump-and-glow-foundation,2026-09-28
Maybelline,Lifter Plump & Glow Foundation,330,#C67C55,color code,,https://www.maybelline.com/face-makeup/foundation-makeup/lifter-plump-and-glow-foundation,2026-09-28
Maybelline,Lifter Plump & Glow Foundation,332,#C28451,color code,,https://www.maybelline.com/face-makeup/foundation-makeup/lifter-plump-and-glow-foundation,2026-09-28
Maybelline,Lifter Plump & Glow Foundation,340,#B36F4A,color code,,https://www.maybelline.com/face-makeup/foundation-makeup/lifter-plump-and-glow-foundation,2026-09-28
Maybelline,Lifter Plump & Glow Foundation,355,#AC6843,color code,,https://www.maybelline.com/face-makeup/foundation-makeup/lifter-plump-and-glow-foundation,2026-09-28
Maybelline,Lifter Plump & Glow Foundation,359,#9E5535,color code,,https://www.maybelline.com/face-makeup/foundation-makeup/lifter-plump-and-glow-foundation,2026-09-28
Maybelline,Lifter Plump & Glow Foundation,367,#8D4B35,color code,,https://www.maybelline.com/face-makeup/foundation-makeup/lifter-plump-and-glow-foundation,2026-09-28
Maybelline,Lifter Plump & Glow Foundation,368,#865034,color code,,https://www.maybelline.com/face-makeup/foundation-makeup/lifter-plump-and-glow-foundation,2026-09-28
Maybelline,Lifter Plump & Glow Foundation,373,#663121,color code,,https://www.maybelline.com/face-makeup/foundation-makeup/lifter-plump-and-glow-foundation,2026-09-28
Maybelline,Lifter Plump & Glow Foundation,375,#623724,color code,,https://www.maybelline.com/face-makeup/foundation-makeup/lifter-plump-and-glow-foundation,2026-09-28
Maybelline,Lifter Plump & Glow Foundation,385,#572B22,color code,,https://www.maybelline.com/face-makeup/foundation-makeup/lifter-plump-and-glow-foundation,2026-09-28
Maybelline,Lifter Plump & Glow Foundation,400,#4B2321,color code,,https://www.maybelline.com/face-makeup/foundation-makeup/lifter-plump-and-glow-foundation,2026-09-28
Maybelline,Lifter Plump & Glow Foundation,405,#301710,color code,,https://www.maybelline.com/face-makeup/foundation-makeup/lifter-plump-and-glow-foundation,2026-09-28
Maybelline,Super Stay 24HR Skin Tint with Vitamin C,102,#FBE1D0,color code,,https://www.maybelline.com/face-makeup/foundation-makeup/super-stay-24hr-skin-tint-with-vitamin-c,2026-09-28
Maybelline,Super Stay 24HR Skin Tint with Vitamin C,110,#FAE0C9,color code,,https://www.maybelline.com/face-makeup/foundation-makeup/super-stay-24hr-skin-tint-with-vitamin-c,2026-09-28
Maybelline,Super Stay 24HR Skin Tint with Vitamin C,112,#F7CFB9,color code,,https://www.maybelline.com/face-makeup/foundation-makeup/super-stay-24hr-skin-tint-with-vitamin-c,2026-09-28
Maybelline,Super Stay 24HR Skin Tint with Vitamin C,118,#F5D4B8,color code,,https://www.maybelline.com/face-makeup/foundation-makeup/super-stay-24hr-skin-tint-with-vitamin-c,2026-09-28
Maybelline,Super Stay 24HR Skin Tint with Vitamin C,120,#F0C8AC,color code,,https://www.maybelline.com/face-makeup/foundation-makeup/super-stay-24hr-skin-tint-with-vitamin-c,2026-09-28
Maybelline,Super Stay 24HR Skin Tint with Vitamin C,129,#E3B198,color code,,https://www.maybelline.com/face-makeup/foundation-makeup/super-stay-24hr-skin-tint-with-vitamin-c,2026-09-28
Maybelline,Super Stay 24HR Skin Tint with Vitamin C,130,#E9B094,color code,,https://www.maybelline.com/face-makeup/foundation-makeup/super-stay-24hr-skin-tint-with-vitamin-c,2026-09-28
Maybelline,Super Stay 24HR Skin Tint with Vitamin C,220,#DFB189,color code,,https://www.maybelline.com/face-makeup/foundation-makeup/super-stay-24hr-skin-tint-with-vitamin-c,2026-09-28
Maybelline,Super Stay 24HR Skin Tint with Vitamin C,310,#E7B68D,color code,,https://www.maybelline.com/face-makeup/foundation-makeup/super-stay-24hr-skin-tint-with-vitamin-c,2026-09-28
Maybelline,Super Stay 24HR Skin Tint with Vitamin C,312,#E0AA78,color code,,https://www.maybelline.com/face-makeup/foundation-makeup/super-stay-24hr-skin-tint-with-vitamin-c,2026-09-28
Maybelline,Super Stay 24HR Skin Tint with Vitamin C,322,#E9B085,color code,,https://www.maybelline.com/face-makeup/foundation-makeup/super-stay-24hr-skin-tint-with-vitamin-c,2026-09-28
Maybelline,Super Stay 24HR Skin Tint with Vitamin C,330,#DFA575,color code,,https://www.maybelline.com/face-makeup/foundation-makeup/super-stay-24hr-skin-tint-with-vitamin-c,2026-09-28
Maybelline,Super Stay 24HR Skin Tint with Vitamin C,338,#CB8E64,color code,,https://www.maybelline.com/face-makeup/foundation-makeup/super-stay-24hr-skin-tint-with-vitamin-c,2026-09-28
Maybelline,Super Stay 24HR Skin Tint with Vitamin C,355,#BF7A4A,color code,,https://www.maybelline.com/face-makeup/foundation-makeup/super-stay-24hr-skin-tint-with-vitamin-c,2026-09-28
Maybelline,Super Stay 24HR Skin Tint with Vitamin C,368,#A26843,color code,,https://www.maybelline.com/face-makeup/foundation-makeup/super-stay-24hr-skin-tint-with-vitamin-c,2026-09-28
Maybelline,Super Stay 24HR Skin Tint with Vitamin C,372,#87553E,color code,,https://www.maybelline.com/face-makeup/foundation-makeup/super-stay-24hr-skin-tint-with-vitamin-c,2026-09-28
Maybelline,Super Stay 24HR Skin Tint with Vitamin C,374,#4E2B1D,color code,,https://www.maybelline.com/face-makeup/foundation-makeup/super-stay-24hr-skin-tint-with-vitamin-c,2026-09-28
Maybelline,Super Stay 24HR Skin Tint with Vitamin C,375,#593428,color code,,https://www.maybelline.com/face-makeup/foundation-makeup/super-stay-24hr-skin-tint-with-vitamin-c,2026-09-28
Maybelline,Super Stay Lumi-Matte Foundation,102,#FFD9BD,color code,,https://www.maybelline.com/face-makeup/foundation-makeup/super-stay-lumi-matte-foundation,2026-09-28
Maybelline,Super Stay Lumi-Matte Foundation,110,#FADCBA,color code,,https://www.maybelline.com/face-makeup/foundation-makeup/super-stay-lumi-matte-foundation,2026-09-28
Maybelline,Super Stay Lumi-Matte Foundation,112,#F6CCAD,color code,,https://www.maybelline.com/face-makeup/foundation-makeup/super-stay-lumi-matte-foundation,2026-09-28
Maybelline,Super Stay Lumi-Matte Foundation,115,#FDD4B5,color code,,https://www.maybelline.com/face-makeup/foundation-makeup/super-stay-lumi-matte-foundation,2026-09-28
Maybelline,Super Stay Lumi-Matte Foundation,118,#F6D2AB,color code,,https://www.maybelline.com/face-makeup/foundation-makeup/super-stay-lumi-matte-foundation,2026-09-28
Maybelline,Super Stay Lumi-Matte Foundation,120,#FDC79B,color code,,https://www.maybelline.com/face-makeup/foundation-makeup/super-stay-lumi-matte-foundation,2026-09-28
Maybelline,Super Stay Lumi-Matte Foundation,125,#F1BA90,color code,,https://www.maybelline.com/face-makeup/foundation-makeup/super-stay-lumi-matte-foundation,2026-09-28
Maybelline,Super Stay Lumi-Matte Foundation,128,#EEB780,color code,,https://www.maybelline.com/face-makeup/foundation-makeup/super-stay-lumi-matte-foundation,2026-09-28
Maybelline,Super Stay Lumi-Matte Foundation,129,#F2B98F,color code,,https://www.maybelline.com/face-makeup/foundation-makeup/super-stay-lumi-matte-foundation,2026-09-28
Maybelline,Super Stay Lumi-Matte Foundation,220,#F0B987,color code,,https://www.maybelline.com/face-makeup/foundation-makeup/super-stay-lumi-matte-foundation,2026-09-28
Maybelline,Super Stay Lumi-Matte Foundation,250,#E5B383,color code,,https://www.maybelline.com/face-makeup/foundation-makeup/super-stay-lumi-matte-foundation,2026-09-28
Maybelline,Super Stay Lumi-Matte Foundation,312,#E1A06C,color code,,https://www.maybelline.com/face-makeup/foundation-makeup/super-stay-lumi-matte-foundation,2026-09-28
Maybelline,Super Stay Lumi-Matte Foundation,322,#DE9A69,color code,,https://www.maybelline.com/face-makeup/foundation-makeup/super-stay-lumi-matte-foundation,2026-09-28
Maybelline,Super Stay Lumi-Matte Foundation,330,#D79463,color code,,https://www.maybelline.com/face-makeup/foundation-makeup/super-stay-lumi-matte-foundation,2026-09-28
Maybelline,Super Stay Lumi-Matte Foundation,332,#D49B67,color code,,https://www.maybelline.com/face-makeup/foundation-makeup/super-stay-lumi-matte-foundation,2026-09-28
Maybelline,Super Stay Lumi-Matte Foundation,340,#C67842,color code,,https://www.maybelline.com/face-makeup/foundation-makeup/super-stay-lumi-matte-foundation,2026-09-28
Maybelline,Super Stay Lumi-Matte Foundation,350,#AF734D,color code,,https://www.maybelline.com/face-makeup/foundation-makeup/super-stay-lumi-matte-foundation,2026-09-28
Maybelline,Super Stay Lumi-Matte Foundation,355,#9E5A33,color code,,https://www.maybelline.com/face-makeup/foundation-makeup/super-stay-lumi-matte-foundation,2026-09-28
Maybelline,Super Stay Lumi-Matte Foundation,367,#83472B,color code,,https://www.maybelline.com/face-makeup/foundation-makeup/super-stay-lumi-matte-foundation,2026-09-28
Maybelline,Super Stay Lumi-Matte Foundation,368,#774022,color code,,https://www.maybelline.com/face-makeup/foundation-makeup/super-stay-lumi-matte-foundation,2026-09-28
Maybelline,Super Stay Lumi-Matte Foundation,370,#6C3D20,color code,,https://www.maybelline.com/face-makeup/foundation-makeup/super-stay-lumi-matte-foundation,2026-09-28
Maybelline,Super Stay Lumi-Matte Foundation,375,#643C29,color code,,https://www.maybelline.com/face-makeup/foundation-makeup/super-stay-lumi-matte-foundation,2026-09-28
Maybelline,Super Stay Lumi-Matte Foundation,400,#5A2F1C,color code,,https://www.maybelline.com/face-makeup/foundation-makeup/super-stay-lumi-matte-foundation,2026-09-28
Maybelline,Super Stay Lumi-Matte Foundation,405,#3C1B12,color code,,https://www.maybelline.com/face-makeup/foundation-makeup/super-stay-lumi-matte-foundation,2026-09-28
Huda Beauty,#FauxFilter Luminous Matte Foundation,Vanilla 120B,#FBDCC6,color code,FALSE,https://hudabeauty.com/en-us/products/fauxfilter-luminous-matte-foundation-hb00509m,2026-09-28
Huda Beauty,#FauxFilter Luminous Matte Foundation,Shortbread 200B,#F8CFB6,color code,FALSE,https://hudabeauty.com/en-us/products/fauxfilter-luminous-matte-foundation-hb00509m,2026-09-28
Huda Beauty,#FauxFilter Luminous Matte Foundation,Peaches N Cream 245B,#F5AF8A,color code,TRUE,https://hudabeauty.com/en-us/products/fauxfilter-luminous-matte-foundation-hb00509m,2026-09-28
Huda Beauty,#FauxFilter Luminous Matte Foundation,Cheesecake 250G,#E7A280,color code,FALSE,https://hudabeauty.com/en-us/products/fauxfilter-luminous-matte-foundation-hb00509m,2026-09-28
Huda Beauty,Easy Blur Natural Airbrush Foundation with Niacinamide,Milkshake 100B,#FBE4D6,color code,,https://hudabeauty.com/en-us/products/easy-blur-natural-airbrush-foundation-with-niacinamide-hb01166m,2026-09-28
Huda Beauty,Easy Blur Natural Airbrush Foundation with Niacinamide,Angel Food 110N,#FED7B4,color code,,https://hudabeauty.com/en-us/products/easy-blur-natural-airbrush-foundation-with-niacinamide-hb01166m,2026-09-28
Huda Beauty,Easy Blur Natural Airbrush Foundation with Niacinamide,Vanilla 120B,#FDD4B4,color code,,https://hudabeauty.com/en-us/products/easy-blur-natural-airbrush-foundation-with-niacinamide-hb01166m,2026-09-28
Huda Beauty,Easy Blur Natural Airbrush Foundation with Niacinamide,Cashew 140G,#EDC3A3,color code,,https://hudabeauty.com/en-us/products/easy-blur-natural-airbrush-foundation-with-niacinamide-hb01166m,2026-09-28
Huda Beauty,Easy Blur Natural Airbrush Foundation with Niacinamide,Creme Brulee 150G,#E3BB93,color code,,https://hudabeauty.com/en-us/products/easy-blur-natural-airbrush-foundation-with-niacinamide-hb01166m,2026-09-28
Huda Beauty,Easy Blur Natural Airbrush Foundation with Niacinamide,Shortbread 200B,#E3BCA0,color code,,https://hudabeauty.com/en-us/products/easy-blur-natural-airbrush-foundation-with-niacinamide-hb01166m,2026-09-28
Huda Beauty,Easy Blur Natural Airbrush Foundation with Niacinamide,Chai 210B,#D8AD8E,color code,,https://hudabeauty.com/en-us/products/easy-blur-natural-airbrush-foundation-with-niacinamide-hb01166m,2026-09-28
Huda Beauty,Easy Blur Natural Airbrush Foundation with Niacinamide,Custard 220N,#D19F7E,color code,,https://hudabeauty.com/en-us/products/easy-blur-natural-airbrush-foundation-with-niacinamide-hb01166m,2026-09-28
Huda Beauty,Easy Blur Natural Airbrush Foundation with Niacinamide,Macaroon 230N,#DBA78B,color code,,https://hudabeauty.com/en-us/products/easy-blur-natural-airbrush-foundation-with-niacinamide-hb01166m,2026-09-28
Huda Beauty,Easy Blur Natural Airbrush Foundation with Niacinamide,Toasted Coconut 240N,#D49F7D,color code,,https://hudabeauty.com/en-us/products/easy-blur-natural-airbrush-foundation-with-niacinamide-hb01166m,2026-09-28
Huda Beauty,Easy Blur Natural Airbrush Foundation with Niacinamide,Cheesecake 250G,#DEAC8E,color code,,https://hudabeauty.com/en-us/products/easy-blur-natural-airbrush-foundation-with-niacinamide-hb01166m,2026-09-28
Huda Beauty,Easy Blur Natural Airbrush Foundation with Niacinamide,Apple Pie 255B,#D19979,color code,,https://hudabeauty.com/en-us/products/easy-blur-natural-airbrush-foundation-with-niacinamide-hb01166m,2026-09-28
Huda Beauty,Easy Blur Natural Airbrush Foundation with Niacinamide,Cream Puff 260W,#F5B37B,color code,,https://hudabeauty.com/en-us/products/easy-blur-natural-airbrush-foundation-with-niacinamide-hb01166m,2026-09-28
Huda Beauty,Easy Blur Natural Airbrush Foundation with Niacinamide,Latte 300N,#CD9B7D,color code,,https://hudabeauty.com/en-us/products/easy-blur-natural-airbrush-foundation-with-niacinamide-hb01166m,2026-09-28
Huda Beauty,Easy Blur Natural Airbrush Foundation with Niacinamide,Iced Frappe 305C,#E1A578,color code,,https://hudabeauty.com/en-us/products/easy-blur-natural-airbrush-foundation-with-niacinamide-hb01166m,2026-09-28
Huda Beauty,Easy Blur Natural Airbrush Foundation with Niacinamide,Golden Milk 307N,#E8AC75,color code,,https://hudabeauty.com/en-us/products/easy-blur-natural-airbrush-foundation-with-niacinamide-hb01166m,2026-09-28
Huda Beauty,Easy Blur Natural Airbrush Foundation with Niacinamide,Amaretti 310G,#CA9165,color code,,https://hudabeauty.com/en-us/products/easy-blur-natural-airbrush-foundation-with-niacinamide-hb01166m,2026-09-28
Huda Beauty,Easy Blur Natural Airbrush Foundation with Niacinamide,TresLeches 320G,#BD8E6B,color code,,https://hudabeauty.com/en-us/products/easy-blur-natural-airbrush-foundation-with-niacinamide-hb01166m,2026-09-28
Huda Beauty,Easy Blur Natural Airbrush Foundation with Niacinamide,Butter Pecan 330N,#C9926E,color code,,https://hudabeauty.com/en-us/products/easy-blur-natural-airbrush-foundation-with-niacinamide-hb01166m,2026-09-28
Huda Beauty,Easy Blur Natural Airbrush Foundation with Niacinamide,Baklava 340G,#BD8559,color code,,https://hudabeauty.com/en-us/products/easy-blur-natural-airbrush-foundation-with-niacinamide-hb01166m,2026-09-28
Huda Beauty,Easy Blur Natural Airbrush Foundation with Niacinamide,Dulce De Leche 350G,#D19B6E,color code,,https://hudabeauty.com/en-us/products/easy-blur-natural-airbrush-foundation-with-niacinamide-hb01166m,2026-09-28
Huda Beauty,Easy Blur Natural Airbrush Foundation with Niacinamide,Creme Caramel 355W,#DF9D5B,color code,,https://hudabeauty.com/en-us/products/easy-blur-natural-airbrush-foundation-with-niacinamide-hb01166m,2026-09-28
Huda Beauty,Easy Blur Natural Airbrush Foundation with Niacinamide,Macchiato 400G,#CB906E,color code,,https://hudabeauty.com/en-us/products/easy-blur-natural-airbrush-foundation-with-niacinamide-hb01166m,2026-09-28
Huda Beauty,Easy Blur Natural Airbrush Foundation with Niacinamide,Toffee 420G,#C18355,color code,,https://hudabeauty.com/en-us/products/easy-blur-natural-airbrush-foundation-with-niacinamide-hb01166m,2026-09-28
Huda Beauty,Easy Blur Natural Airbrush Foundation with Niacinamide,Pistachio Cream 425N,#DA905A,color code,,https://hudabeauty.com/en-us/products/easy-blur-natural-airbrush-foundation-with-niacinamide-hb01166m,2026-09-28
Huda Beauty,Easy Blur Natural Airbrush Foundation with Niacinamide,Gingerbread 430N,#B57746,color code,,https://hudabeauty.com/en-us/products/easy-blur-natural-airbrush-foundation-with-niacinamide-hb01166m,2026-09-28
Huda Beauty,Easy Blur Natural Airbrush Foundation with Niacinamide,Cinnamon 440G,#A26324,color code,,https://hudabeauty.com/en-us/products/easy-blur-natural-airbrush-foundation-with-niacinamide-hb01166m,2026-09-28
Huda Beauty,Easy Blur Natural Airbrush Foundation with Niacinamide,Chocolate Mousse 450G,#985E30,color code,,https://hudabeauty.com/en-us/products/easy-blur-natural-airbrush-foundation-with-niacinamide-hb01166m,2026-09-28
Huda Beauty,Easy Blur Natural Airbrush Foundation with Niacinamide,Peanut Butter 455R,#8F541E,color code,,https://hudabeauty.com/en-us/products/easy-blur-natural-airbrush-foundation-with-niacinamide-hb01166m,2026-09-28
Huda Beauty,Easy Blur Natural Airbrush Foundation with Niacinamide,Mocha 500G,#8D582C,color code,,https://hudabeauty.com/en-us/products/easy-blur-natural-airbrush-foundation-with-niacinamide-hb01166m,2026-09-28
Huda Beauty,Easy Blur Natural Airbrush Foundation with Niacinamide,Cocoa 510R,#885842,color code,,https://hudabeauty.com/en-us/products/easy-blur-natural-airbrush-foundation-with-niacinamide-hb01166m,2026-09-28
Huda Beauty,Easy Blur Natural Airbrush Foundation with Niacinamide,Hot Fudge 550R,#734A39,color code,,https://hudabeauty.com/en-us/products/easy-blur-natural-airbrush-foundation-with-niacinamide-hb01166m,2026-09-28
Huda Beauty,Easy Blur Natural Airbrush Foundation with Niacinamide,Ganache 560R,#643F38,color code,,https://hudabeauty.com/en-us/products/easy-blur-natural-airbrush-foundation-with-niacinamide-hb01166m,2026-09-28
Huda Beauty,Easy Blur Natural Airbrush Foundation with Niacinamide,Chocolate Swirl 570W,#592B1A,color code,,https://hudabeauty.com/en-us/products/easy-blur-natural-airbrush-foundation-with-niacinamide-hb01166m,2026-09-28
Huda Beauty,Easy Blur Natural Airbrush Foundation with Niacinamide,Truffle Cake 580N,#48261A,color code,,https://hudabeauty.com/en-us/products/easy-blur-natural-airbrush-foundation-with-niacinamide-hb01166m,2026-09-28
Huda Beauty,Easy Blur Natural Airbrush Foundation with Niacinamide,True Lava Cake 590R,#5D352A,color code,,https://hudabeauty.com/en-us/products/easy-blur-natural-airbrush-foundation-with-niacinamide-hb01166m,2026-09-28
Huda Beauty,Easy Blur Natural Airbrush Foundation with Niacinamide,Molten Cocoa 595N,#2C1917,color code,,https://hudabeauty.com/en-us/products/easy-blur-natural-airbrush-foundation-with-niacinamide-hb01166m,2026-09-28
Huda Beauty,Easy Blur Natural Airbrush Foundation with Niacinamide,Espresso 600N,#45332E,color code,,https://hudabeauty.com/en-us/products/easy-blur-natural-airbrush-foundation-with-niacinamide-hb01166m,2026-09-28
Charlotte Tilbury,Airbrush Flawless Foundation,1 COOL,#FBE3CD,image,FALSE,https://www.charlottetilbury.com/us/product/airbrush-flawless-foundation-shade-1-neutral,2026-09-28
Charlotte Tilbury,Airbrush Flawless Foundation,1 NEUTRAL,#F8DEC5,image,TRUE,https://www.charlottetilbury.com/us/product/airbrush-flawless-foundation-shade-1-neutral,2026-09-28
Charlotte Tilbury,Airbrush Flawless Foundation,2 COOL,#FBD8C2,image,TRUE,https://www.charlottetilbury.com/us/product/airbrush-flawless-foundation-shade-1-neutral,2026-09-28
Charlotte Tilbury,Airbrush Flawless Foundation,2 NEUTRAL,#F5D4B9,image,FALSE,https://www.charlottetilbury.com/us/product/airbrush-flawless-foundation-shade-1-neutral,2026-09-28
Charlotte Tilbury,Airbrush Flawless Foundation,2 WARM,#F6DABF,image,TRUE,https://www.charlottetilbury.com/us/product/airbrush-flawless-foundation-shade-1-neutral,2026-09-28
Charlotte Tilbury,Airbrush Flawless Foundation,3 COOL,#F6CFB2,image,TRUE,https://www.charlottetilbury.com/us/product/airbrush-flawless-foundation-shade-1-neutral,2026-09-28
Charlotte Tilbury,Airbrush Flawless Foundation,3 NEUTRAL,#EFCDAB,image,TRUE,https://www.charlottetilbury.com/us/product/airbrush-flawless-foundation-shade-1-neutral,2026-09-28
Charlotte Tilbury,Airbrush Flawless Foundation,3 WARM,#F5D2AA,image,TRUE,https://www.charlottetilbury.com/us/product/airbrush-flawless-foundation-shade-1-neutral,2026-09-28
Charlotte Tilbury,Airbrush Flawless Foundation,4 COOL,#EFC2A0,image,TRUE,https://www.charlottetilbury.com/us/product/airbrush-flawless-foundation-shade-1-neutral,2026-09-28
Charlotte Tilbury,Airbrush Flawless Foundation,4 NEUTRAL,#E8C6A2,image,TRUE,https://www.charlottetilbury.com/us/product/airbrush-flawless-foundation-shade-1-neutral,2026-09-28
Charlotte Tilbury,Airbrush Flawless Foundation,4 WARM,#F0C59B,image,TRUE,https://www.charlottetilbury.com/us/product/airbrush-flawless-foundation-shade-1-neutral,2026-09-28
Charlotte Tilbury,Airbrush Flawless Foundation,5 COOL,#EEBD94,image,TRUE,https://www.charlottetilbury.com/us/product/airbrush-flawless-foundation-shade-1-neutral,2026-09-28
Charlotte Tilbury,Airbrush Flawless Foundation,5 NEUTRAL,#E5C294,image,TRUE,https://www.charlottetilbury.com/us/product/airbrush-flawless-foundation-shade-1-neutral,2026-09-28
Charlotte Tilbury,Airbrush Flawless Foundation,5 WARM,#E0B989,image,TRUE,https://www.charlottetilbury.com/us/product/airbrush-flawless-foundation-shade-1-neutral,2026-09-28
Charlotte Tilbury,Airbrush Flawless Foundation,6 COOL,#EFBA8B,image,TRUE,https://www.charlottetilbury.com/us/product/airbrush-flawless-foundation-shade-1-neutral,2026-09-28
Charlotte Tilbury,Airbrush Flawless Foundation,6 NEUTRAL,#E5B684,image,TRUE,https://www.charlottetilbury.com/us/product/airbrush-flawless-foundation-shade-1-neutral,2026-09-28
Charlotte Tilbury,Airbrush Flawless Foundation,6 WARM,#E6B57E,image,TRUE,https://www.charlottetilbury.com/us/product/airbrush-flawless-foundation-shade-1-neutral,2026-09-28
Charlotte Tilbury,Airbrush Flawless Foundation,7 COOL,#F5B88C,image,TRUE,https://www.charlottetilbury.com/us/product/airbrush-flawless-foundation-shade-1-neutral,2026-09-28
Charlotte Tilbury,Airbrush Flawless Foundation,7 NEUTRAL,#DBAA7A,image,TRUE,https://www.charlottetilbury.com/us/product/airbrush-flawless-foundation-shade-1-neutral,2026-09-28
Charlotte Tilbury,Airbrush Flawless Foundation,7 WARM,#ECB47B,image,TRUE,https://www.charlottetilbury.com/us/product/airbrush-flawless-foundation-shade-1-neutral,2026-09-28
Charlotte Tilbury,Airbrush Flawless Foundation,8 NEUTRAL,#DDA373,image,TRUE,https://www.charlottetilbury.com/us/product/airbrush-flawless-foundation-shade-1-neutral,2026-09-28
Charlotte Tilbury,Airbrush Flawless Foundation,8 WARM,#DD9F68,image,TRUE,https://www.charlottetilbury.com/us/product/airbrush-flawless-foundation-shade-1-neutral,2026-09-28
Charlotte Tilbury,Airbrush Flawless Foundation,9 COOL,#DD9969,image,TRUE,https://www.charlottetilbury.com/us/product/airbrush-flawless-foundation-shade-1-neutral,2026-09-28
Charlotte Tilbury,Airbrush Flawless Foundation,9 NEUTRAL,#D3995F,image,TRUE,https://www.charlottetilbury.com/us/product/airbrush-flawless-foundation-shade-1-neutral,2026-09-28
Charlotte Tilbury,Airbrush Flawless Foundation,9 WARM,#D2915C,image,TRUE,https://www.charlottetilbury.com/us/product/airbrush-flawless-foundation-shade-1-neutral,2026-09-28
Charlotte Tilbury,Airbrush Flawless Foundation,10 COOL,#DD9562,image,TRUE,https://www.charlottetilbury.com/us/product/airbrush-flawless-foundation-shade-1-neutral,2026-09-28
Charlotte Tilbury,Airbrush Flawless Foundation,10 NEUTRAL,#DC9762,image,TRUE,https://www.charlottetilbury.com/us/product/airbrush-flawless-foundation-shade-1-neutral,2026-09-28
Charlotte Tilbury,Airbrush Flawless Foundation,10 WARM,#D88E54,image,TRUE,https://www.charlottetilbury.com/us/product/airbrush-flawless-foundation-shade-1-neutral,2026-09-28
Charlotte Tilbury,Airbrush Flawless Foundation,11 NEUTRAL,#C8894D,image,TRUE,https://www.charlottetilbury.com/us/product/airbrush-flawless-foundation-shade-1-neutral,2026-09-28
Charlotte Tilbury,Airbrush Flawless Foundation,11 WARM,#CF8548,image,TRUE,https://www.charlottetilbury.com/us/product/airbrush-flawless-foundation-shade-1-neutral,2026-09-28
Charlotte Tilbury,Airbrush Flawless Foundation,12 COOL,#D08558,image,TRUE,https://www.charlottetilbury.com/us/product/airbrush-flawless-foundation-shade-1-neutral,2026-09-28
Charlotte Tilbury,Airbrush Flawless Foundation,12 NEUTRAL,#C17B42,image,TRUE,https://www.charlottetilbury.com/us/product/airbrush-flawless-foundation-shade-1-neutral,2026-09-28
Charlotte Tilbury,Airbrush Flawless Foundation,12 WARM,#BF7342,image,TRUE,https://www.charlottetilbury.com/us/product/airbrush-flawless-foundation-shade-1-neutral,2026-09-28
Charlotte Tilbury,Airbrush Flawless Foundation,13 COOL,#B57145,image,TRUE,https://www.charlottetilbury.com/us/product/airbrush-flawless-foundation-shade-1-neutral,2026-09-28
Charlotte Tilbury,Airbrush Flawless Foundation,13 NEUTRAL,#9C613F,image,FALSE,https://www.charlottetilbury.com/us/product/airbrush-flawless-foundation-shade-1-neutral,2026-09-28
Charlotte Tilbury,Airbrush Flawless Foundation,13 WARM,#A35F36,image,TRUE,https://www.charlottetilbury.com/us/product/airbrush-flawless-foundation-shade-1-neutral,2026-09-28
Charlotte Tilbury,Airbrush Flawless Foundation,14 COOL,#8F4F2F,image,TRUE,https://www.charlottetilbury.com/us/product/airbrush-flawless-foundation-shade-1-neutral,2026-09-28
Charlotte Tilbury,Airbrush Flawless Foundation,14 NEUTRAL,#7D4329,image,TRUE,https://www.charlottetilbury.com/us/product/airbrush-flawless-foundation-shade-1-neutral,2026-09-28
Charlotte Tilbury,Airbrush Flawless Foundation,15 NEUTRAL,#8A4F2E,image,TRUE,https://www.charlottetilbury.com/us/product/airbrush-flawless-foundation-shade-1-neutral,2026-09-28
Charlotte Tilbury,Airbrush Flawless Foundation,15 WARM,#744021,image,TRUE,https://www.charlottetilbury.com/us/product/airbrush-flawless-foundation-shade-1-neutral,2026-09-28
Charlotte Tilbury,Airbrush Flawless Foundation,16 COOL,#5F3215,image,TRUE,https://www.charlottetilbury.com/us/product/airbrush-flawless-foundation-shade-1-neutral,2026-09-28
Charlotte Tilbury,Airbrush Flawless Foundation,16 NEUTRAL,#542C08,image,TRUE,https://www.charlottetilbury.com/us/product/airbrush-flawless-foundation-shade-1-neutral,2026-09-28
Charlotte Tilbury,Airbrush Flawless Foundation,17 COOL,#4D2501,image,TRUE,https://www.charlottetilbury.com/us/product/airbrush-flawless-foundation-shade-1-neutral,2026-09-28
Charlotte Tilbury,Airbrush Flawless Foundation,17 NEUTRAL,#381F12,image,TRUE,https://www.charlottetilbury.com/us/product/airbrush-flawless-foundation-shade-1-neutral,2026-09-28
Charlotte Tilbury,Charlotte's Beautiful Skin Foundation,1 NEUTRAL,#F4DBC2,image,TRUE,https://www.charlottetilbury.com/us/product/beautiful-skin-foundation-1-neutral,2026-09-28
Charlotte Tilbury,Charlotte's Beautiful Skin Foundation,2 NEUTRAL,#EFD2B5,image,TRUE,https://www.charlottetilbury.com/us/product/beautiful-skin-foundation-1-neutral,2026-09-28
Charlotte Tilbury,Charlotte's Beautiful Skin Foundation,2 WARM,#EAC9AA,image,TRUE,https://www.charlottetilbury.com/us/product/beautiful-skin-foundation-1-neutral,2026-09-28
Charlotte Tilbury,Charlotte's Beautiful Skin Foundation,3 COOL,#E4BE9A,image,TRUE,https://www.charlottetilbury.com/us/product/beautiful-skin-foundation-1-neutral,2026-09-28
Charlotte Tilbury,Charlotte's Beautiful Skin Foundation,3 NEUTRAL,#E6C4AB,image,TRUE,https://www.charlottetilbury.com/us/product/beautiful-skin-foundation-1-neutral,2026-09-28
Charlotte Tilbury,Charlotte's Beautiful Skin Foundation,4 NEUTRAL,#EECAAB,image,TRUE,https://www.charlottetilbury.com/us/product/beautiful-skin-foundation-1-neutral,2026-09-28
Charlotte Tilbury,Charlotte's Beautiful Skin Foundation,4 WARM,#E6BF9F,image,TRUE,https://www.charlottetilbury.com/us/product/beautiful-skin-foundation-1-neutral,2026-09-28
Charlotte Tilbury,Charlotte's Beautiful Skin Foundation,5 NEUTRAL,#DFBF98,image,TRUE,https://www.charlottetilbury.com/us/product/beautiful-skin-foundation-1-neutral,2026-09-28
Charlotte Tilbury,Charlotte's Beautiful Skin Foundation,6 COOL,#DDB392,image,TRUE,https://www.charlottetilbury.com/us/product/beautiful-skin-foundation-1-neutral,2026-09-28
Charlotte Tilbury,Charlotte's Beautiful Skin Foundation,6 NEUTRAL,#E0B589,image,TRUE,https://www.charlottetilbury.com/us/product/beautiful-skin-foundation-1-neutral,2026-09-28
Charlotte Tilbury,Charlotte's Beautiful Skin Foundation,7 COOL,#E3B98B,image,TRUE,https://www.charlottetilbury.com/us/product/beautiful-skin-foundation-1-neutral,2026-09-28
Charlotte Tilbury,Charlotte's Beautiful Skin Foundation,7 NEUTRAL,#D7AA79,image,TRUE,https://www.charlottetilbury.com/us/product/beautiful-skin-foundation-1-neutral,2026-09-28
Charlotte Tilbury,Charlotte's Beautiful Skin Foundation,7 WARM,#DDAE7B,image,TRUE,https://www.charlottetilbury.com/us/product/beautiful-skin-foundation-1-neutral,2026-09-28
Charlotte Tilbury,Charlotte's Beautiful Skin Foundation,8 NEUTRAL,#CFA579,image,TRUE,https://www.charlottetilbury.com/us/product/beautiful-skin-foundation-1-neutral,2026-09-28
Charlotte Tilbury,Charlotte's Beautiful Skin Foundation,8 WARM,#DBA973,image,TRUE,https://www.charlottetilbury.com/us/product/beautiful-skin-foundation-1-neutral,2026-09-28
Charlotte Tilbury,Charlotte's Beautiful Skin Foundation,9 NEUTRAL,#C99C6E,image,TRUE,https://www.charlottetilbury.com/us/product/beautiful-skin-foundation-1-neutral,2026-09-28
Charlotte Tilbury,Charlotte's Beautiful Skin Foundation,9 WARM,#DA9E62,image,TRUE,https://www.charlottetilbury.com/us/product/beautiful-skin-foundation-1-neutral,2026-09-28
Charlotte Tilbury,Charlotte's Beautiful Skin Foundation,10 NEUTRAL,#CC955D,image,TRUE,https://www.charlottetilbury.com/us/product/beautiful-skin-foundation-1-neutral,2026-09-28
Charlotte Tilbury,Charlotte's Beautiful Skin Foundation,10 WARM,#D4965E,image,TRUE,https://www.charlottetilbury.com/us/product/beautiful-skin-foundation-1-neutral,2026-09-28
Charlotte Tilbury,Charlotte's Beautiful Skin Foundation,11 COOL,#C08F5C,image,TRUE,https://www.charlottetilbury.com/us/product/beautiful-skin-foundation-1-neutral,2026-09-28
Charlotte Tilbury,Charlotte's Beautiful Skin Foundation,11 NEUTRAL,#C98B56,image,TRUE,https://www.charlottetilbury.com/us/product/beautiful-skin-foundation-1-neutral,2026-09-28
Charlotte Tilbury,Charlotte's Beautiful Skin Foundation,11 WARM,#D39457,image,TRUE,https://www.charlottetilbury.com/us/product/beautiful-skin-foundation-1-neutral,2026-09-28
Charlotte Tilbury,Charlotte's Beautiful Skin Foundation,12 NEUTRAL,#B27D4B,image,TRUE,https://www.charlottetilbury.com/us/product/beautiful-skin-foundation-1-neutral,2026-09-28
Charlotte Tilbury,Charlotte's Beautiful Skin Foundation,13 WARM,#BC7744,image,TRUE,https://www.charlottetilbury.com/us/product/beautiful-skin-foundation-1-neutral,2026-09-28
Charlotte Tilbury,Charlotte's Beautiful Skin Foundation,14 COOL,#A86C4B,image,TRUE,https://www.charlottetilbury.com/us/product/beautiful-skin-foundation-1-neutral,2026-09-28
Charlotte Tilbury,Charlotte's Beautiful Skin Foundation,14 NEUTRAL,#9F6E46,image,TRUE,https://www.charlottetilbury.com/us/product/beautiful-skin-foundation-1-neutral,2026-09-28
Charlotte Tilbury,Charlotte's Beautiful Skin Foundation,15 NEUTRAL,#955E3E,image,TRUE,https://www.charlottetilbury.com/us/product/beautiful-skin-foundation-1-neutral,2026-09-28
Charlotte Tilbury,Charlotte's Beautiful Skin Foundation,16 COOL,#8C4E32,image,TRUE,https://www.charlottetilbury.com/us/product/beautiful-skin-foundation-1-neutral,2026-09-28
Charlotte Tilbury,Charlotte's Beautiful Skin Foundation,17 COOL,#754029,image,TRUE,https://www.charlottetilbury.com/us/product/beautiful-skin-foundation-1-neutral,2026-09-28
Charlotte Tilbury,Charlotte's Beautiful Skin Foundation,17 NEUTRAL,#6D4230,image,TRUE,https://www.charlottetilbury.com/us/product/beautiful-skin-foundation-1-neutral,2026-09-28
Charlotte Tilbury,Hollywood Flawless Filter,1 FAIR,#FBEAD4,image,TRUE,https://www.charlottetilbury.com/us/product/hollywood-flawless-filter-shade-1-fair,2026-09-28
Charlotte Tilbury,Hollywood Flawless Filter,2 FAIR,#F8D7C0,image,TRUE,https://www.charlottetilbury.com/us/product/hollywood-flawless-filter-shade-1-fair,2026-09-28
Charlotte Tilbury,Hollywood Flawless Filter,2.5 FAIR,#E2C7B1,image,TRUE,https://www.charlottetilbury.com/us/product/hollywood-flawless-filter-shade-1-fair,2026-09-28
Charlotte Tilbury,Hollywood Flawless Filter,3 FAIR,#F5CDA5,image,TRUE,https://www.charlottetilbury.com/us/product/hollywood-flawless-filter-shade-1-fair,2026-09-28
Charlotte Tilbury,Hollywood Flawless Filter,4 MEDIUM,#E8C399,image,TRUE,https://www.charlottetilbury.com/us/product/hollywood-flawless-filter-shade-1-fair,2026-09-28
Charlotte Tilbury,Hollywood Flawless Filter,4.5 MEDIUM,#F8D5AB,image,TRUE,https://www.charlottetilbury.com/us/product/hollywood-flawless-filter-shade-1-fair,2026-09-28
Charlotte Tilbury,Hollywood Flawless Filter,5 TAN,#F4B782,image,TRUE,https://www.charlottetilbury.com/us/product/hollywood-flawless-filter-shade-1-fair,2026-09-28
Charlotte Tilbury,Hollywood Flawless Filter,5.5 TAN,#D3A06B,image,TRUE,https://www.charlottetilbury.com/us/product/hollywood-flawless-filter-shade-1-fair,2026-09-28
Charlotte Tilbury,Hollywood Flawless Filter,6 TAN,#E6A47B,image,TRUE,https://www.charlottetilbury.com/us/product/hollywood-flawless-filter-shade-1-fair,2026-09-28
Charlotte Tilbury,Hollywood Flawless Filter,6.5 DEEP,#C47E4C,image,TRUE,https://www.charlottetilbury.com/us/product/hollywood-flawless-filter-shade-1-fair,2026-09-28
Charlotte Tilbury,Hollywood Flawless Filter,7 DEEP,#C77545,image,TRUE,https://www.charlottetilbury.com/us/product/hollywood-flawless-filter-shade-1-fair,2026-09-28
Charlotte Tilbury,Hollywood Flawless Filter,8 DEEP,#7E4E37,image,TRUE,https://www.charlottetilbury.com/us/product/hollywood-flawless-filter-shade-1-fair,2026-09-28
Charlotte Tilbury,Unreal Skin Sheer Glow Tint Hydrating Foundation Stick,1 FAIR,#F2D1B6,image,TRUE,https://www.charlottetilbury.com/us/product/unreal-skin-foundation-stick-1-fair,2026-09-28
Charlotte Tilbury,Unreal Skin Sheer Glow Tint Hydrating Foundation Stick,1.5 FAIR,#F6CDAA,image,TRUE,https://www.charlottetilbury.com/us/product/unreal-skin-foundation-stick-1-fair,2026-09-28
Charlotte Tilbury,Unreal Skin Sheer Glow Tint Hydrating Foundation Stick,2 FAIR,#F2BB99,image,TRUE,https://www.charlottetilbury.com/us/product/unreal-skin-foundation-stick-1-fair,2026-09-28
Charlotte Tilbury,Unreal Skin Sheer Glow Tint Hydrating Foundation Stick,3 FAIR,#EDB78C,image,TRUE,https://www.charlottetilbury.com/us/product/unreal-skin-foundation-stick-1-fair,2026-09-28
Charlotte Tilbury,Unreal Skin Sheer Glow Tint Hydrating Foundation Stick,4 FAIR,#E8AC83,image,TRUE,https://www.charlottetilbury.com/us/product/unreal-skin-foundation-stick-1-fair,2026-09-28
Charlotte Tilbury,Unreal Skin Sheer Glow Tint Hydrating Foundation Stick,5 MEDIUM,#D3A47B,image,TRUE,https://www.charlottetilbury.com/us/product/unreal-skin-foundation-stick-1-fair,2026-09-28
Charlotte Tilbury,Unreal Skin Sheer Glow Tint Hydrating Foundation Stick,6 MEDIUM,#DEA375,image,TRUE,https://www.charlottetilbury.com/us/product/unreal-skin-foundation-stick-1-fair,2026-09-28
Charlotte Tilbury,Unreal Skin Sheer Glow Tint Hydrating Foundation Stick,7 MEDIUM,#E79E6F,image,TRUE,https://www.charlottetilbury.com/us/product/unreal-skin-foundation-stick-1-fair,2026-09-28
Charlotte Tilbury,Unreal Skin Sheer Glow Tint Hydrating Foundation Stick,7.5 MEDIUM,#CD9268,image,TRUE,https://www.charlottetilbury.com/us/product/unreal-skin-foundation-stick-1-fair,2026-09-28
Charlotte Tilbury,Unreal Skin Sheer Glow Tint Hydrating Foundation Stick,8 MEDIUM,#D78C5F,image,TRUE,https://www.charlottetilbury.com/us/product/unreal-skin-foundation-stick-1-fair,2026-09-28
Charlotte Tilbury,Unreal Skin Sheer Glow Tint Hydrating Foundation Stick,9 TAN,#C48A5B,image,TRUE,https://www.charlottetilbury.com/us/product/unreal-skin-foundation-stick-1-fair,2026-09-28
Charlotte Tilbury,Unreal Skin Sheer Glow Tint Hydrating Foundation Stick,10 TAN,#D1884E,image,TRUE,https://www.charlottetilbury.com/us/product/unreal-skin-foundation-stick-1-fair,2026-09-28
Charlotte Tilbury,Unreal Skin Sheer Glow Tint Hydrating Foundation Stick,11 TAN,#BE7A4E,image,TRUE,https://www.charlottetilbury.com/us/product/unreal-skin-foundation-stick-1-fair,2026-09-28
Charlotte Tilbury,Unreal Skin Sheer Glow Tint Hydrating Foundation Stick,12 TAN,#C37840,image,TRUE,https://www.charlottetilbury.com/us/product/unreal-skin-foundation-stick-1-fair,2026-09-28
Charlotte Tilbury,Unreal Skin Sheer Glow Tint Hydrating Foundation Stick,12.5 TAN,#B16940,image,TRUE,https://www.charlottetilbury.com/us/product/unreal-skin-foundation-stick-1-fair,2026-09-28
Charlotte Tilbury,Unreal Skin Sheer Glow Tint Hydrating Foundation Stick,13 DEEP,#9E673E,image,TRUE,https://www.charlottetilbury.com/us/product/unreal-skin-foundation-stick-1-fair,2026-09-28
Charlotte Tilbury,Unreal Skin Sheer Glow Tint Hydrating Foundation Stick,14 DEEP,#95532E,image,TRUE,https://www.charlottetilbury.com/us/product/unreal-skin-foundation-stick-1-fair,2026-09-28
Charlotte Tilbury,Unreal Skin Sheer Glow Tint Hydrating Foundation Stick,15 DEEP,#834B31,image,TRUE,https://www.charlottetilbury.com/us/product/unreal-skin-foundation-stick-1-fair,2026-09-28
Charlotte Tilbury,Unreal Skin Sheer Glow Tint Hydrating Foundation Stick,16 DEEP,#62352C,image,TRUE,https://www.charlottetilbury.com/us/product/unreal-skin-foundation-stick-1-fair,2026-09-28
Charlotte Tilbury,Unreal Skin Sheer Glow Tint Hydrating Foundation Stick,17 DEEP,#462A25,image,FALSE,https://www.charlottetilbury.com/us/product/unreal-skin-foundation-stick-1-fair,2026-09-28
Hourglass,Ambient Soft Glow Foundation,1 - Fairest with Cool Undertones,#F1CAAD,color code,,https://www.hourglasscosmetics.com/products/ambient-soft-glow-foundation,2026-09-28
Hourglass,Ambient Soft Glow Foundation,1.5 - Very Fair with Cool Undertones,#E1C4AE,color code,,https://www.hourglasscosmetics.com/products/ambient-soft-glow-foundation,2026-09-28
Hourglass,Ambient Soft Glow Foundation,2 - Very Fair with Warm Undertones,#CBB094,color code,,https://www.hourglasscosmetics.com/products/ambient-soft-glow-foundation,2026-09-28
Hourglass,Ambient Soft Glow Foundation,2.5 - Fair with Cool Undertones,#F3CFB3,color code,,https://www.hourglasscosmetics.com/products/ambient-soft-glow-foundation,2026-09-28
Hourglass,Ambient Soft Glow Foundation,3 - Fair with Neutral Undertones,#EDC8A3,color code,,https://www.hourglasscosmetics.com/products/ambient-soft-glow-foundation,2026-09-28
Hourglass,Ambient Soft Glow Foundation,3.5 - Fair with Warm Undertones,#E9CDA5,color code,,https://www.hourglasscosmetics.com/products/ambient-soft-glow-foundation,2026-09-28
Hourglass,Ambient Soft Glow Foundation,4 - Light with Warm Undertones,#E7B78A,color code,,https://www.hourglasscosmetics.com/products/ambient-soft-glow-foundation,2026-09-28
Hourglass,Ambient Soft Glow Foundation,4.5 - Light with Cool Undertones,#E1B6A1,color code,,https://www.hourglasscosmetics.com/products/ambient-soft-glow-foundation,2026-09-28
Hourglass,Ambient Soft Glow Foundation,5 - Light with Neutral Undertones,#F1C6A6,color code,,https://www.hourglasscosmetics.com/products/ambient-soft-glow-foundation,2026-09-28
Hourglass,Ambient Soft Glow Foundation,5.5 - Light with Warm Undertones,#F2BFA0,color code,,https://www.hourglasscosmetics.com/products/ambient-soft-glow-foundation,2026-09-28
Hourglass,Ambient Soft Glow Foundation,6 - Light Medium with Warm Undertones,#CDA788,color code,,https://www.hourglasscosmetics.com/products/ambient-soft-glow-foundation,2026-09-28
Hourglass,Ambient Soft Glow Foundation,6.5 - Light Medium with Neutral Undertones,#D7A179,color code,,https://www.hourglasscosmetics.com/products/ambient-soft-glow-foundation,2026-09-28
Hourglass,Ambient Soft Glow Foundation,7 - Light Medium with Warm Undertones,#F0BF9B,color code,,https://www.hourglasscosmetics.com/products/ambient-soft-glow-foundation,2026-09-28
Hourglass,Ambient Soft Glow Foundation,7.5 - Light Medium with Neutral Undertones,#CDA890,color code,,https://www.hourglasscosmetics.com/products/ambient-soft-glow-foundation,2026-09-28
Hourglass,Ambient Soft Glow Foundation,8 - Light Medium with Neutral Undertones,#B0896E,color code,,https://www.hourglasscosmetics.com/products/ambient-soft-glow-foundation,2026-09-28
Hourglass,Ambient Soft Glow Foundation,9 - Medium with Warm Undertones,#AC7644,color code,,https://www.hourglasscosmetics.com/products/ambient-soft-glow-foundation,2026-09-28
Hourglass,Ambient Soft Glow Foundation,9.5 - Medium with Cool Undertones,#D5A286,color code,,https://www.hourglasscosmetics.com/products/ambient-soft-glow-foundation,2026-09-28
Hourglass,Ambient Soft Glow Foundation,10 - Medium with Warm Undertones,#CDA177,color code,,https://www.hourglasscosmetics.com/products/ambient-soft-glow-foundation,2026-09-28
Hourglass,Ambient Soft Glow Foundation,10.5 - Medium with Neutral Undertones,#B7916C,color code,,https://www.hourglasscosmetics.com/products/ambient-soft-glow-foundation,2026-09-28
Hourglass,Ambient Soft Glow Foundation,11 - Medium with Neutral Undertones,#AD7C59,color code,,https://www.hourglasscosmetics.com/products/ambient-soft-glow-foundation,2026-09-28
Hourglass,Ambient Soft Glow Foundation,11.5 - Medium Deep with Warm Undertones,#C58B68,color code,,https://www.hourglasscosmetics.com/products/ambient-soft-glow-foundation,2026-09-28
Hourglass,Ambient Soft Glow Foundation,12 - Medium Deep with Neutral Undertones,#986F54,color code,,https://www.hourglasscosmetics.com/products/ambient-soft-glow-foundation,2026-09-28
Hourglass,Ambient Soft Glow Foundation,13 - Medium Deep with Warm Undertones,#9E6A38,color code,,https://www.hourglasscosmetics.com/products/ambient-soft-glow-foundation,2026-09-28
Hourglass,Ambient Soft Glow Foundation,13.5 - Medium Deep with Neutral Undertones,#946037,color code,,https://www.hourglasscosmetics.com/products/ambient-soft-glow-foundation,2026-09-28
Hourglass,Ambient Soft Glow Foundation,14 - Deep with Warm Undertones,#9D6E46,color code,,https://www.hourglasscosmetics.com/products/ambient-soft-glow-foundation,2026-09-28
Hourglass,Ambient Soft Glow Foundation,14.5 - Deep with Warm Undertones,#9A5F3A,color code,,https://www.hourglasscosmetics.com/products/ambient-soft-glow-foundation,2026-09-28
Hourglass,Ambient Soft Glow Foundation,15 - Deep with Cool Undertones,#9B6448,color code,,https://www.hourglasscosmetics.com/products/ambient-soft-glow-foundation,2026-09-28
Hourglass,Ambient Soft Glow Foundation,15.5 - Deep with Neutral Undertones,#744F28,color code,,https://www.hourglasscosmetics.com/products/ambient-soft-glow-foundation,2026-09-28
Hourglass,Ambient Soft Glow Foundation,16 - Deep with Warm Undertones,#85431E,color code,,https://www.hourglasscosmetics.com/products/ambient-soft-glow-foundation,2026-09-28
Hourglass,Ambient Soft Glow Foundation,16.5 - Very Deep with Neutral Undertones,#713F2A,color code,,https://www.hourglasscosmetics.com/products/ambient-soft-glow-foundation,2026-09-28
Hourglass,Ambient Soft Glow Foundation,17 - Very Deep with Cool Undertones,#5B3427,color code,,https://www.hourglasscosmetics.com/products/ambient-soft-glow-foundation,2026-09-28
Hourglass,Ambient Soft Glow Foundation,17.5 - Deepest with Neutral Undertones,#623B2A,color code,,https://www.hourglasscosmetics.com/products/ambient-soft-glow-foundation,2026-09-28
Hourglass,Illusion Luminous Glow Foundation SPF 30,1 - Very fair with neutral undertones,#EACBBC,color code,,https://www.hourglasscosmetics.com/products/illusion-luminous-glow-foundation-spf-30,2026-09-28
Hourglass,Illusion Luminous Glow Foundation SPF 30,1.5 - Very fair with cool pink undertones,#E1BBB4,color code,,https://www.hourglasscosmetics.com/products/illusion-luminous-glow-foundation-spf-30,2026-09-28
Hourglass,Illusion Luminous Glow Foundation SPF 30,2 - Fair with neutral undertones,#F1CAAE,color code,,https://www.hourglasscosmetics.com/products/illusion-luminous-glow-foundation-spf-30,2026-09-28
Hourglass,Illusion Luminous Glow Foundation SPF 30,2.5 - Fair with warm golden undertones,#E9CDA5,color code,,https://www.hourglasscosmetics.com/products/illusion-luminous-glow-foundation-spf-30,2026-09-28
Hourglass,Illusion Luminous Glow Foundation SPF 30,3 - Fair with cool pink undertones,#E9BEB0,color code,,https://www.hourglasscosmetics.com/products/illusion-luminous-glow-foundation-spf-30,2026-09-28
Hourglass,Illusion Luminous Glow Foundation SPF 30,4 - Light with warm peach undertones,#EBC2B2,color code,,https://www.hourglasscosmetics.com/products/illusion-luminous-glow-foundation-spf-30,2026-09-28
Hourglass,Illusion Luminous Glow Foundation SPF 30,5 - Light with warm gold undertones,#F3BE9A,color code,,https://www.hourglasscosmetics.com/products/illusion-luminous-glow-foundation-spf-30,2026-09-28
Hourglass,Illusion Luminous Glow Foundation SPF 30,6 - Light with neutral undertones,#DFB8A7,color code,,https://www.hourglasscosmetics.com/products/illusion-luminous-glow-foundation-spf-30,2026-09-28
Hourglass,Illusion Luminous Glow Foundation SPF 30,7 - Light with warm peach undertones,#C09C83,color code,,https://www.hourglasscosmetics.com/products/illusion-luminous-glow-foundation-spf-30,2026-09-28
Hourglass,Illusion Luminous Glow Foundation SPF 30,7.5 - Light medium with warm olive undertones,#CDA788,color code,,https://www.hourglasscosmetics.com/products/illusion-luminous-glow-foundation-spf-30,2026-09-28
Hourglass,Illusion Luminous Glow Foundation SPF 30,8 - Light medium with warm peach undertones,#D9A179,color code,,https://www.hourglasscosmetics.com/products/illusion-luminous-glow-foundation-spf-30,2026-09-28
Hourglass,Illusion Luminous Glow Foundation SPF 30,8.5 - Light medium with cool rosy undertones,#D9AC95,color code,,https://www.hourglasscosmetics.com/products/illusion-luminous-glow-foundation-spf-30,2026-09-28
Hourglass,Illusion Luminous Glow Foundation SPF 30,9 - Light medium with warm peach undertones,#E59E6D,color code,,https://www.hourglasscosmetics.com/products/illusion-luminous-glow-foundation-spf-30,2026-09-28
Hourglass,Illusion Luminous Glow Foundation SPF 30,10 - Medium with neutral undertones,#D5B49E,color code,,https://www.hourglasscosmetics.com/products/illusion-luminous-glow-foundation-spf-30,2026-09-28
Hourglass,Illusion Luminous Glow Foundation SPF 30,11 - Medium with cool pink undertones,#E1B7A7,color code,,https://www.hourglasscosmetics.com/products/illusion-luminous-glow-foundation-spf-30,2026-09-28
Hourglass,Illusion Luminous Glow Foundation SPF 30,12 - Medium with warm peach undertones,#CEA890,color code,,https://www.hourglasscosmetics.com/products/illusion-luminous-glow-foundation-spf-30,2026-09-28
Hourglass,Illusion Luminous Glow Foundation SPF 30,13 - Medium with warm golden undertones,#D6A285,color code,,https://www.hourglasscosmetics.com/products/illusion-luminous-glow-foundation-spf-30,2026-09-28
Hourglass,Illusion Luminous Glow Foundation SPF 30,14 - Medium with warm olive undertones,#C79674,color code,,https://www.hourglasscosmetics.com/products/illusion-luminous-glow-foundation-spf-30,2026-09-28
Hourglass,Illusion Luminous Glow Foundation SPF 30,15 - Medium with cool rosy undertones,#C68B66,color code,,https://www.hourglasscosmetics.com/products/illusion-luminous-glow-foundation-spf-30,2026-09-28
Hourglass,Illusion Luminous Glow Foundation SPF 30,16 - Medium with warm golden undertones,#D6A285,color code,,https://www.hourglasscosmetics.com/products/illusion-luminous-glow-foundation-spf-30,2026-09-28
Hourglass,Illusion Luminous Glow Foundation SPF 30,17 - Medium deep with warm peach undertones,#C68B66,color code,,https://www.hourglasscosmetics.com/products/illusion-luminous-glow-foundation-spf-30,2026-09-28
Hourglass,Illusion Luminous Glow Foundation SPF 30,18 - Medium deep with warm golden undertones,#C88242,color code,,https://www.hourglasscosmetics.com/products/illusion-luminous-glow-foundation-spf-30,2026-09-28
Hourglass,Illusion Luminous Glow Foundation SPF 30,19 - Medium deep with warm olive undertones,#AF7C58,color code,,https://www.hourglasscosmetics.com/products/illusion-luminous-glow-foundation-spf-30,2026-09-28
Hourglass,Illusion Luminous Glow Foundation SPF 30,19.5 - Medium deep with neutral undertones,#BF9474,color code,,https://www.hourglasscosmetics.com/products/illusion-luminous-glow-foundation-spf-30,2026-09-28
Hourglass,Illusion Luminous Glow Foundation SPF 30,20 - Medium deep with warm golden undertones,#AC6E49,color code,,https://www.hourglasscosmetics.com/products/illusion-luminous-glow-foundation-spf-30,2026-09-28
Hourglass,Illusion Luminous Glow Foundation SPF 30,20.5 - Medium deep with neutral undertones,#AD7C59,color code,,https://www.hourglasscosmetics.com/products/illusion-luminous-glow-foundation-spf-30,2026-09-28
Hourglass,Illusion Luminous Glow Foundation SPF 30,21 - Medium deep with warm peach undertones,#9B6448,color code,,https://www.hourglasscosmetics.com/products/illusion-luminous-glow-foundation-spf-30,2026-09-28
Hourglass,Illusion Luminous Glow Foundation SPF 30,22 - Deep with cool rosy undertones,#85431E,color code,,https://www.hourglasscosmetics.com/products/illusion-luminous-glow-foundation-spf-30,2026-09-28
Hourglass,Illusion Luminous Glow Foundation SPF 30,23 - Deep with warm olive undertones,#9D6E46,color code,,https://www.hourglasscosmetics.com/products/illusion-luminous-glow-foundation-spf-30,2026-09-28
Hourglass,Illusion Luminous Glow Foundation SPF 30,24 - Deep with cool rosy undertones,#7C4A32,color code,,https://www.hourglasscosmetics.com/products/illusion-luminous-glow-foundation-spf-30,2026-09-28
Hourglass,Illusion Luminous Glow Foundation SPF 30,25 - Very deep with neutral undertones,#733A1C,color code,,https://www.hourglasscosmetics.com/products/illusion-luminous-glow-foundation-spf-30,2026-09-28
Hourglass,Illusion Luminous Glow Foundation SPF 30,26 - Very deep with neutral undertones,#5E3C32,color code,,https://www.hourglasscosmetics.com/products/illusion-luminous-glow-foundation-spf-30,2026-09-28
Hourglass,Vanish Seamless Finish Foundation Stick,Blanc 1 - Fair with Cool Undertones,#DBC8B6,color code,,https://www.hourglasscosmetics.com/products/vanish-seamless-finish-foundation-stick,2026-09-28
Hourglass,Vanish Seamless Finish Foundation Stick,Cream 1.5 - Fair with Cool Undertones,#ECC3B2,color code,,https://www.hourglasscosmetics.com/products/vanish-seamless-finish-foundation-stick,2026-09-28
Hourglass,Vanish Seamless Finish Foundation Stick,Cotton 2 - Fair with Warm Undertones,#FCE1CB,color code,,https://www.hourglasscosmetics.com/products/vanish-seamless-finish-foundation-stick,2026-09-28
Hourglass,Vanish Seamless Finish Foundation Stick,Alabaster 2.5 - Fair with Cool Undertones,#F1BF9F,color code,,https://www.hourglasscosmetics.com/products/vanish-seamless-finish-foundation-stick,2026-09-28
Hourglass,Vanish Seamless Finish Foundation Stick,Porcelain 3 - Fair with Neutral Undertones,#EABEB0,color code,,https://www.hourglasscosmetics.com/products/vanish-seamless-finish-foundation-stick,2026-09-28
Hourglass,Vanish Seamless Finish Foundation Stick,Bisque 3.5 - Fair with Warm Undertones,#EDC8A3,color code,,https://www.hourglasscosmetics.com/products/vanish-seamless-finish-foundation-stick,2026-09-28
Hourglass,Vanish Seamless Finish Foundation Stick,Linen 4 - Light with Warm Undertones,#E7B78A,color code,,https://www.hourglasscosmetics.com/products/vanish-seamless-finish-foundation-stick,2026-09-28
Hourglass,Vanish Seamless Finish Foundation Stick,Vanilla 4.5 - Light with Cool Undertones,#E1B6A1,color code,,https://www.hourglasscosmetics.com/products/vanish-seamless-finish-foundation-stick,2026-09-28
Hourglass,Vanish Seamless Finish Foundation Stick,Shell 5 - Light with Neutral Undertones,#C6A992,color code,,https://www.hourglasscosmetics.com/products/vanish-seamless-finish-foundation-stick,2026-09-28
Hourglass,Vanish Seamless Finish Foundation Stick,Natural 5.5 - Light with Warm Undertones,#DDA46F,color code,,https://www.hourglasscosmetics.com/products/vanish-seamless-finish-foundation-stick,2026-09-28
Hourglass,Vanish Seamless Finish Foundation Stick,Buff 6 - Light Medium with Warm Undertones,#D7A179,color code,,https://www.hourglasscosmetics.com/products/vanish-seamless-finish-foundation-stick,2026-09-28
Hourglass,Vanish Seamless Finish Foundation Stick,Ivory 6.5 - Light Medium with Cool Undertones,#D5A286,color code,,https://www.hourglasscosmetics.com/products/vanish-seamless-finish-foundation-stick,2026-09-28
Hourglass,Vanish Seamless Finish Foundation Stick,Warm Ivory 7 - Light Medium with Warm Undertones,#D9B48F,color code,,https://www.hourglasscosmetics.com/products/vanish-seamless-finish-foundation-stick,2026-09-28
Hourglass,Vanish Seamless Finish Foundation Stick,Nude 7.5 - Light Medium with Neutral Undertones,#BF9474,color code,,https://www.hourglasscosmetics.com/products/vanish-seamless-finish-foundation-stick,2026-09-28
Hourglass,Vanish Seamless Finish Foundation Stick,Sand 8 - Light Medium with Warm Undertones,#CDA077,color code,,https://www.hourglasscosmetics.com/products/vanish-seamless-finish-foundation-stick,2026-09-28
Hourglass,Vanish Seamless Finish Foundation Stick,Golden 8.5 - Medium with Warm Undertones,#C39367,color code,,https://www.hourglasscosmetics.com/products/vanish-seamless-finish-foundation-stick,2026-09-28
Hourglass,Vanish Seamless Finish Foundation Stick,Golden Natural 9 - Medium with Neutral Undertones,#BD9A7A,color code,,https://www.hourglasscosmetics.com/products/vanish-seamless-finish-foundation-stick,2026-09-28
Hourglass,Vanish Seamless Finish Foundation Stick,Light Beige 9.5 - Medium with Cool Undertones,#D5A286,color code,,https://www.hourglasscosmetics.com/products/vanish-seamless-finish-foundation-stick,2026-09-28
Hourglass,Vanish Seamless Finish Foundation Stick,Beige 10 - Medium with Warm Undertones,#B4875E,color code,,https://www.hourglasscosmetics.com/products/vanish-seamless-finish-foundation-stick,2026-09-28
Hourglass,Vanish Seamless Finish Foundation Stick,Warm Beige 10.5 - Medium with Neutral Undertones,#B7916C,color code,,https://www.hourglasscosmetics.com/products/vanish-seamless-finish-foundation-stick,2026-09-28
Hourglass,Vanish Seamless Finish Foundation Stick,Golden Tan 11 - Medium with Warm Undertones,#C58B68,color code,,https://www.hourglasscosmetics.com/products/vanish-seamless-finish-foundation-stick,2026-09-28
Hourglass,Vanish Seamless Finish Foundation Stick,Honey 11.5 - Medium Deep with Warm Undertones,#B58150,color code,,https://www.hourglasscosmetics.com/products/vanish-seamless-finish-foundation-stick,2026-09-28
Hourglass,Vanish Seamless Finish Foundation Stick,Warm Honey 12 - Medium Deep with Neutral Undertones,#AD7C59,color code,,https://www.hourglasscosmetics.com/products/vanish-seamless-finish-foundation-stick,2026-09-28
Hourglass,Vanish Seamless Finish Foundation Stick,Amber 12.5 - Medium Deep with Warm Undertones,#A47449,color code,,https://www.hourglasscosmetics.com/products/vanish-seamless-finish-foundation-stick,2026-09-28
Hourglass,Vanish Seamless Finish Foundation Stick,Golden Amber 13 - Medium Deep with Warm Undertones,#9E6A38,color code,,https://www.hourglasscosmetics.com/products/vanish-seamless-finish-foundation-stick,2026-09-28
Hourglass,Vanish Seamless Finish Foundation Stick,Natural Amber 13.5 - Medium Deep with Neutral Undertones,#97694C,color code,,https://www.hourglasscosmetics.com/products/vanish-seamless-finish-foundation-stick,2026-09-28
Hourglass,Vanish Seamless Finish Foundation Stick,Warm Almond 14 - Deep with Warm Undertones,#8F573A,color code,,https://www.hourglasscosmetics.com/products/vanish-seamless-finish-foundation-stick,2026-09-28
Hourglass,Vanish Seamless Finish Foundation Stick,Golden Almond 14.5 - Deep with Warm Undertones,#835D32,color code,,https://www.hourglasscosmetics.com/products/vanish-seamless-finish-foundation-stick,2026-09-28
Hourglass,Vanish Seamless Finish Foundation Stick,Almond 15 - Deep with Cool Undertones,#956C58,color code,,https://www.hourglasscosmetics.com/products/vanish-seamless-finish-foundation-stick,2026-09-28
Hourglass,Vanish Seamless Finish Foundation Stick,Sable 15.5 - Deep with Neutral Undertones,#744F28,color code,,https://www.hourglasscosmetics.com/products/vanish-seamless-finish-foundation-stick,2026-09-28
Hourglass,Vanish Seamless Finish Foundation Stick,Walnut 16 - Deep with Warm Undertones,#7C4D3A,color code,,https://www.hourglasscosmetics.com/products/vanish-seamless-finish-foundation-stick,2026-09-28
Hourglass,Vanish Seamless Finish Foundation Stick,Chestnut 16.5 - Deep with Neutral Undertones,#623B2A,color code,,https://www.hourglasscosmetics.com/products/vanish-seamless-finish-foundation-stick,2026-09-28
Hourglass,Vanish Seamless Finish Foundation Stick,Espresso 17.5 - Deep with Cool Undertones,#4E3629,color code,,https://www.hourglasscosmetics.com/products/vanish-seamless-finish-foundation-stick,2026-09-28
Hourglass,Veil Hydrating Skin Tint,1 - Fairest with cool undertones,#F1C9AD,color code,,https://www.hourglasscosmetics.com/products/veil-hydrating-skin-tint,2026-09-28
Hourglass,Veil Hydrating Skin Tint,2 - Very fair with warm undertones,#F1C5A6,color code,,https://www.hourglasscosmetics.com/products/veil-hydrating-skin-tint,2026-09-28
Hourglass,Veil Hydrating Skin Tint,3 - Fair with neutral undertones,#DDBFA7,color code,,https://www.hourglasscosmetics.com/products/veil-hydrating-skin-tint,2026-09-28
Hourglass,Veil Hydrating Skin Tint,4 - Fair with cool undertones,#F2BFA1,color code,,https://www.hourglasscosmetics.com/products/veil-hydrating-skin-tint,2026-09-28
Hourglass,Veil Hydrating Skin Tint,5 - Light with warm undertones,#DFB9A8,color code,,https://www.hourglasscosmetics.com/products/veil-hydrating-skin-tint,2026-09-28
Hourglass,Veil Hydrating Skin Tint,6 - Light with cool undertones,#CDA890,color code,,https://www.hourglasscosmetics.com/products/veil-hydrating-skin-tint,2026-09-28
Hourglass,Veil Hydrating Skin Tint,7 - Light medium with warm undertones,#CEA688,color code,,https://www.hourglasscosmetics.com/products/veil-hydrating-skin-tint,2026-09-28
Hourglass,Veil Hydrating Skin Tint,8 - Light medium with cool undertones,#D9AC96,color code,,https://www.hourglasscosmetics.com/products/veil-hydrating-skin-tint,2026-09-28
Hourglass,Veil Hydrating Skin Tint,9 - Medium with warm undertones,#EBC59F,color code,,https://www.hourglasscosmetics.com/products/veil-hydrating-skin-tint,2026-09-28
Hourglass,Veil Hydrating Skin Tint,10 - Medium with neutral undertones,#D5A285,color code,,https://www.hourglasscosmetics.com/products/veil-hydrating-skin-tint,2026-09-28
Hourglass,Veil Hydrating Skin Tint,11 - Medium deep with warm undertones,#BF9375,color code,,https://www.hourglasscosmetics.com/products/veil-hydrating-skin-tint,2026-09-28
Hourglass,Veil Hydrating Skin Tint,12 - Medium deep with neutral undertones,#C58B69,color code,,https://www.hourglasscosmetics.com/products/veil-hydrating-skin-tint,2026-09-28
Hourglass,Veil Hydrating Skin Tint,13 - Medium deep with neutral undertones,#AD7D58,color code,,https://www.hourglasscosmetics.com/products/veil-hydrating-skin-tint,2026-09-28
Hourglass,Veil Hydrating Skin Tint,14 - Medium deep with neutral warm undertones,#AD7D58,color code,,https://www.hourglasscosmetics.com/products/veil-hydrating-skin-tint,2026-09-28
Hourglass,Veil Hydrating Skin Tint,15 - Medium deep with warm undertones,#A8714B,color code,,https://www.hourglasscosmetics.com/products/veil-hydrating-skin-tint,2026-09-28
Hourglass,Veil Hydrating Skin Tint,16 - Deep with cool undertones,#A8724E,color code,,https://www.hourglasscosmetics.com/products/veil-hydrating-skin-tint,2026-09-28
Hourglass,Veil Hydrating Skin Tint,17 - Deep with warm undertones,#AC6D49,color code,,https://www.hourglasscosmetics.com/products/veil-hydrating-skin-tint,2026-09-28
Hourglass,Veil Hydrating Skin Tint,18 - Deep with neutral undertones,#6A3D2E,color code,,https://www.hourglasscosmetics.com/products/veil-hydrating-skin-tint,2026-09-28
L'Oreal Paris,Age Perfect Radiant Serum Foundation SPF 50,155 espresso,#4D2115,color code,,https://www.lorealparisusa.com/makeup/face/foundation-makeup/age-perfect-makeup-radiant-serum-foundation-with-spf-50,2026-09-28
L'Oreal Paris,Age Perfect Radiant Serum Foundation SPF 50,150 deep amber,#572800,color code,,https://www.lorealparisusa.com/makeup/face/foundation-makeup/age-perfect-makeup-radiant-serum-foundation-with-spf-50,2026-09-28
L'Oreal Paris,Age Perfect Radiant Serum Foundation SPF 50,145 mahogany,#5E2208,color code,,https://www.lorealparisusa.com/makeup/face/foundation-makeup/age-perfect-makeup-radiant-serum-foundation-with-spf-50,2026-09-28
L'Oreal Paris,Age Perfect Radiant Serum Foundation SPF 50,135 deep cool,#703015,color code,,https://www.lorealparisusa.com/makeup/face/foundation-makeup/age-perfect-makeup-radiant-serum-foundation-with-spf-50,2026-09-28
L'Oreal Paris,Age Perfect Radiant Serum Foundation SPF 50,130 sienna,#984A25,color code,,https://www.lorealparisusa.com/makeup/face/foundation-makeup/age-perfect-makeup-radiant-serum-foundation-with-spf-50,2026-09-28
L'Oreal Paris,Age Perfect Radiant Serum Foundation SPF 50,125 cappuccino,#A35D27,color code,,https://www.lorealparisusa.com/makeup/face/foundation-makeup/age-perfect-makeup-radiant-serum-foundation-with-spf-50,2026-09-28
L'Oreal Paris,Age Perfect Radiant Serum Foundation SPF 50,120 almond,#B26531,color code,,https://www.lorealparisusa.com/makeup/face/foundation-makeup/age-perfect-makeup-radiant-serum-foundation-with-spf-50,2026-09-28
L'Oreal Paris,Age Perfect Radiant Serum Foundation SPF 50,115 hazelnut,#AE6E33,color code,,https://www.lorealparisusa.com/makeup/face/foundation-makeup/age-perfect-makeup-radiant-serum-foundation-with-spf-50,2026-09-28
L'Oreal Paris,Age Perfect Radiant Serum Foundation SPF 50,110 classic tan,#C57F4F,color code,,https://www.lorealparisusa.com/makeup/face/foundation-makeup/age-perfect-makeup-radiant-serum-foundation-with-spf-50,2026-09-28
L'Oreal Paris,Age Perfect Radiant Serum Foundation SPF 50,105 soft sable,#BE7541,color code,,https://www.lorealparisusa.com/makeup/face/foundation-makeup/age-perfect-makeup-radiant-serum-foundation-with-spf-50,2026-09-28
L'Oreal Paris,Age Perfect Radiant Serum Foundation SPF 50,100 toffee,#CE7E50,color code,,https://www.lorealparisusa.com/makeup/face/foundation-makeup/age-perfect-makeup-radiant-serum-foundation-with-spf-50,2026-09-28
L'Oreal Paris,Age Perfect Radiant Serum Foundation SPF 50,95 amber beige,#D58C67,color code,,https://www.lorealparisusa.com/makeup/face/foundation-makeup/age-perfect-makeup-radiant-serum-foundation-with-spf-50,2026-09-28
L'Oreal Paris,Age Perfect Radiant Serum Foundation SPF 50,90 caramel beige,#C68F57,color code,,https://www.lorealparisusa.com/makeup/face/foundation-makeup/age-perfect-makeup-radiant-serum-foundation-with-spf-50,2026-09-28
L'Oreal Paris,Age Perfect Radiant Serum Foundation SPF 50,85 perfect beige,#D6996E,color code,,https://www.lorealparisusa.com/makeup/face/foundation-makeup/age-perfect-makeup-radiant-serum-foundation-with-spf-50,2026-09-28
L'Oreal Paris,Age Perfect Radiant Serum Foundation SPF 50,80 golden sun,#DB9663,color code,,https://www.lorealparisusa.com/makeup/face/foundation-makeup/age-perfect-makeup-radiant-serum-foundation-with-spf-50,2026-09-28
L'Oreal Paris,Age Perfect Radiant Serum Foundation SPF 50,75 golden honey,#E3A169,color code,,https://www.lorealparisusa.com/makeup/face/foundation-makeup/age-perfect-makeup-radiant-serum-foundation-with-spf-50,2026-09-28
L'Oreal Paris,Age Perfect Radiant Serum Foundation SPF 50,70 sand,#E0AB80,color code,,https://www.lorealparisusa.com/makeup/face/foundation-makeup/age-perfect-makeup-radiant-serum-foundation-with-spf-50,2026-09-28
L'Oreal Paris,Age Perfect Radiant Serum Foundation SPF 50,65 honey rose,#E6A67D,color code,,https://www.lorealparisusa.com/makeup/face/foundation-makeup/age-perfect-makeup-radiant-serum-foundation-with-spf-50,2026-09-28
L'Oreal Paris,Age Perfect Radiant Serum Foundation SPF 50,60 ivory beige,#E8B087,color code,,https://www.lorealparisusa.com/makeup/face/foundation-makeup/age-perfect-makeup-radiant-serum-foundation-with-spf-50,2026-09-28
L'Oreal Paris,Age Perfect Radiant Serum Foundation SPF 50,55 warm beige,#EBAD87,color code,,https://www.lorealparisusa.com/makeup/face/foundation-makeup/age-perfect-makeup-radiant-serum-foundation-with-spf-50,2026-09-28
L'Oreal Paris,Age Perfect Radiant Serum Foundation SPF 50,50 golden beige,#EDB890,color code,,https://www.lorealparisusa.com/makeup/face/foundation-makeup/age-perfect-makeup-radiant-serum-foundation-with-spf-50,2026-09-28
L'Oreal Paris,Age Perfect Radiant Serum Foundation SPF 50,45 golden vanilla,#EBB582,color code,,https://www.lorealparisusa.com/makeup/face/foundation-makeup/age-perfect-makeup-radiant-serum-foundation-with-spf-50,2026-09-28
L'Oreal Paris,Age Perfect Radiant Serum Foundation SPF 50,40 natural buff,#EBB892,color code,,https://www.lorealparisusa.com/makeup/face/foundation-makeup/age-perfect-makeup-radiant-serum-foundation-with-spf-50,2026-09-28
L'Oreal Paris,Age Perfect Radiant Serum Foundation SPF 50,35 nude beige,#F0BB93,color code,,https://www.lorealparisusa.com/makeup/face/foundation-makeup/age-perfect-makeup-radiant-serum-foundation-with-spf-50,2026-09-28
L'Oreal Paris,Age Perfect Radiant Serum Foundation SPF 50,30 beige rose,#F0BFA3,color code,,https://www.lorealparisusa.com/makeup/face/foundation-makeup/age-perfect-makeup-radiant-serum-foundation-with-spf-50,2026-09-28
L'Oreal Paris,Age Perfect Radiant Serum Foundation SPF 50,25 cream beige,#F2C2A7,color code,,https://www.lorealparisusa.com/makeup/face/foundation-makeup/age-perfect-makeup-radiant-serum-foundation-with-spf-50,2026-09-28
L'Oreal Paris,Age Perfect Radiant Serum Foundation SPF 50,20 golden ivory,#F7C7A7,color code,,https://www.lorealparisusa.com/makeup/face/foundation-makeup/age-perfect-makeup-radiant-serum-foundation-with-spf-50,2026-09-28
L'Oreal Paris,Age Perfect Radiant Serum Foundation SPF 50,15 rose ivory,#F7CCAE,color code,,https://www.lorealparisusa.com/makeup/face/foundation-makeup/age-perfect-makeup-radiant-serum-foundation-with-spf-50,2026-09-28
L'Oreal Paris,Age Perfect Radiant Serum Foundation SPF 50,10 ivory,#F7DCC0,color code,,https://www.lorealparisusa.com/makeup/face/foundation-makeup/age-perfect-makeup-radiant-serum-foundation-with-spf-50,2026-09-28
L'Oreal Paris,Age Perfect Radiant Serum Foundation SPF 50,140 chestnut,#622400,color code,,https://www.lorealparisusa.com/makeup/face/foundation-makeup/age-perfect-makeup-radiant-serum-foundation-with-spf-50,2026-09-28
L'Oreal Paris,Infallible 32H Fresh Wear Foundation,545 - foundation ebony,#321D24,color code,,https://www.lorealparisusa.com/makeup/face/foundation-makeup/infallible-32-hour-fresh-wear-foundation-lightweight,2026-09-28
L'Oreal Paris,Infallible 32H Fresh Wear Foundation,540 - mahogany,#411A18,color code,,https://www.lorealparisusa.com/makeup/face/foundation-makeup/infallible-32-hour-fresh-wear-foundation-lightweight,2026-09-28
L'Oreal Paris,Infallible 32H Fresh Wear Foundation,535 - espresso,#451F1B,color code,,https://www.lorealparisusa.com/makeup/face/foundation-makeup/infallible-32-hour-fresh-wear-foundation-lightweight,2026-09-28
L'Oreal Paris,Infallible 32H Fresh Wear Foundation,530 - deep amber,#813205,color code,,https://www.lorealparisusa.com/makeup/face/foundation-makeup/infallible-32-hour-fresh-wear-foundation-lightweight,2026-09-28
L'Oreal Paris,Infallible 32H Fresh Wear Foundation,525 - deep golden,#8F3804,color code,,https://www.lorealparisusa.com/makeup/face/foundation-makeup/infallible-32-hour-fresh-wear-foundation-lightweight,2026-09-28
L'Oreal Paris,Infallible 32H Fresh Wear Foundation,520 - sienna,#93401F,color code,,https://www.lorealparisusa.com/makeup/face/foundation-makeup/infallible-32-hour-fresh-wear-foundation-lightweight,2026-09-28
L'Oreal Paris,Infallible 32H Fresh Wear Foundation,515 - copper,#A04B1F,color code,,https://www.lorealparisusa.com/makeup/face/foundation-makeup/infallible-32-hour-fresh-wear-foundation-lightweight,2026-09-28
L'Oreal Paris,Infallible 32H Fresh Wear Foundation,511 - maple,#B0632F,color code,,https://www.lorealparisusa.com/makeup/face/foundation-makeup/infallible-32-hour-fresh-wear-foundation-lightweight,2026-09-28
L'Oreal Paris,Infallible 32H Fresh Wear Foundation,510 - hazelnut,#C06C30,color code,,https://www.lorealparisusa.com/makeup/face/foundation-makeup/infallible-32-hour-fresh-wear-foundation-lightweight,2026-09-28
L'Oreal Paris,Infallible 32H Fresh Wear Foundation,505 - toffee,#C77E53,color code,,https://www.lorealparisusa.com/makeup/face/foundation-makeup/infallible-32-hour-fresh-wear-foundation-lightweight,2026-09-28
L'Oreal Paris,Infallible 32H Fresh Wear Foundation,500 - honey bisque,#D9914F,color code,,https://www.lorealparisusa.com/makeup/face/foundation-makeup/infallible-32-hour-fresh-wear-foundation-lightweight,2026-09-28
L'Oreal Paris,Infallible 32H Fresh Wear Foundation,495 - amber,#CB8B63,color code,,https://www.lorealparisusa.com/makeup/face/foundation-makeup/infallible-32-hour-fresh-wear-foundation-lightweight,2026-09-28
L'Oreal Paris,Infallible 32H Fresh Wear Foundation,490 - golden amber,#D28F63,color code,,https://www.lorealparisusa.com/makeup/face/foundation-makeup/infallible-32-hour-fresh-wear-foundation-lightweight,2026-09-28
L'Oreal Paris,Infallible 32H Fresh Wear Foundation,488 - caramel,#D68C52,color code,,https://www.lorealparisusa.com/makeup/face/foundation-makeup/infallible-32-hour-fresh-wear-foundation-lightweight,2026-09-28
L'Oreal Paris,Infallible 32H Fresh Wear Foundation,487 - warm almond,#CF8F57,color code,,https://www.lorealparisusa.com/makeup/face/foundation-makeup/infallible-32-hour-fresh-wear-foundation-lightweight,2026-09-28
L'Oreal Paris,Infallible 32H Fresh Wear Foundation,486 - toasted almond,#E0A361,color code,,https://www.lorealparisusa.com/makeup/face/foundation-makeup/infallible-32-hour-fresh-wear-foundation-lightweight,2026-09-28
L'Oreal Paris,Infallible 32H Fresh Wear Foundation,485 - golden sun,#D59562,color code,,https://www.lorealparisusa.com/makeup/face/foundation-makeup/infallible-32-hour-fresh-wear-foundation-lightweight,2026-09-28
L'Oreal Paris,Infallible 32H Fresh Wear Foundation,482 - radiant sun,#D6A373,color code,,https://www.lorealparisusa.com/makeup/face/foundation-makeup/infallible-32-hour-fresh-wear-foundation-lightweight,2026-09-28
L'Oreal Paris,Infallible 32H Fresh Wear Foundation,481 - cool sand,#F0AD82,color code,,https://www.lorealparisusa.com/makeup/face/foundation-makeup/infallible-32-hour-fresh-wear-foundation-lightweight,2026-09-28
L'Oreal Paris,Infallible 32H Fresh Wear Foundation,480 - radiant sand,#DC9D6B,color code,,https://www.lorealparisusa.com/makeup/face/foundation-makeup/infallible-32-hour-fresh-wear-foundation-lightweight,2026-09-28
L'Oreal Paris,Infallible 32H Fresh Wear Foundation,475 - sun beige,#DEA468,color code,,https://www.lorealparisusa.com/makeup/face/foundation-makeup/infallible-32-hour-fresh-wear-foundation-lightweight,2026-09-28
L'Oreal Paris,Infallible 32H Fresh Wear Foundation,470 - radiant honey,#D5A179,color code,,https://www.lorealparisusa.com/makeup/face/foundation-makeup/infallible-32-hour-fresh-wear-foundation-lightweight,2026-09-28
L'Oreal Paris,Infallible 32H Fresh Wear Foundation,465 - sand,#DABC83,color code,,https://www.lorealparisusa.com/makeup/face/foundation-makeup/infallible-32-hour-fresh-wear-foundation-lightweight,2026-09-28
L'Oreal Paris,Infallible 32H Fresh Wear Foundation,460 - golden beige,#DFAD8B,color code,,https://www.lorealparisusa.com/makeup/face/foundation-makeup/infallible-32-hour-fresh-wear-foundation-lightweight,2026-09-28
L'Oreal Paris,Infallible 32H Fresh Wear Foundation,455 - natural buff,#E1B395,color code,,https://www.lorealparisusa.com/makeup/face/foundation-makeup/infallible-32-hour-fresh-wear-foundation-lightweight,2026-09-28
L'Oreal Paris,Infallible 32H Fresh Wear Foundation,450 - rose beige,#E1B395,color code,,https://www.lorealparisusa.com/makeup/face/foundation-makeup/infallible-32-hour-fresh-wear-foundation-lightweight,2026-09-28
L'Oreal Paris,Infallible 32H Fresh Wear Foundation,445 - vanilla,#E4B083,color code,,https://www.lorealparisusa.com/makeup/face/foundation-makeup/infallible-32-hour-fresh-wear-foundation-lightweight,2026-09-28
L'Oreal Paris,Infallible 32H Fresh Wear Foundation,440 - natural rose,#E6B890,color code,,https://www.lorealparisusa.com/makeup/face/foundation-makeup/infallible-32-hour-fresh-wear-foundation-lightweight,2026-09-28
L'Oreal Paris,Infallible 32H Fresh Wear Foundation,430 - ivory buff,#E9C19E,color code,,https://www.lorealparisusa.com/makeup/face/foundation-makeup/infallible-32-hour-fresh-wear-foundation-lightweight,2026-09-28
L'Oreal Paris,Infallible 32H Fresh Wear Foundation,425 - linen,#E8C79D,color code,,https://www.lorealparisusa.com/makeup/face/foundation-makeup/infallible-32-hour-fresh-wear-foundation-lightweight,2026-09-28
L'Oreal Paris,Infallible 32H Fresh Wear Foundation,420 - true beige,#E9C5A1,color code,,https://www.lorealparisusa.com/makeup/face/foundation-makeup/infallible-32-hour-fresh-wear-foundation-lightweight,2026-09-28
L'Oreal Paris,Infallible 32H Fresh Wear Foundation,415 - rose ivory,#F0C8B2,color code,,https://www.lorealparisusa.com/makeup/face/foundation-makeup/infallible-32-hour-fresh-wear-foundation-lightweight,2026-09-28
L'Oreal Paris,Infallible 32H Fresh Wear Foundation,412 - warm ivory,#FFDEC7,color code,,https://www.lorealparisusa.com/makeup/face/foundation-makeup/infallible-32-hour-fresh-wear-foundation-lightweight,2026-09-28
L'Oreal Paris,Infallible 32H Fresh Wear Foundation,411 - beige ivory,#F7D9C2,color code,,https://www.lorealparisusa.com/makeup/face/foundation-makeup/infallible-32-hour-fresh-wear-foundation-lightweight,2026-09-28
L'Oreal Paris,Infallible 32H Fresh Wear Foundation,410 - ivory,#FAD2B8,color code,,https://www.lorealparisusa.com/makeup/face/foundation-makeup/infallible-32-hour-fresh-wear-foundation-lightweight,2026-09-28
L'Oreal Paris,Infallible 32H Fresh Wear Foundation,405 - porcelain,#FCE3D2,color code,,https://www.lorealparisusa.com/makeup/face/foundation-makeup/infallible-32-hour-fresh-wear-foundation-lightweight,2026-09-28
L'Oreal Paris,Infallible 32H Fresh Wear Foundation,400 - pearl,#F5D7C3,color code,,https://www.lorealparisusa.com/makeup/face/foundation-makeup/infallible-32-hour-fresh-wear-foundation-lightweight,2026-09-28
L'Oreal Paris,Infallible 32H Fresh Wear Foundation,395 - rose pearl,#FCE3D9,color code,,https://www.lorealparisusa.com/makeup/face/foundation-makeup/infallible-32-hour-fresh-wear-foundation-lightweight,2026-09-28
L'Oreal Paris,Infallible 32H Fresh Wear Foundation,390 - snow,#FCE8D9,color code,,https://www.lorealparisusa.com/makeup/face/foundation-makeup/infallible-32-hour-fresh-wear-foundation-lightweight,2026-09-28
L'Oreal Paris,Infallible 32H Fresh Wear Foundation,435 - rose vanilla,#E6B6A0,color code,,https://www.lorealparisusa.com/makeup/face/foundation-makeup/infallible-32-hour-fresh-wear-foundation-lightweight,2026-09-28
L'Oreal Paris,Infallible Cushion Foundation,15 cool,#FDE7DA,color code,,https://www.lorealparisusa.com/makeup/face/foundation-makeup/infallible-cushion-foundation,2026-09-28
L'Oreal Paris,Infallible Cushion Foundation,20 cool,#FDE1CD,color code,,https://www.lorealparisusa.com/makeup/face/foundation-makeup/infallible-cushion-foundation,2026-09-28
L'Oreal Paris,Infallible Cushion Foundation,50 neutral,#F6DCC2,color code,,https://www.lorealparisusa.com/makeup/face/foundation-makeup/infallible-cushion-foundation,2026-09-28
L'Oreal Paris,Infallible Cushion Foundation,100 neutral,#F8D5B6,color code,,https://www.lorealparisusa.com/makeup/face/foundation-makeup/infallible-cushion-foundation,2026-09-28
L'Oreal Paris,Infallible Cushion Foundation,120 warm,#F0D0B2,color code,,https://www.lorealparisusa.com/makeup/face/foundation-makeup/infallible-cushion-foundation,2026-09-28
L'Oreal Paris,Infallible Cushion Foundation,127 neutral,#EDCFB7,color code,,https://www.lorealparisusa.com/makeup/face/foundation-makeup/infallible-cushion-foundation,2026-09-28
L'Oreal Paris,Infallible Cushion Foundation,140 neutral,#EDC3A6,color code,,https://www.lorealparisusa.com/makeup/face/foundation-makeup/infallible-cushion-foundation,2026-09-28
L'Oreal Paris,Infallible Cushion Foundation,220 cool,#F1C598,color code,,https://www.lorealparisusa.com/makeup/face/foundation-makeup/infallible-cushion-foundation,2026-09-28
L'Oreal Paris,Infallible Cushion Foundation,250 neutral,#E9BC97,color code,,https://www.lorealparisusa.com/makeup/face/foundation-makeup/infallible-cushion-foundation,2026-09-28
L'Oreal Paris,Infallible Cushion Foundation,253 warm,#DDB08B,color code,,https://www.lorealparisusa.com/makeup/face/foundation-makeup/infallible-cushion-foundation,2026-09-28
L'Oreal Paris,Infallible Cushion Foundation,257 warm,#E5B284,color code,,https://www.lorealparisusa.com/makeup/face/foundation-makeup/infallible-cushion-foundation,2026-09-28
L'Oreal Paris,Infallible Cushion Foundation,260 warm,#E6B18B,color code,,https://www.lorealparisusa.com/makeup/face/foundation-makeup/infallible-cushion-foundation,2026-09-28
L'Oreal Paris,Infallible Cushion Foundation,300 cool,#D59F7D,color code,,https://www.lorealparisusa.com/makeup/face/foundation-makeup/infallible-cushion-foundation,2026-09-28
L'Oreal Paris,Infallible Cushion Foundation,320 cool,#C89064,color code,,https://www.lorealparisusa.com/makeup/face/foundation-makeup/infallible-cushion-foundation,2026-09-28
L'Oreal Paris,Infallible Cushion Foundation,365 neutral,#B8734F,color code,,https://www.lorealparisusa.com/makeup/face/foundation-makeup/infallible-cushion-foundation,2026-09-28
L'Oreal Paris,Infallible Cushion Foundation,370 cool,#A2623E,color code,,https://www.lorealparisusa.com/makeup/face/foundation-makeup/infallible-cushion-foundation,2026-09-28
L'Oreal Paris,Infallible Cushion Foundation,384 neutral,#7F503B,color code,,https://www.lorealparisusa.com/makeup/face/foundation-makeup/infallible-cushion-foundation,2026-09-28
L'Oreal Paris,Infallible Cushion Foundation,410 cool,#67341E,color code,,https://www.lorealparisusa.com/makeup/face/foundation-makeup/infallible-cushion-foundation,2026-09-28
L'Oreal Paris,Infallible Cushion Foundation,420 cool,#4D2919,color code,,https://www.lorealparisusa.com/makeup/face/foundation-makeup/infallible-cushion-foundation,2026-09-28
L'Oreal Paris,Infallible Cushion Foundation,130 warm,#F0CBAA,color code,,https://www.lorealparisusa.com/makeup/face/foundation-makeup/infallible-cushion-foundation,2026-09-28
L'Oreal Paris,Infallible Pro-Glow Foundation,212 cocoa,#974E24,color code,,https://www.lorealparisusa.com/makeup/face/foundation-makeup/infallible-pro-glow-foundation,2026-09-28
L'Oreal Paris,Infallible Pro-Glow Foundation,211 creme cafe,#C4824B,color code,,https://www.lorealparisusa.com/makeup/face/foundation-makeup/infallible-pro-glow-foundation,2026-09-28
L'Oreal Paris,Infallible Pro-Glow Foundation,210 classic tan,#C28C51,color code,,https://www.lorealparisusa.com/makeup/face/foundation-makeup/infallible-pro-glow-foundation,2026-09-28
L'Oreal Paris,Infallible Pro-Glow Foundation,209 caramel beige,#CA9351,color code,,https://www.lorealparisusa.com/makeup/face/foundation-makeup/infallible-pro-glow-foundation,2026-09-28
L'Oreal Paris,Infallible Pro-Glow Foundation,208 sun beige,#CD9867,color code,,https://www.lorealparisusa.com/makeup/face/foundation-makeup/infallible-pro-glow-foundation,2026-09-28
L'Oreal Paris,Infallible Pro-Glow Foundation,206 buff beige,#C99871,color code,,https://www.lorealparisusa.com/makeup/face/foundation-makeup/infallible-pro-glow-foundation,2026-09-28
L'Oreal Paris,Infallible Pro-Glow Foundation,207 sand beige,#DAA578,color code,,https://www.lorealparisusa.com/makeup/face/foundation-makeup/infallible-pro-glow-foundation,2026-09-28
L'Oreal Paris,Infallible Pro-Glow Foundation,205 natural beige,#DAAA7A,color code,,https://www.lorealparisusa.com/makeup/face/foundation-makeup/infallible-pro-glow-foundation,2026-09-28
L'Oreal Paris,Infallible Pro-Glow Foundation,204 natural buff,#E1AD86,color code,,https://www.lorealparisusa.com/makeup/face/foundation-makeup/infallible-pro-glow-foundation,2026-09-28
L'Oreal Paris,Infallible Pro-Glow Foundation,202 creamy natural,#EDB683,color code,,https://www.lorealparisusa.com/makeup/face/foundation-makeup/infallible-pro-glow-foundation,2026-09-28
L'Oreal Paris,Infallible Pro-Glow Foundation,201 classic ivory,#FAC7AA,color code,,https://www.lorealparisusa.com/makeup/face/foundation-makeup/infallible-pro-glow-foundation,2026-09-28
L'Oreal Paris,Infallible Pro-Glow Foundation,203 nude beige,#E5B289,color code,,https://www.lorealparisusa.com/makeup/face/foundation-makeup/infallible-pro-glow-foundation,2026-09-28
L'Oreal Paris,Infallible Pro-Matte Foundation,rich ebony 115,#4D2006,color code,,https://www.lorealparisusa.com/makeup/face/foundation-makeup/infallible-pro-matte-foundation,2026-09-28
L'Oreal Paris,Infallible Pro-Matte Foundation,rich chocolate 114,#4D2C0A,color code,,https://www.lorealparisusa.com/makeup/face/foundation-makeup/infallible-pro-matte-foundation,2026-09-28
L'Oreal Paris,Infallible Pro-Matte Foundation,brown suede 113,#754728,color code,,https://www.lorealparisusa.com/makeup/face/foundation-makeup/infallible-pro-matte-foundation,2026-09-28
L'Oreal Paris,Infallible Pro-Matte Foundation,cocoa 112,#925422,color code,,https://www.lorealparisusa.com/makeup/face/foundation-makeup/infallible-pro-matte-foundation,2026-09-28
L'Oreal Paris,Infallible Pro-Matte Foundation,soft sable 111,#B87740,color code,,https://www.lorealparisusa.com/makeup/face/foundation-makeup/infallible-pro-matte-foundation,2026-09-28
L'Oreal Paris,Infallible Pro-Matte Foundation,classic tan 109,#C27F48,color code,,https://www.lorealparisusa.com/makeup/face/foundation-makeup/infallible-pro-matte-foundation,2026-09-28
L'Oreal Paris,Infallible Pro-Matte Foundation,caramel beige 108,#C0844E,color code,,https://www.lorealparisusa.com/makeup/face/foundation-makeup/infallible-pro-matte-foundation,2026-09-28
L'Oreal Paris,Infallible Pro-Matte Foundation,honey bisque 108.5,#D99959,color code,,https://www.lorealparisusa.com/makeup/face/foundation-makeup/infallible-pro-matte-foundation,2026-09-28
L'Oreal Paris,Infallible Pro-Matte Foundation,crème café 110,#DA9E6B,color code,,https://www.lorealparisusa.com/makeup/face/foundation-makeup/infallible-pro-matte-foundation,2026-09-28
L'Oreal Paris,Infallible Pro-Matte Foundation,ivory beige 107.5,#CF9C7D,color code,,https://www.lorealparisusa.com/makeup/face/foundation-makeup/infallible-pro-matte-foundation,2026-09-28
L'Oreal Paris,Infallible Pro-Matte Foundation,fresh beige 107,#D49E6C,color code,,https://www.lorealparisusa.com/makeup/face/foundation-makeup/infallible-pro-matte-foundation,2026-09-28
L'Oreal Paris,Infallible Pro-Matte Foundation,shell 106.5,#D1A396,color code,,https://www.lorealparisusa.com/makeup/face/foundation-makeup/infallible-pro-matte-foundation,2026-09-28
L'Oreal Paris,Infallible Pro-Matte Foundation,sun beige 106,#DAA271,color code,,https://www.lorealparisusa.com/makeup/face/foundation-makeup/infallible-pro-matte-foundation,2026-09-28
L'Oreal Paris,Infallible Pro-Matte Foundation,nude buff 104.5,#DEB09E,color code,,https://www.lorealparisusa.com/makeup/face/foundation-makeup/infallible-pro-matte-foundation,2026-09-28
L'Oreal Paris,Infallible Pro-Matte Foundation,golden beige 104,#EEB67E,color code,,https://www.lorealparisusa.com/makeup/face/foundation-makeup/infallible-pro-matte-foundation,2026-09-28
L'Oreal Paris,Infallible Pro-Matte Foundation,natural buff 103,#E7AD82,color code,,https://www.lorealparisusa.com/makeup/face/foundation-makeup/infallible-pro-matte-foundation,2026-09-28
L'Oreal Paris,Infallible Pro-Matte Foundation,shell beige 102,#E5AD8B,color code,,https://www.lorealparisusa.com/makeup/face/foundation-makeup/infallible-pro-matte-foundation,2026-09-28
L'Oreal Paris,Infallible Pro-Matte Foundation,ivory buff 101.5,#F7CAB1,color code,,https://www.lorealparisusa.com/makeup/face/foundation-makeup/infallible-pro-matte-foundation,2026-09-28
L'Oreal Paris,Infallible Pro-Matte Foundation,classic ivory 101,#F3C6A2,color code,,https://www.lorealparisusa.com/makeup/face/foundation-makeup/infallible-pro-matte-foundation,2026-09-28
L'Oreal Paris,Infallible Pro-Matte Foundation,true alabaster 100,#FCD6C7,color code,,https://www.lorealparisusa.com/makeup/face/foundation-makeup/infallible-pro-matte-foundation,2026-09-28
L'Oreal Paris,Infallible Pro-Matte Foundation,true porcelain 099,#FADCC8,color code,,https://www.lorealparisusa.com/makeup/face/foundation-makeup/infallible-pro-matte-foundation,2026-09-28
L'Oreal Paris,Infallible Pro-Matte Foundation,natural beige 105,#E8B481,color code,,https://www.lorealparisusa.com/makeup/face/foundation-makeup/infallible-pro-matte-foundation,2026-09-28
L'Oreal Paris,Infallible Skin Ink 2-in-1 Foundation Concealer,15 neutral,#F7DECD,color code,,https://www.lorealparisusa.com/makeup/face/foundation-makeup/infallible-skin-ink-2-in-1-foundation-concealer,2026-09-28
L'Oreal Paris,Infallible Skin Ink 2-in-1 Foundation Concealer,20 neutral,#F6D9C2,color code,,https://www.lorealparisusa.com/makeup/face/foundation-makeup/infallible-skin-ink-2-in-1-foundation-concealer,2026-09-28
L'Oreal Paris,Infallible Skin Ink 2-in-1 Foundation Concealer,40 warm,#F1D6BE,color code,,https://www.lorealparisusa.com/makeup/face/foundation-makeup/infallible-skin-ink-2-in-1-foundation-concealer,2026-09-28
L'Oreal Paris,Infallible Skin Ink 2-in-1 Foundation Concealer,100 warm,#E4BD9C,color code,,https://www.lorealparisusa.com/makeup/face/foundation-makeup/infallible-skin-ink-2-in-1-foundation-concealer,2026-09-28
L'Oreal Paris,Infallible Skin Ink 2-in-1 Foundation Concealer,125 warm,#E2B591,color code,,https://www.lorealparisusa.com/makeup/face/foundation-makeup/infallible-skin-ink-2-in-1-foundation-concealer,2026-09-28
L'Oreal Paris,Infallible Skin Ink 2-in-1 Foundation Concealer,130 cool,#E2B6A1,color code,,https://www.lorealparisusa.com/makeup/face/foundation-makeup/infallible-skin-ink-2-in-1-foundation-concealer,2026-09-28
L'Oreal Paris,Infallible Skin Ink 2-in-1 Foundation Concealer,140 warm,#E2B388,color code,,https://www.lorealparisusa.com/makeup/face/foundation-makeup/infallible-skin-ink-2-in-1-foundation-concealer,2026-09-28
L'Oreal Paris,Infallible Skin Ink 2-in-1 Foundation Concealer,180 cool,#E0A57D,color code,,https://www.lorealparisusa.com/makeup/face/foundation-makeup/infallible-skin-ink-2-in-1-foundation-concealer,2026-09-28
L'Oreal Paris,Infallible Skin Ink 2-in-1 Foundation Concealer,265 neutral,#D69A71,color code,,https://www.lorealparisusa.com/makeup/face/foundation-makeup/infallible-skin-ink-2-in-1-foundation-concealer,2026-09-28
L'Oreal Paris,Infallible Skin Ink 2-in-1 Foundation Concealer,270 warm,#D49D70,color code,,https://www.lorealparisusa.com/makeup/face/foundation-makeup/infallible-skin-ink-2-in-1-foundation-concealer,2026-09-28
L'Oreal Paris,Infallible Skin Ink 2-in-1 Foundation Concealer,290 warm,#CF9967,color code,,https://www.lorealparisusa.com/makeup/face/foundation-makeup/infallible-skin-ink-2-in-1-foundation-concealer,2026-09-28
L'Oreal Paris,Infallible Skin Ink 2-in-1 Foundation Concealer,318 cool,#BA7F5B,color code,,https://www.lorealparisusa.com/makeup/face/foundation-makeup/infallible-skin-ink-2-in-1-foundation-concealer,2026-09-28
L'Oreal Paris,Infallible Skin Ink 2-in-1 Foundation Concealer,325 warm,#B5764E,color code,,https://www.lorealparisusa.com/makeup/face/foundation-makeup/infallible-skin-ink-2-in-1-foundation-concealer,2026-09-28
L'Oreal Paris,Infallible Skin Ink 2-in-1 Foundation Concealer,375 warm,#A56942,color code,,https://www.lorealparisusa.com/makeup/face/foundation-makeup/infallible-skin-ink-2-in-1-foundation-concealer,2026-09-28
L'Oreal Paris,Infallible Skin Ink 2-in-1 Foundation Concealer,400 cool,#934E33,color code,,https://www.lorealparisusa.com/makeup/face/foundation-makeup/infallible-skin-ink-2-in-1-foundation-concealer,2026-09-28
L'Oreal Paris,Infallible Skin Ink 2-in-1 Foundation Concealer,420 neutral,#81482C,color code,,https://www.lorealparisusa.com/makeup/face/foundation-makeup/infallible-skin-ink-2-in-1-foundation-concealer,2026-09-28
L'Oreal Paris,Infallible Skin Ink 2-in-1 Foundation Concealer,430 cool,#773E2D,color code,,https://www.lorealparisusa.com/makeup/face/foundation-makeup/infallible-skin-ink-2-in-1-foundation-concealer,2026-09-28
L'Oreal Paris,Infallible Skin Ink 2-in-1 Foundation Concealer,440 neutral,#6F3D2B,color code,,https://www.lorealparisusa.com/makeup/face/foundation-makeup/infallible-skin-ink-2-in-1-foundation-concealer,2026-09-28
L'Oreal Paris,Infallible Skin Ink 2-in-1 Foundation Concealer,450 cool,#6F3D2B,color code,,https://www.lorealparisusa.com/makeup/face/foundation-makeup/infallible-skin-ink-2-in-1-foundation-concealer,2026-09-28
L'Oreal Paris,Infallible Skin Ink 2-in-1 Foundation Concealer,460 neutral,#592C18,color code,,https://www.lorealparisusa.com/makeup/face/foundation-makeup/infallible-skin-ink-2-in-1-foundation-concealer,2026-09-28
L'Oreal Paris,Infallible Skin Ink 2-in-1 Foundation Concealer,465 cool,#4A231D,color code,,https://www.lorealparisusa.com/makeup/face/foundation-makeup/infallible-skin-ink-2-in-1-foundation-concealer,2026-09-28
L'Oreal Paris,Infallible Skin Ink 2-in-1 Foundation Concealer,80 warm,#EFCDAE,color code,,https://www.lorealparisusa.com/makeup/face/foundation-makeup/infallible-skin-ink-2-in-1-foundation-concealer,2026-09-28
L'Oreal Paris,Lumi Le Glow Skin Tint,warm 110,#F5D5B3,color code,,https://www.lorealparisusa.com/makeup/face/foundation-makeup/lumi-le-glow-tint,2026-09-28
L'Oreal Paris,Lumi Le Glow Skin Tint,neutral 120,#F1C7AA,color code,,https://www.lorealparisusa.com/makeup/face/foundation-makeup/lumi-le-glow-tint,2026-09-28
L'Oreal Paris,Lumi Le Glow Skin Tint,warm 130,#E7BE91,color code,,https://www.lorealparisusa.com/makeup/face/foundation-makeup/lumi-le-glow-tint,2026-09-28
L'Oreal Paris,Lumi Le Glow Skin Tint,cool 140,#E6B496,color code,,https://www.lorealparisusa.com/makeup/face/foundation-makeup/lumi-le-glow-tint,2026-09-28
L'Oreal Paris,Lumi Le Glow Skin Tint,neutral 200,#DAB28A,color code,,https://www.lorealparisusa.com/makeup/face/foundation-makeup/lumi-le-glow-tint,2026-09-28
L'Oreal Paris,Lumi Le Glow Skin Tint,neutral 210,#D4A582,color code,,https://www.lorealparisusa.com/makeup/face/foundation-makeup/lumi-le-glow-tint,2026-09-28
L'Oreal Paris,Lumi Le Glow Skin Tint,warm 220,#D39D67,color code,,https://www.lorealparisusa.com/makeup/face/foundation-makeup/lumi-le-glow-tint,2026-09-28
L'Oreal Paris,Lumi Le Glow Skin Tint,neutral 230,#C28D61,color code,,https://www.lorealparisusa.com/makeup/face/foundation-makeup/lumi-le-glow-tint,2026-09-28
L'Oreal Paris,Lumi Le Glow Skin Tint,neutral 300,#A87E50,color code,,https://www.lorealparisusa.com/makeup/face/foundation-makeup/lumi-le-glow-tint,2026-09-28
L'Oreal Paris,Lumi Le Glow Skin Tint,warm 310,#AE784F,color code,,https://www.lorealparisusa.com/makeup/face/foundation-makeup/lumi-le-glow-tint,2026-09-28
L'Oreal Paris,Lumi Le Glow Skin Tint,cool 320,#9B684B,color code,,https://www.lorealparisusa.com/makeup/face/foundation-makeup/lumi-le-glow-tint,2026-09-28
L'Oreal Paris,Lumi Le Glow Skin Tint,neutral 400,#845740,color code,,https://www.lorealparisusa.com/makeup/face/foundation-makeup/lumi-le-glow-tint,2026-09-28
L'Oreal Paris,Lumi Le Glow Skin Tint,cool 410,#6A361C,color code,,https://www.lorealparisusa.com/makeup/face/foundation-makeup/lumi-le-glow-tint,2026-09-28
L'Oreal Paris,Lumi Le Glow Skin Tint,neutral 420,#623B2C,color code,,https://www.lorealparisusa.com/makeup/face/foundation-makeup/lumi-le-glow-tint,2026-09-28
L'Oreal Paris,Lumi Le Glow Skin Tint,cool 430,#3E2316,color code,,https://www.lorealparisusa.com/makeup/face/foundation-makeup/lumi-le-glow-tint,2026-09-28
L'Oreal Paris,Lumi Le Glow Skin Tint,cool 100,#F3D6C1,color code,,https://www.lorealparisusa.com/makeup/face/foundation-makeup/lumi-le-glow-tint,2026-09-28
L'Oreal Paris,True Match Hyaluron Tinted Balm Foundation,2 rosy light,#F3C7AE,color code,,https://www.lorealparisusa.com/makeup/face/foundation-makeup/true-match-hyaluron-tinted-balm-foundation,2026-09-28
L'Oreal Paris,True Match Hyaluron Tinted Balm Foundation,2.5 neutral light,#EFC5A1,color code,,https://www.lorealparisusa.com/makeup/face/foundation-makeup/true-match-hyaluron-tinted-balm-foundation,2026-09-28
L'Oreal Paris,True Match Hyaluron Tinted Balm Foundation,3 light,#E6B991,color code,,https://www.lorealparisusa.com/makeup/face/foundation-makeup/true-match-hyaluron-tinted-balm-foundation,2026-09-28
L'Oreal Paris,True Match Hyaluron Tinted Balm Foundation,4 medium light,#E2AB82,color code,,https://www.lorealparisusa.com/makeup/face/foundation-makeup/true-match-hyaluron-tinted-balm-foundation,2026-09-28
L'Oreal Paris,True Match Hyaluron Tinted Balm Foundation,5 medium,#D09F81,color code,,https://www.lorealparisusa.com/makeup/face/foundation-makeup/true-match-hyaluron-tinted-balm-foundation,2026-09-28
L'Oreal Paris,True Match Hyaluron Tinted Balm Foundation,6 medium tan,#DA9A6B,color code,,https://www.lorealparisusa.com/makeup/face/foundation-makeup/true-match-hyaluron-tinted-balm-foundation,2026-09-28
L'Oreal Paris,True Match Hyaluron Tinted Balm Foundation,7 tan,#B57643,color code,,https://www.lorealparisusa.com/makeup/face/foundation-makeup/true-match-hyaluron-tinted-balm-foundation,2026-09-28
L'Oreal Paris,True Match Hyaluron Tinted Balm Foundation,8 tan deep,#AD7051,color code,,https://www.lorealparisusa.com/makeup/face/foundation-makeup/true-match-hyaluron-tinted-balm-foundation,2026-09-28
L'Oreal Paris,True Match Hyaluron Tinted Balm Foundation,9 deep,#955A3D,color code,,https://www.lorealparisusa.com/makeup/face/foundation-makeup/true-match-hyaluron-tinted-balm-foundation,2026-09-28
L'Oreal Paris,True Match Hyaluron Tinted Balm Foundation,10 neutral deep,#834834,color code,,https://www.lorealparisusa.com/makeup/face/foundation-makeup/true-match-hyaluron-tinted-balm-foundation,2026-09-28
L'Oreal Paris,True Match Hyaluron Tinted Balm Foundation,11 very deep,#683C2B,color code,,https://www.lorealparisusa.com/makeup/face/foundation-makeup/true-match-hyaluron-tinted-balm-foundation,2026-09-28
L'Oreal Paris,True Match Hyaluron Tinted Balm Foundation,1 very light,#F7D7BE,color code,,https://www.lorealparisusa.com/makeup/face/foundation-makeup/true-match-hyaluron-tinted-balm-foundation,2026-09-28
L'Oreal Paris,True Match Lumi Healthy Luminous Makeup,sun beige,#C8B27A,color code,,https://www.lorealparisusa.com/makeup/face/foundation-makeup/true-match-lumi-healthy-luminous-makeup,2026-09-28
L'Oreal Paris,True Match Lumi Healthy Luminous Makeup,nut brown/cocoa,#9B6C49,color code,,https://www.lorealparisusa.com/makeup/face/foundation-makeup/true-match-lumi-healthy-luminous-makeup,2026-09-28
L'Oreal Paris,True Match Lumi Healthy Luminous Makeup,classic tan/ cappuccino,#B28362,color code,,https://www.lorealparisusa.com/makeup/face/foundation-makeup/true-match-lumi-healthy-luminous-makeup,2026-09-28
L'Oreal Paris,True Match Lumi Healthy Luminous Makeup,soft sable,#B88461,color code,,https://www.lorealparisusa.com/makeup/face/foundation-makeup/true-match-lumi-healthy-luminous-makeup,2026-09-28
L'Oreal Paris,True Match Lumi Healthy Luminous Makeup,creamy natural,#C39B82,color code,,https://www.lorealparisusa.com/makeup/face/foundation-makeup/true-match-lumi-healthy-luminous-makeup,2026-09-28
L'Oreal Paris,True Match Lumi Healthy Luminous Makeup,buff beige,#C99C7C,color code,,https://www.lorealparisusa.com/makeup/face/foundation-makeup/true-match-lumi-healthy-luminous-makeup,2026-09-28
L'Oreal Paris,True Match Lumi Healthy Luminous Makeup,classic beige,#C79B7C,color code,,https://www.lorealparisusa.com/makeup/face/foundation-makeup/true-match-lumi-healthy-luminous-makeup,2026-09-28
L'Oreal Paris,True Match Lumi Healthy Luminous Makeup,sand beige,#CB9D7D,color code,,https://www.lorealparisusa.com/makeup/face/foundation-makeup/true-match-lumi-healthy-luminous-makeup,2026-09-28
L'Oreal Paris,True Match Lumi Healthy Luminous Makeup,natural beige,#CFA37D,color code,,https://www.lorealparisusa.com/makeup/face/foundation-makeup/true-match-lumi-healthy-luminous-makeup,2026-09-28
L'Oreal Paris,True Match Lumi Healthy Luminous Makeup,soft ivory/classic ivory,#D4AD89,color code,,https://www.lorealparisusa.com/makeup/face/foundation-makeup/true-match-lumi-healthy-luminous-makeup,2026-09-28
L'Oreal Paris,True Match Lumi Healthy Luminous Makeup,shell beige,#DBAA8A,color code,,https://www.lorealparisusa.com/makeup/face/foundation-makeup/true-match-lumi-healthy-luminous-makeup,2026-09-28
L'Oreal Paris,True Match Lumi Healthy Luminous Makeup,natural buff,#E5BD99,color code,,https://www.lorealparisusa.com/makeup/face/foundation-makeup/true-match-lumi-healthy-luminous-makeup,2026-09-28
L'Oreal Paris,True Match Lumi Healthy Luminous Makeup,nude beige,#F0D1B2,color code,,https://www.lorealparisusa.com/makeup/face/foundation-makeup/true-match-lumi-healthy-luminous-makeup,2026-09-28
L'Oreal Paris,True Match Lumi Healthy Luminous Makeup,porcelain/ light ivory,#F6D6BC,color code,,https://www.lorealparisusa.com/makeup/face/foundation-makeup/true-match-lumi-healthy-luminous-makeup,2026-09-28
L'Oreal Paris,True Match Lumi Healthy Luminous Makeup,true beige,#CEA17D,color code,,https://www.lorealparisusa.com/makeup/face/foundation-makeup/true-match-lumi-healthy-luminous-makeup,2026-09-28
L'Oreal Paris,True Match Super-Blendable Foundation,"c12, deep",#280F11,color code,,https://www.lorealparisusa.com/makeup/face/foundation-makeup/true-match-super-blendable-makeup,2026-09-28
L'Oreal Paris,True Match Super-Blendable Foundation,"c11, deep",#3E1915,color code,,https://www.lorealparisusa.com/makeup/face/foundation-makeup/true-match-super-blendable-makeup,2026-09-28
L'Oreal Paris,True Match Super-Blendable Foundation,"c10, deep",#521F0A,color code,,https://www.lorealparisusa.com/makeup/face/foundation-makeup/true-match-super-blendable-makeup,2026-09-28
L'Oreal Paris,True Match Super-Blendable Foundation,"c9.5, deep",#663017,color code,,https://www.lorealparisusa.com/makeup/face/foundation-makeup/true-match-super-blendable-makeup,2026-09-28
L'Oreal Paris,True Match Super-Blendable Foundation,"n11, deep",#4C270E,color code,,https://www.lorealparisusa.com/makeup/face/foundation-makeup/true-match-super-blendable-makeup,2026-09-28
L'Oreal Paris,True Match Super-Blendable Foundation,"n10, deep",#703912,color code,,https://www.lorealparisusa.com/makeup/face/foundation-makeup/true-match-super-blendable-makeup,2026-09-28
L'Oreal Paris,True Match Super-Blendable Foundation,"n9, medium deep",#894004,color code,,https://www.lorealparisusa.com/makeup/face/foundation-makeup/true-match-super-blendable-makeup,2026-09-28
L'Oreal Paris,True Match Super-Blendable Foundation,"w9.5, deep",#975627,color code,,https://www.lorealparisusa.com/makeup/face/foundation-makeup/true-match-super-blendable-makeup,2026-09-28
L'Oreal Paris,True Match Super-Blendable Foundation,"c9, deep",#823D16,color code,,https://www.lorealparisusa.com/makeup/face/foundation-makeup/true-match-super-blendable-makeup,2026-09-28
L'Oreal Paris,True Match Super-Blendable Foundation,"n8, medium deep",#984A0B,color code,,https://www.lorealparisusa.com/makeup/face/foundation-makeup/true-match-super-blendable-makeup,2026-09-28
L'Oreal Paris,True Match Super-Blendable Foundation,"c8, medium deep",#8B4826,color code,,https://www.lorealparisusa.com/makeup/face/foundation-makeup/true-match-super-blendable-makeup,2026-09-28
L'Oreal Paris,True Match Super-Blendable Foundation,"w10, deep",#763B05,color code,,https://www.lorealparisusa.com/makeup/face/foundation-makeup/true-match-super-blendable-makeup,2026-09-28
L'Oreal Paris,True Match Super-Blendable Foundation,"c7, medium deep",#C1714B,color code,,https://www.lorealparisusa.com/makeup/face/foundation-makeup/true-match-super-blendable-makeup,2026-09-28
L'Oreal Paris,True Match Super-Blendable Foundation,"c6, medium",#B66637,color code,,https://www.lorealparisusa.com/makeup/face/foundation-makeup/true-match-super-blendable-makeup,2026-09-28
L'Oreal Paris,True Match Super-Blendable Foundation,"w9, medium deep",#AC6B38,color code,,https://www.lorealparisusa.com/makeup/face/foundation-makeup/true-match-super-blendable-makeup,2026-09-28
L'Oreal Paris,True Match Super-Blendable Foundation,"w8, medium deep",#BD7546,color code,,https://www.lorealparisusa.com/makeup/face/foundation-makeup/true-match-super-blendable-makeup,2026-09-28
L'Oreal Paris,True Match Super-Blendable Foundation,"n6.5, medium deep",#D38045,color code,,https://www.lorealparisusa.com/makeup/face/foundation-makeup/true-match-super-blendable-makeup,2026-09-28
L'Oreal Paris,True Match Super-Blendable Foundation,"n6, medium",#CF9163,color code,,https://www.lorealparisusa.com/makeup/face/foundation-makeup/true-match-super-blendable-makeup,2026-09-28
L'Oreal Paris,True Match Super-Blendable Foundation,"w5.5, medium",#DC9566,color code,,https://www.lorealparisusa.com/makeup/face/foundation-makeup/true-match-super-blendable-makeup,2026-09-28
L'Oreal Paris,True Match Super-Blendable Foundation,"w7, medium deep",#CF8E52,color code,,https://www.lorealparisusa.com/makeup/face/foundation-makeup/true-match-super-blendable-makeup,2026-09-28
L'Oreal Paris,True Match Super-Blendable Foundation,"n7, medium deep",#C68251,color code,,https://www.lorealparisusa.com/makeup/face/foundation-makeup/true-match-super-blendable-makeup,2026-09-28
L'Oreal Paris,True Match Super-Blendable Foundation,"n4, light medium",#E3AB8A,color code,,https://www.lorealparisusa.com/makeup/face/foundation-makeup/true-match-super-blendable-makeup,2026-09-28
L'Oreal Paris,True Match Super-Blendable Foundation,"w5, medium",#EBB081,color code,,https://www.lorealparisusa.com/makeup/face/foundation-makeup/true-match-super-blendable-makeup,2026-09-28
L'Oreal Paris,True Match Super-Blendable Foundation,"c4, light medium",#EBB094,color code,,https://www.lorealparisusa.com/makeup/face/foundation-makeup/true-match-super-blendable-makeup,2026-09-28
L'Oreal Paris,True Match Super-Blendable Foundation,"w4.5, light medium",#E9A86E,color code,,https://www.lorealparisusa.com/makeup/face/foundation-makeup/true-match-super-blendable-makeup,2026-09-28
L'Oreal Paris,True Match Super-Blendable Foundation,"n5.5, medium",#CF9463,color code,,https://www.lorealparisusa.com/makeup/face/foundation-makeup/true-match-super-blendable-makeup,2026-09-28
L'Oreal Paris,True Match Super-Blendable Foundation,"n5, medium",#DC9F79,color code,,https://www.lorealparisusa.com/makeup/face/foundation-makeup/true-match-super-blendable-makeup,2026-09-28
L'Oreal Paris,True Match Super-Blendable Foundation,"n3, light medium",#EBBD97,color code,,https://www.lorealparisusa.com/makeup/face/foundation-makeup/true-match-super-blendable-makeup,2026-09-28
L'Oreal Paris,True Match Super-Blendable Foundation,"w6, medium",#DB9973,color code,,https://www.lorealparisusa.com/makeup/face/foundation-makeup/true-match-super-blendable-makeup,2026-09-28
L'Oreal Paris,True Match Super-Blendable Foundation,"w4, light medium",#E3B186,color code,,https://www.lorealparisusa.com/makeup/face/foundation-makeup/true-match-super-blendable-makeup,2026-09-28
L'Oreal Paris,True Match Super-Blendable Foundation,"c3, light medium",#EBB6A2,color code,,https://www.lorealparisusa.com/makeup/face/foundation-makeup/true-match-super-blendable-makeup,2026-09-28
L'Oreal Paris,True Match Super-Blendable Foundation,"c5, medium",#DEA38F,color code,,https://www.lorealparisusa.com/makeup/face/foundation-makeup/true-match-super-blendable-makeup,2026-09-28
L'Oreal Paris,True Match Super-Blendable Foundation,"c2.5, light medium",#EDBAA3,color code,,https://www.lorealparisusa.com/makeup/face/foundation-makeup/true-match-super-blendable-makeup,2026-09-28
L'Oreal Paris,True Match Super-Blendable Foundation,"w3, light medium",#F0C0A0,color code,,https://www.lorealparisusa.com/makeup/face/foundation-makeup/true-match-super-blendable-makeup,2026-09-28
L'Oreal Paris,True Match Super-Blendable Foundation,"c1.5, light",#FACCBD,color code,,https://www.lorealparisusa.com/makeup/face/foundation-makeup/true-match-super-blendable-makeup,2026-09-28
L'Oreal Paris,True Match Super-Blendable Foundation,"c2, light",#F7D4C4,color code,,https://www.lorealparisusa.com/makeup/face/foundation-makeup/true-match-super-blendable-makeup,2026-09-28
L'Oreal Paris,True Match Super-Blendable Foundation,"n2, light",#F5D4BB,color code,,https://www.lorealparisusa.com/makeup/face/foundation-makeup/true-match-super-blendable-makeup,2026-09-28
L'Oreal Paris,True Match Super-Blendable Foundation,"w2.5, light medium",#F0CDAA,color code,,https://www.lorealparisusa.com/makeup/face/foundation-makeup/true-match-super-blendable-makeup,2026-09-28
L'Oreal Paris,True Match Super-Blendable Foundation,"c1, light",#FCD4C4,color code,,https://www.lorealparisusa.com/makeup/face/foundation-makeup/true-match-super-blendable-makeup,2026-09-28
L'Oreal Paris,True Match Super-Blendable Foundation,"n0.5, light",#FCE3CC,color code,,https://www.lorealparisusa.com/makeup/face/foundation-makeup/true-match-super-blendable-makeup,2026-09-28
L'Oreal Paris,True Match Super-Blendable Foundation,"c0.5, light",#FCDED1,color code,,https://www.lorealparisusa.com/makeup/face/foundation-makeup/true-match-super-blendable-makeup,2026-09-28
L'Oreal Paris,True Match Super-Blendable Foundation,"w2, light",#F7D4B3,color code,,https://www.lorealparisusa.com/makeup/face/foundation-makeup/true-match-super-blendable-makeup,2026-09-28
L'Oreal Paris,True Match Super-Blendable Foundation,"w1, light",#FADEC7,color code,,https://www.lorealparisusa.com/makeup/face/foundation-makeup/true-match-super-blendable-makeup,2026-09-28
L'Oreal Paris,True Match Super-Blendable Foundation,"w0.5, light",#FCE6D4,color code,,https://www.lorealparisusa.com/makeup/face/foundation-makeup/true-match-super-blendable-makeup,2026-09-28
L'Oreal Paris,True Match Super-Blendable Foundation,"w6.5, medium",#DEAC72,color code,,https://www.lorealparisusa.com/makeup/face/foundation-makeup/true-match-super-blendable-makeup,2026-09-28
L'Oreal Paris,True Match Super-Blendable Foundation,"w10.5, deep",#522B14,color code,,https://www.lorealparisusa.com/makeup/face/foundation-makeup/true-match-super-blendable-makeup,2026-09-28
L'Oreal Paris,True Match Super-Blendable Foundation,"n1, light",#F5D4B9,color code,,https://www.lorealparisusa.com/makeup/face/foundation-makeup/true-match-super-blendable-makeup,2026-09-28
L'Oreal Paris,Visible Lift Serum Absolute Advanced Age-Reversing Makeup,honey beige,#D29469,color code,,https://www.lorealparisusa.com/makeup/face/foundation-makeup/visible-lift-serum-absolute-advanced-age-reversing-makeup,2026-09-28
L'Oreal Paris,Visible Lift Serum Absolute Advanced Age-Reversing Makeup,classic tan,#C69677,color code,,https://www.lorealparisusa.com/makeup/face/foundation-makeup/visible-lift-serum-absolute-advanced-age-reversing-makeup,2026-09-28
L'Oreal Paris,Visible Lift Serum Absolute Advanced Age-Reversing Makeup,buff beige,#D9A27D,color code,,https://www.lorealparisusa.com/makeup/face/foundation-makeup/visible-lift-serum-absolute-advanced-age-reversing-makeup,2026-09-28
L'Oreal Paris,Visible Lift Serum Absolute Advanced Age-Reversing Makeup,sun beige,#D2A980,color code,,https://www.lorealparisusa.com/makeup/face/foundation-makeup/visible-lift-serum-absolute-advanced-age-reversing-makeup,2026-09-28
L'Oreal Paris,Visible Lift Serum Absolute Advanced Age-Reversing Makeup,natural buff,#E6B288,color code,,https://www.lorealparisusa.com/makeup/face/foundation-makeup/visible-lift-serum-absolute-advanced-age-reversing-makeup,2026-09-28
L'Oreal Paris,Visible Lift Serum Absolute Advanced Age-Reversing Makeup,sand beige,#E1B08A,color code,,https://www.lorealparisusa.com/makeup/face/foundation-makeup/visible-lift-serum-absolute-advanced-age-reversing-makeup,2026-09-28
L'Oreal Paris,Visible Lift Serum Absolute Advanced Age-Reversing Makeup,creamy natural,#E0B499,color code,,https://www.lorealparisusa.com/makeup/face/foundation-makeup/visible-lift-serum-absolute-advanced-age-reversing-makeup,2026-09-28
L'Oreal Paris,Visible Lift Serum Absolute Advanced Age-Reversing Makeup,nude beige,#EBBF9D,color code,,https://www.lorealparisusa.com/makeup/face/foundation-makeup/visible-lift-serum-absolute-advanced-age-reversing-makeup,2026-09-28
L'Oreal Paris,Visible Lift Serum Absolute Advanced Age-Reversing Makeup,classic ivory,#F1CDB0,color code,,https://www.lorealparisusa.com/makeup/face/foundation-makeup/visible-lift-serum-absolute-advanced-age-reversing-makeup,2026-09-28
L'Oreal Paris,Visible Lift Serum Absolute Advanced Age-Reversing Makeup,soft ivory,#F5D3AE,color code,,https://www.lorealparisusa.com/makeup/face/foundation-makeup/visible-lift-serum-absolute-advanced-age-reversing-makeup,2026-09-28
L'Oreal Paris,Visible Lift Serum Absolute Advanced Age-Reversing Makeup,light ivory,#FEDFBF,color code,,https://www.lorealparisusa.com/makeup/face/foundation-makeup/visible-lift-serum-absolute-advanced-age-reversing-makeup,2026-09-28
L'Oreal Paris,Visible Lift Serum Absolute Advanced Age-Reversing Makeup,natural beige,#DFB48A,color code,,https://www.lorealparisusa.com/makeup/face/foundation-makeup/visible-lift-serum-absolute-advanced-age-reversing-makeup,2026-09-28
Laura Mercier,Flawless Lumiere Foundation,1C0 Cameo,#F5CBA6,color code,FALSE,https://www.lauramercier.com/products/flawless-lumiere-foundation,2026-09-28
Laura Mercier,Flawless Lumiere Foundation,1C1 Shell,#E0AF86,color code,FALSE,https://www.lauramercier.com/products/flawless-lumiere-foundation,2026-09-28
Laura Mercier,Flawless Lumiere Foundation,1N1 Creme,#E1B98B,color code,FALSE,https://www.lauramercier.com/products/flawless-lumiere-foundation,2026-09-28
Laura Mercier,Flawless Lumiere Foundation,1W1 Ivory,#E5B27D,color code,FALSE,https://www.lauramercier.com/products/flawless-lumiere-foundation,2026-09-28
Laura Mercier,Flawless Lumiere Foundation,1N2 Vanille,#E6B384,color code,FALSE,https://www.lauramercier.com/products/flawless-lumiere-foundation,2026-09-28
Laura Mercier,Flawless Lumiere Foundation,2C1 Ecru,#C99268,color code,FALSE,https://www.lauramercier.com/products/flawless-lumiere-foundation,2026-09-28
Laura Mercier,Flawless Lumiere Foundation,2N1 Cashew,#D6A77C,color code,FALSE,https://www.lauramercier.com/products/flawless-lumiere-foundation,2026-09-28
Laura Mercier,Flawless Lumiere Foundation,2W1 Macadamia,#DCAA7C,color code,TRUE,https://www.lauramercier.com/products/flawless-lumiere-foundation,2026-09-28
Laura Mercier,Flawless Lumiere Foundation,2N1.5 Beige,#F2C596,color code,FALSE,https://www.lauramercier.com/products/flawless-lumiere-foundation,2026-09-28
Laura Mercier,Flawless Lumiere Foundation,2W1.5 Bisque,#E2AD80,color code,FALSE,https://www.lauramercier.com/products/flawless-lumiere-foundation,2026-09-28
Laura Mercier,Flawless Lumiere Foundation,2N2 Linen,#D49D6F,color code,TRUE,https://www.lauramercier.com/products/flawless-lumiere-foundation,2026-09-28
Laura Mercier,Flawless Lumiere Foundation,2W2 Butterscotch,#C98D54,color code,FALSE,https://www.lauramercier.com/products/flawless-lumiere-foundation,2026-09-28
Laura Mercier,Flawless Lumiere Foundation,3C1 Dune,#D1996C,color code,TRUE,https://www.lauramercier.com/products/flawless-lumiere-foundation,2026-09-28
Laura Mercier,Flawless Lumiere Foundation,3N1 Buff,#C59165,color code,FALSE,https://www.lauramercier.com/products/flawless-lumiere-foundation,2026-09-28
Laura Mercier,Flawless Lumiere Foundation,3W1 Dusk,#C18A58,color code,TRUE,https://www.lauramercier.com/products/flawless-lumiere-foundation,2026-09-28
Laura Mercier,Flawless Lumiere Foundation,3N1.5 Latte,#E6B382,color code,TRUE,https://www.lauramercier.com/products/flawless-lumiere-foundation,2026-09-28
Laura Mercier,Flawless Lumiere Foundation,3N2 Honey,#D79B6D,color code,TRUE,https://www.lauramercier.com/products/flawless-lumiere-foundation,2026-09-28
Laura Mercier,Flawless Lumiere Foundation,3W2 Golden,#D99C68,color code,TRUE,https://www.lauramercier.com/products/flawless-lumiere-foundation,2026-09-28
Laura Mercier,Flawless Lumiere Foundation,4C1 Praline,#B06E39,color code,FALSE,https://www.lauramercier.com/products/flawless-lumiere-foundation,2026-09-28
Laura Mercier,Flawless Lumiere Foundation,4N1 Suntan,#BE824C,color code,FALSE,https://www.lauramercier.com/products/flawless-lumiere-foundation,2026-09-28
Laura Mercier,Flawless Lumiere Foundation,4W1 Maple,#C48548,color code,TRUE,https://www.lauramercier.com/products/flawless-lumiere-foundation,2026-09-28
Laura Mercier,Flawless Lumiere Foundation,4W1.5 Tawny,#CD9B69,color code,TRUE,https://www.lauramercier.com/products/flawless-lumiere-foundation,2026-09-28
Laura Mercier,Flawless Lumiere Foundation,4W2 Chai,#C1894D,color code,FALSE,https://www.lauramercier.com/products/flawless-lumiere-foundation,2026-09-28
Laura Mercier,Flawless Lumiere Foundation,5C1 Nutmeg,#9A5E2D,color code,FALSE,https://www.lauramercier.com/products/flawless-lumiere-foundation,2026-09-28
Laura Mercier,Flawless Lumiere Foundation,5N1 Pecan,#A66934,color code,TRUE,https://www.lauramercier.com/products/flawless-lumiere-foundation,2026-09-28
Laura Mercier,Flawless Lumiere Foundation,5W1 Amber,#BF8042,color code,TRUE,https://www.lauramercier.com/products/flawless-lumiere-foundation,2026-09-28
Laura Mercier,Flawless Lumiere Foundation,5N2 Hazelnut,#B37A47,color code,TRUE,https://www.lauramercier.com/products/flawless-lumiere-foundation,2026-09-28
Laura Mercier,Flawless Lumiere Foundation,6N1 Truffle,#75482A,color code,FALSE,https://www.lauramercier.com/products/flawless-lumiere-foundation,2026-09-28
Laura Mercier,Flawless Lumiere Foundation,6N2 Espresso,#744126,color code,FALSE,https://www.lauramercier.com/products/flawless-lumiere-foundation,2026-09-28
Laura Mercier,Flawless Lumiere Foundation,6W1 Ganache,#82502A,color code,TRUE,https://www.lauramercier.com/products/flawless-lumiere-foundation,2026-09-28
Laura Mercier,Real Flawless Weightless Perfecting Waterproof Foundation,0N1 Silk,#FFE2C8,color code,TRUE,https://www.lauramercier.com/products/real-flawless,2026-09-28
Laura Mercier,Real Flawless Weightless Perfecting Waterproof Foundation,0W1 Satin,#FFE2C0,color code,TRUE,https://www.lauramercier.com/products/real-flawless,2026-09-28
Laura Mercier,Real Flawless Weightless Perfecting Waterproof Foundation,0C1 Opal,#FFE2D2,color code,TRUE,https://www.lauramercier.com/products/real-flawless,2026-09-28
Laura Mercier,Real Flawless Weightless Perfecting Waterproof Foundation,1C1 Cool Vanille,#FCD8C5,color code,TRUE,https://www.lauramercier.com/products/real-flawless,2026-09-28
Laura Mercier,Real Flawless Weightless Perfecting Waterproof Foundation,1C2 Chiffon,#FFD6BA,color code,TRUE,https://www.lauramercier.com/products/real-flawless,2026-09-28
Laura Mercier,Real Flawless Weightless Perfecting Waterproof Foundation,1N2 Vanille,#FFD6B8,color code,TRUE,https://www.lauramercier.com/products/real-flawless,2026-09-28
Laura Mercier,Real Flawless Weightless Perfecting Waterproof Foundation,1W1 Cashmere,#FFD0A5,color code,TRUE,https://www.lauramercier.com/products/real-flawless,2026-09-28
Laura Mercier,Real Flawless Weightless Perfecting Waterproof Foundation,2C1 Ecru,#FFC6A4,color code,TRUE,https://www.lauramercier.com/products/real-flawless,2026-09-28
Laura Mercier,Real Flawless Weightless Perfecting Waterproof Foundation,2C2 Soft Sand,#F2C3AB,color code,TRUE,https://www.lauramercier.com/products/real-flawless,2026-09-28
Laura Mercier,Real Flawless Weightless Perfecting Waterproof Foundation,2N1 Cashew,#F1CDAB,color code,TRUE,https://www.lauramercier.com/products/real-flawless,2026-09-28
Laura Mercier,Real Flawless Weightless Perfecting Waterproof Foundation,2W1 Macadamia,#F8CC9F,color code,TRUE,https://www.lauramercier.com/products/real-flawless,2026-09-28
Laura Mercier,Real Flawless Weightless Perfecting Waterproof Foundation,2W2 Warm Linen,#FDC593,color code,TRUE,https://www.lauramercier.com/products/real-flawless,2026-09-28
Laura Mercier,Real Flawless Weightless Perfecting Waterproof Foundation,3W0 Sandstone,#EEB98C,color code,TRUE,https://www.lauramercier.com/products/real-flawless,2026-09-28
Laura Mercier,Real Flawless Weightless Perfecting Waterproof Foundation,3C1 Dune,#FCB383,color code,TRUE,https://www.lauramercier.com/products/real-flawless,2026-09-28
Laura Mercier,Real Flawless Weightless Perfecting Waterproof Foundation,3C2 Toffee,#EDAB84,color code,TRUE,https://www.lauramercier.com/products/real-flawless,2026-09-28
Laura Mercier,Real Flawless Weightless Perfecting Waterproof Foundation,3N1 Buff,#F9AE85,color code,TRUE,https://www.lauramercier.com/products/real-flawless,2026-09-28
Laura Mercier,Real Flawless Weightless Perfecting Waterproof Foundation,3N2 Camel,#EFB089,color code,TRUE,https://www.lauramercier.com/products/real-flawless,2026-09-28
Laura Mercier,Real Flawless Weightless Perfecting Waterproof Foundation,3W1 Dusk,#F6B785,color code,TRUE,https://www.lauramercier.com/products/real-flawless,2026-09-28
Laura Mercier,Real Flawless Weightless Perfecting Waterproof Foundation,4C0 Chestnut,#EAAC7F,color code,TRUE,https://www.lauramercier.com/products/real-flawless,2026-09-28
Laura Mercier,Real Flawless Weightless Perfecting Waterproof Foundation,4C1 Praline,#DE915B,color code,FALSE,https://www.lauramercier.com/products/real-flawless,2026-09-28
Laura Mercier,Real Flawless Weightless Perfecting Waterproof Foundation,4N1 Ginger,#F3B97C,color code,TRUE,https://www.lauramercier.com/products/real-flawless,2026-09-28
Laura Mercier,Real Flawless Weightless Perfecting Waterproof Foundation,4N2 Tea,#E5AC85,color code,TRUE,https://www.lauramercier.com/products/real-flawless,2026-09-28
Laura Mercier,Real Flawless Weightless Perfecting Waterproof Foundation,4W1 Suntan,#D79E6A,color code,TRUE,https://www.lauramercier.com/products/real-flawless,2026-09-28
Laura Mercier,Real Flawless Weightless Perfecting Waterproof Foundation,5C1 Sepia,#C67246,color code,TRUE,https://www.lauramercier.com/products/real-flawless,2026-09-28
Laura Mercier,Real Flawless Weightless Perfecting Waterproof Foundation,5N1 Cinnamon,#C3783D,color code,TRUE,https://www.lauramercier.com/products/real-flawless,2026-09-28
Laura Mercier,Real Flawless Weightless Perfecting Waterproof Foundation,5N2 Cardamom,#CC774E,color code,TRUE,https://www.lauramercier.com/products/real-flawless,2026-09-28
Laura Mercier,Real Flawless Weightless Perfecting Waterproof Foundation,5W1 Sienna,#C27547,color code,TRUE,https://www.lauramercier.com/products/real-flawless,2026-09-28
Laura Mercier,Real Flawless Weightless Perfecting Waterproof Foundation,6C1 Mink,#973D23,color code,TRUE,https://www.lauramercier.com/products/real-flawless,2026-09-28
Laura Mercier,Real Flawless Weightless Perfecting Waterproof Foundation,6N1 Clove,#793821,color code,TRUE,https://www.lauramercier.com/products/real-flawless,2026-09-28
Laura Mercier,Real Flawless Weightless Perfecting Waterproof Foundation,6W1 Ganache,#9F502F,color code,TRUE,https://www.lauramercier.com/products/real-flawless,2026-09-28
Laura Mercier,Real Flawless Weightless Perfecting Waterproof Foundation,7N1 Java,#591E0D,color code,TRUE,https://www.lauramercier.com/products/real-flawless,2026-09-28
Laura Mercier,Tinted Blur Balm,00,#EFCAAB,color code,TRUE,https://www.lauramercier.com/products/tinted-blur-balm,2026-09-28
Laura Mercier,Tinted Blur Balm,01,#E3C0A3,color code,TRUE,https://www.lauramercier.com/products/tinted-blur-balm,2026-09-28
Laura Mercier,Tinted Blur Balm,02,#D3A981,color code,TRUE,https://www.lauramercier.com/products/tinted-blur-balm,2026-09-28
Laura Mercier,Tinted Blur Balm,03,#BC9270,color code,TRUE,https://www.lauramercier.com/products/tinted-blur-balm,2026-09-28
Laura Mercier,Tinted Blur Balm,04,#A77C55,color code,TRUE,https://www.lauramercier.com/products/tinted-blur-balm,2026-09-28
Laura Mercier,Tinted Blur Balm,05,#80593C,color code,TRUE,https://www.lauramercier.com/products/tinted-blur-balm,2026-09-28
Laura Mercier,Tinted Blur Balm,06,#6B4939,color code,TRUE,https://www.lauramercier.com/products/tinted-blur-balm,2026-09-28
Laura Mercier,Tinted Blur Balm,07,#5F4335,color code,TRUE,https://www.lauramercier.com/products/tinted-blur-balm,2026-09-28
Laura Mercier,Tinted Moisturizer Blurred Matte SPF 30,0N Silk,#F3D3AE,color code,TRUE,https://www.lauramercier.com/products/tinted-moisturizer-blurred-matte-broad-spectrum-spf-30-suncreen,2026-09-28
Laura Mercier,Tinted Moisturizer Blurred Matte SPF 30,1C Cameo,#F1D0B7,color code,TRUE,https://www.lauramercier.com/products/tinted-moisturizer-blurred-matte-broad-spectrum-spf-30-suncreen,2026-09-28
Laura Mercier,Tinted Moisturizer Blurred Matte SPF 30,1N Birch,#E7C398,color code,TRUE,https://www.lauramercier.com/products/tinted-moisturizer-blurred-matte-broad-spectrum-spf-30-suncreen,2026-09-28
Laura Mercier,Tinted Moisturizer Blurred Matte SPF 30,1W Blonde,#E4C08C,color code,TRUE,https://www.lauramercier.com/products/tinted-moisturizer-blurred-matte-broad-spectrum-spf-30-suncreen,2026-09-28
Laura Mercier,Tinted Moisturizer Blurred Matte SPF 30,2C Oak,#DBB596,color code,TRUE,https://www.lauramercier.com/products/tinted-moisturizer-blurred-matte-broad-spectrum-spf-30-suncreen,2026-09-28
Laura Mercier,Tinted Moisturizer Blurred Matte SPF 30,2N Maple,#D9B388,color code,TRUE,https://www.lauramercier.com/products/tinted-moisturizer-blurred-matte-broad-spectrum-spf-30-suncreen,2026-09-28
Laura Mercier,Tinted Moisturizer Blurred Matte SPF 30,2W Citrine,#D9AC73,color code,TRUE,https://www.lauramercier.com/products/tinted-moisturizer-blurred-matte-broad-spectrum-spf-30-suncreen,2026-09-28
Laura Mercier,Tinted Moisturizer Blurred Matte SPF 30,3C Fawn,#C39674,color code,TRUE,https://www.lauramercier.com/products/tinted-moisturizer-blurred-matte-broad-spectrum-spf-30-suncreen,2026-09-28
Laura Mercier,Tinted Moisturizer Blurred Matte SPF 30,3N Sand,#C4966E,color code,TRUE,https://www.lauramercier.com/products/tinted-moisturizer-blurred-matte-broad-spectrum-spf-30-suncreen,2026-09-28
Laura Mercier,Tinted Moisturizer Blurred Matte SPF 30,3W Palomino,#C1905D,color code,TRUE,https://www.lauramercier.com/products/tinted-moisturizer-blurred-matte-broad-spectrum-spf-30-suncreen,2026-09-28
Laura Mercier,Tinted Moisturizer Blurred Matte SPF 30,4C Hazel,#AD7B52,color code,TRUE,https://www.lauramercier.com/products/tinted-moisturizer-blurred-matte-broad-spectrum-spf-30-suncreen,2026-09-28
Laura Mercier,Tinted Moisturizer Blurred Matte SPF 30,4N Teak,#AD7D50,color code,TRUE,https://www.lauramercier.com/products/tinted-moisturizer-blurred-matte-broad-spectrum-spf-30-suncreen,2026-09-28
Laura Mercier,Tinted Moisturizer Blurred Matte SPF 30,4W Ochre,#9A6A36,color code,TRUE,https://www.lauramercier.com/products/tinted-moisturizer-blurred-matte-broad-spectrum-spf-30-suncreen,2026-09-28
Laura Mercier,Tinted Moisturizer Blurred Matte SPF 30,5C Cedar,#875937,color code,TRUE,https://www.lauramercier.com/products/tinted-moisturizer-blurred-matte-broad-spectrum-spf-30-suncreen,2026-09-28
Laura Mercier,Tinted Moisturizer Blurred Matte SPF 30,5N Clay,#885B2F,color code,TRUE,https://www.lauramercier.com/products/tinted-moisturizer-blurred-matte-broad-spectrum-spf-30-suncreen,2026-09-28
Laura Mercier,Tinted Moisturizer Blurred Matte SPF 30,5W Terracotta,#7A5326,color code,TRUE,https://www.lauramercier.com/products/tinted-moisturizer-blurred-matte-broad-spectrum-spf-30-suncreen,2026-09-28
Laura Mercier,Tinted Moisturizer Blurred Matte SPF 30,6C Brunette,#73482E,color code,TRUE,https://www.lauramercier.com/products/tinted-moisturizer-blurred-matte-broad-spectrum-spf-30-suncreen,2026-09-28
Laura Mercier,Tinted Moisturizer Blurred Matte SPF 30,6N Umber,#644027,color code,TRUE,https://www.lauramercier.com/products/tinted-moisturizer-blurred-matte-broad-spectrum-spf-30-suncreen,2026-09-28
Laura Mercier,Tinted Moisturizer Blurred Matte SPF 30,7C Sable,#5C382B,color code,TRUE,https://www.lauramercier.com/products/tinted-moisturizer-blurred-matte-broad-spectrum-spf-30-suncreen,2026-09-28
Laura Mercier,Tinted Moisturizer Blurred Matte SPF 30,7N Mahogany,#52311C,color code,TRUE,https://www.lauramercier.com/products/tinted-moisturizer-blurred-matte-broad-spectrum-spf-30-suncreen,2026-09-28
Laura Mercier,Tinted Moisturizer Light Revealer SPF 25,1C0 Cameo,#F6C9A8,color code,TRUE,https://www.lauramercier.com/products/tinted-moisturizer-light-revealer-natural-skin-illuminator,2026-09-28
Laura Mercier,Tinted Moisturizer Light Revealer SPF 25,0N1 Petal,#EFC29F,color code,TRUE,https://www.lauramercier.com/products/tinted-moisturizer-light-revealer-natural-skin-illuminator,2026-09-28
Laura Mercier,Tinted Moisturizer Light Revealer SPF 25,0W1 Pearl,#F1CAA3,color code,TRUE,https://www.lauramercier.com/products/tinted-moisturizer-light-revealer-natural-skin-illuminator,2026-09-28
Laura Mercier,Tinted Moisturizer Light Revealer SPF 25,1W1 Porcelain,#EFB989,color code,TRUE,https://www.lauramercier.com/products/tinted-moisturizer-light-revealer-natural-skin-illuminator,2026-09-28
Laura Mercier,Tinted Moisturizer Light Revealer SPF 25,2N1 Nude,#D9A475,color code,TRUE,https://www.lauramercier.com/products/tinted-moisturizer-light-revealer-natural-skin-illuminator,2026-09-28
Laura Mercier,Tinted Moisturizer Light Revealer SPF 25,2W1 Natural,#E2B07E,color code,TRUE,https://www.lauramercier.com/products/tinted-moisturizer-light-revealer-natural-skin-illuminator,2026-09-28
Laura Mercier,Tinted Moisturizer Light Revealer SPF 25,3N1 Sand,#D39D6B,color code,TRUE,https://www.lauramercier.com/products/tinted-moisturizer-light-revealer-natural-skin-illuminator,2026-09-28
Laura Mercier,Tinted Moisturizer Light Revealer SPF 25,3W1 Bisque,#D39F6E,color code,TRUE,https://www.lauramercier.com/products/tinted-moisturizer-light-revealer-natural-skin-illuminator,2026-09-28
Laura Mercier,Tinted Moisturizer Light Revealer SPF 25,4C1 Almond,#CF9869,color code,TRUE,https://www.lauramercier.com/products/tinted-moisturizer-light-revealer-natural-skin-illuminator,2026-09-28
Laura Mercier,Tinted Moisturizer Light Revealer SPF 25,4W1 Tawny,#D39D68,color code,TRUE,https://www.lauramercier.com/products/tinted-moisturizer-light-revealer-natural-skin-illuminator,2026-09-28
Laura Mercier,Tinted Moisturizer Light Revealer SPF 25,5N1 Walnut,#A66A3D,color code,TRUE,https://www.lauramercier.com/products/tinted-moisturizer-light-revealer-natural-skin-illuminator,2026-09-28
Laura Mercier,Tinted Moisturizer Light Revealer SPF 25,5W1 Tan,#AD6F44,color code,TRUE,https://www.lauramercier.com/products/tinted-moisturizer-light-revealer-natural-skin-illuminator,2026-09-28
Laura Mercier,Tinted Moisturizer Light Revealer SPF 25,6C1 Cacao,#6D4027,color code,TRUE,https://www.lauramercier.com/products/tinted-moisturizer-light-revealer-natural-skin-illuminator,2026-09-28
Laura Mercier,Tinted Moisturizer Light Revealer SPF 25,6N1 Mocha,#9B5E33,color code,TRUE,https://www.lauramercier.com/products/tinted-moisturizer-light-revealer-natural-skin-illuminator,2026-09-28
Laura Mercier,Tinted Moisturizer Natural Dewy SPF 30,0N Silk,#F3D3AE,color code,TRUE,https://www.lauramercier.com/products/tinted-moisturizer-natural-dewy-broad-spectrum-spf-30-suncreen,2026-09-28
Laura Mercier,Tinted Moisturizer Natural Dewy SPF 30,1C Cameo,#F1D0B7,color code,FALSE,https://www.lauramercier.com/products/tinted-moisturizer-natural-dewy-broad-spectrum-spf-30-suncreen,2026-09-28
Laura Mercier,Tinted Moisturizer Natural Dewy SPF 30,1N Birch,#E7C398,color code,TRUE,https://www.lauramercier.com/products/tinted-moisturizer-natural-dewy-broad-spectrum-spf-30-suncreen,2026-09-28
Laura Mercier,Tinted Moisturizer Natural Dewy SPF 30,1W Blonde,#E4C08C,color code,TRUE,https://www.lauramercier.com/products/tinted-moisturizer-natural-dewy-broad-spectrum-spf-30-suncreen,2026-09-28
Laura Mercier,Tinted Moisturizer Natural Dewy SPF 30,2C Oak,#DBB596,color code,TRUE,https://www.lauramercier.com/products/tinted-moisturizer-natural-dewy-broad-spectrum-spf-30-suncreen,2026-09-28
Laura Mercier,Tinted Moisturizer Natural Dewy SPF 30,2N Maple,#D9B388,color code,TRUE,https://www.lauramercier.com/products/tinted-moisturizer-natural-dewy-broad-spectrum-spf-30-suncreen,2026-09-28
Laura Mercier,Tinted Moisturizer Natural Dewy SPF 30,2W Citrine,#D9AC73,color code,TRUE,https://www.lauramercier.com/products/tinted-moisturizer-natural-dewy-broad-spectrum-spf-30-suncreen,2026-09-28
Laura Mercier,Tinted Moisturizer Natural Dewy SPF 30,3C Fawn,#C39674,color code,TRUE,https://www.lauramercier.com/products/tinted-moisturizer-natural-dewy-broad-spectrum-spf-30-suncreen,2026-09-28
Laura Mercier,Tinted Moisturizer Natural Dewy SPF 30,3N Sand,#C4966E,color code,TRUE,https://www.lauramercier.com/products/tinted-moisturizer-natural-dewy-broad-spectrum-spf-30-suncreen,2026-09-28
Laura Mercier,Tinted Moisturizer Natural Dewy SPF 30,3W Palomino,#C1905D,color code,TRUE,https://www.lauramercier.com/products/tinted-moisturizer-natural-dewy-broad-spectrum-spf-30-suncreen,2026-09-28
Laura Mercier,Tinted Moisturizer Natural Dewy SPF 30,4C Hazel,#AD7B52,color code,TRUE,https://www.lauramercier.com/products/tinted-moisturizer-natural-dewy-broad-spectrum-spf-30-suncreen,2026-09-28
Laura Mercier,Tinted Moisturizer Natural Dewy SPF 30,4N Teak,#AD7D50,color code,TRUE,https://www.lauramercier.com/products/tinted-moisturizer-natural-dewy-broad-spectrum-spf-30-suncreen,2026-09-28
Laura Mercier,Tinted Moisturizer Natural Dewy SPF 30,4W Ochre,#9A6A36,color code,TRUE,https://www.lauramercier.com/products/tinted-moisturizer-natural-dewy-broad-spectrum-spf-30-suncreen,2026-09-28
Laura Mercier,Tinted Moisturizer Natural Dewy SPF 30,5C Cedar,#875937,color code,TRUE,https://www.lauramercier.com/products/tinted-moisturizer-natural-dewy-broad-spectrum-spf-30-suncreen,2026-09-28
Laura Mercier,Tinted Moisturizer Natural Dewy SPF 30,5N Clay,#885B2F,color code,TRUE,https://www.lauramercier.com/products/tinted-moisturizer-natural-dewy-broad-spectrum-spf-30-suncreen,2026-09-28
Laura Mercier,Tinted Moisturizer Natural Dewy SPF 30,5W Terracotta,#7A5326,color code,TRUE,https://www.lauramercier.com/products/tinted-moisturizer-natural-dewy-broad-spectrum-spf-30-suncreen,2026-09-28
Laura Mercier,Tinted Moisturizer Natural Dewy SPF 30,6C Brunette,#73482E,color code,TRUE,https://www.lauramercier.com/products/tinted-moisturizer-natural-dewy-broad-spectrum-spf-30-suncreen,2026-09-28
Laura Mercier,Tinted Moisturizer Natural Dewy SPF 30,6N Umber,#644027,color code,TRUE,https://www.lauramercier.com/products/tinted-moisturizer-natural-dewy-broad-spectrum-spf-30-suncreen,2026-09-28
Laura Mercier,Tinted Moisturizer Natural Dewy SPF 30,7C Sable,#5C382B,color code,TRUE,https://www.lauramercier.com/products/tinted-moisturizer-natural-dewy-broad-spectrum-spf-30-suncreen,2026-09-28
Laura Mercier,Tinted Moisturizer Natural Dewy SPF 30,7N Mahogany,#52311C,color code,TRUE,https://www.lauramercier.com/products/tinted-moisturizer-natural-dewy-broad-spectrum-spf-30-suncreen,2026-09-28
NYX Professional Makeup,Bare With Me Blur Tint Foundation,Pale,#E8CDBD,color code,FALSE,https://www.nyxcosmetics.com/face/foundation/bare-with-me-blur-skin-tint-foundation/NYX_1050.html,2026-09-28
NYX Professional Makeup,Bare With Me Blur Tint Foundation,Fair,#E9CBB9,color code,TRUE,https://www.nyxcosmetics.com/face/foundation/bare-with-me-blur-skin-tint-foundation/NYX_1050.html,2026-09-28
NYX Professional Makeup,Bare With Me Blur Tint Foundation,Light-Ivory,#DCB3A5,color code,FALSE,https://www.nyxcosmetics.com/face/foundation/bare-with-me-blur-skin-tint-foundation/NYX_1050.html,2026-09-28
NYX Professional Makeup,Bare With Me Blur Tint Foundation,Light-Neutral,#D9B199,color code,TRUE,https://www.nyxcosmetics.com/face/foundation/bare-with-me-blur-skin-tint-foundation/NYX_1050.html,2026-09-28
NYX Professional Makeup,Bare With Me Blur Tint Foundation,Vanilla,#DBB598,color code,FALSE,https://www.nyxcosmetics.com/face/foundation/bare-with-me-blur-skin-tint-foundation/NYX_1050.html,2026-09-28
NYX Professional Makeup,Bare With Me Blur Tint Foundation,Soft-Beige,#D6A483,color code,TRUE,https://www.nyxcosmetics.com/face/foundation/bare-with-me-blur-skin-tint-foundation/NYX_1050.html,2026-09-28
NYX Professional Makeup,Bare With Me Blur Tint Foundation,Golden,#D39972,color code,FALSE,https://www.nyxcosmetics.com/face/foundation/bare-with-me-blur-skin-tint-foundation/NYX_1050.html,2026-09-28
NYX Professional Makeup,Bare With Me Blur Tint Foundation,Golden-Light,#B9855B,color code,FALSE,https://www.nyxcosmetics.com/face/foundation/bare-with-me-blur-skin-tint-foundation/NYX_1050.html,2026-09-28
NYX Professional Makeup,Bare With Me Blur Tint Foundation,Light-Medium,#B98C69,color code,TRUE,https://www.nyxcosmetics.com/face/foundation/bare-with-me-blur-skin-tint-foundation/NYX_1050.html,2026-09-28
NYX Professional Makeup,Bare With Me Blur Tint Foundation,Medium,#BB8962,color code,TRUE,https://www.nyxcosmetics.com/face/foundation/bare-with-me-blur-skin-tint-foundation/NYX_1050.html,2026-09-28
NYX Professional Makeup,Bare With Me Blur Tint Foundation,Medium-Neutral,#BB8461,color code,FALSE,https://www.nyxcosmetics.com/face/foundation/bare-with-me-blur-skin-tint-foundation/NYX_1050.html,2026-09-28
NYX Professional Makeup,Bare With Me Blur Tint Foundation,Medium-Dark,#B37048,color code,TRUE,https://www.nyxcosmetics.com/face/foundation/bare-with-me-blur-skin-tint-foundation/NYX_1050.html,2026-09-28
NYX Professional Makeup,Bare With Me Blur Tint Foundation,Caramel,#B37449,color code,TRUE,https://www.nyxcosmetics.com/face/foundation/bare-with-me-blur-skin-tint-foundation/NYX_1050.html,2026-09-28
NYX Professional Makeup,Bare With Me Blur Tint Foundation,Medium-Tan,#A76947,color code,FALSE,https://www.nyxcosmetics.com/face/foundation/bare-with-me-blur-skin-tint-foundation/NYX_1050.html,2026-09-28
NYX Professional Makeup,Bare With Me Blur Tint Foundation,Warm-Honey,#A26444,color code,TRUE,https://www.nyxcosmetics.com/face/foundation/bare-with-me-blur-skin-tint-foundation/NYX_1050.html,2026-09-28
NYX Professional Makeup,Bare With Me Blur Tint Foundation,Warm-Caramel,#8F543C,color code,FALSE,https://www.nyxcosmetics.com/face/foundation/bare-with-me-blur-skin-tint-foundation/NYX_1050.html,2026-09-28
NYX Professional Makeup,Bare With Me Blur Tint Foundation,Truffle,#8E4C38,color code,FALSE,https://www.nyxcosmetics.com/face/foundation/bare-with-me-blur-skin-tint-foundation/NYX_1050.html,2026-09-28
NYX Professional Makeup,Bare With Me Blur Tint Foundation,Nutmeg,#8B5239,color code,TRUE,https://www.nyxcosmetics.com/face/foundation/bare-with-me-blur-skin-tint-foundation/NYX_1050.html,2026-09-28
NYX Professional Makeup,Bare With Me Blur Tint Foundation,Deep-Golden,#814B39,color code,TRUE,https://www.nyxcosmetics.com/face/foundation/bare-with-me-blur-skin-tint-foundation/NYX_1050.html,2026-09-28
NYX Professional Makeup,Bare With Me Blur Tint Foundation,Deep Bronze,#824637,color code,TRUE,https://www.nyxcosmetics.com/face/foundation/bare-with-me-blur-skin-tint-foundation/NYX_1050.html,2026-09-28
NYX Professional Makeup,Bare With Me Blur Tint Foundation,Rich,#644331,color code,TRUE,https://www.nyxcosmetics.com/face/foundation/bare-with-me-blur-skin-tint-foundation/NYX_1050.html,2026-09-28
NYX Professional Makeup,Bare With Me Blur Tint Foundation,Mocha,#54312D,color code,TRUE,https://www.nyxcosmetics.com/face/foundation/bare-with-me-blur-skin-tint-foundation/NYX_1050.html,2026-09-28
NYX Professional Makeup,Bare With Me Blur Tint Foundation,Espresso,#462E2B,color code,TRUE,https://www.nyxcosmetics.com/face/foundation/bare-with-me-blur-skin-tint-foundation/NYX_1050.html,2026-09-28
NYX Professional Makeup,Bare With Me Blur Tint Foundation,Java,#402C2B,color code,FALSE,https://www.nyxcosmetics.com/face/foundation/bare-with-me-blur-skin-tint-foundation/NYX_1050.html,2026-09-28
NYX Professional Makeup,Buttermelt Glaze Soft Glow Skin Tint SPF 30,01-Whipped-Butta,#EBB388,color code,TRUE,https://www.nyxcosmetics.com/face/foundation/buttermelt-glaze-spf-skin-tint/NYX_1127.html,2026-09-28
NYX Professional Makeup,Buttermelt Glaze Soft Glow Skin Tint SPF 30,02-Vanilla-Bean-Butta,#D19A6D,color code,TRUE,https://www.nyxcosmetics.com/face/foundation/buttermelt-glaze-spf-skin-tint/NYX_1127.html,2026-09-28
NYX Professional Makeup,Buttermelt Glaze Soft Glow Skin Tint SPF 30,03-Cashew-Butta,#C18459,color code,TRUE,https://www.nyxcosmetics.com/face/foundation/buttermelt-glaze-spf-skin-tint/NYX_1127.html,2026-09-28
NYX Professional Makeup,Buttermelt Glaze Soft Glow Skin Tint SPF 30,04-Almond-Butta,#BE814E,color code,TRUE,https://www.nyxcosmetics.com/face/foundation/buttermelt-glaze-spf-skin-tint/NYX_1127.html,2026-09-28
NYX Professional Makeup,Buttermelt Glaze Soft Glow Skin Tint SPF 30,05-Chai-Butta,#9B6239,color code,FALSE,https://www.nyxcosmetics.com/face/foundation/buttermelt-glaze-spf-skin-tint/NYX_1127.html,2026-09-28
NYX Professional Makeup,Buttermelt Glaze Soft Glow Skin Tint SPF 30,06-Praline-Butta,#A16639,color code,FALSE,https://www.nyxcosmetics.com/face/foundation/buttermelt-glaze-spf-skin-tint/NYX_1127.html,2026-09-28
NYX Professional Makeup,Buttermelt Glaze Soft Glow Skin Tint SPF 30,07-Toffee-Butta,#88502D,color code,FALSE,https://www.nyxcosmetics.com/face/foundation/buttermelt-glaze-spf-skin-tint/NYX_1127.html,2026-09-28
NYX Professional Makeup,Buttermelt Glaze Soft Glow Skin Tint SPF 30,08-Nutmeg-Butta,#6B3E23,color code,FALSE,https://www.nyxcosmetics.com/face/foundation/buttermelt-glaze-spf-skin-tint/NYX_1127.html,2026-09-28
NYX Professional Makeup,Buttermelt Glaze Soft Glow Skin Tint SPF 30,09-Hazelnut-Butta,#4C2918,color code,TRUE,https://www.nyxcosmetics.com/face/foundation/buttermelt-glaze-spf-skin-tint/NYX_1127.html,2026-09-28
NYX Professional Makeup,Buttermelt Glaze Soft Glow Skin Tint SPF 30,10-Chocolate-Butta,#331C10,color code,FALSE,https://www.nyxcosmetics.com/face/foundation/buttermelt-glaze-spf-skin-tint/NYX_1127.html,2026-09-28
NYX Professional Makeup,Can't Stop Won't Stop Full Coverage Foundation,CSWSF1.5 - Fair,#E0C5AC,color code,FALSE,https://www.nyxcosmetics.com/cant-stop-wont-stop-full-coverage-foundation/NYX_636.html,2026-09-28
NYX Professional Makeup,Can't Stop Won't Stop Full Coverage Foundation,CSWSF06 - Vanilla,#E5B899,color code,FALSE,https://www.nyxcosmetics.com/cant-stop-wont-stop-full-coverage-foundation/NYX_636.html,2026-09-28
NYX Professional Makeup,Can't Stop Won't Stop Full Coverage Foundation,CSWSF11 - Beige,#C1956A,color code,FALSE,https://www.nyxcosmetics.com/cant-stop-wont-stop-full-coverage-foundation/NYX_636.html,2026-09-28
NYX Professional Makeup,Can't Stop Won't Stop Full Coverage Foundation,CSWSF12.7 - Neutral Tan,#AD7751,color code,FALSE,https://www.nyxcosmetics.com/cant-stop-wont-stop-full-coverage-foundation/NYX_636.html,2026-09-28
NYX Professional Makeup,Can't Stop Won't Stop Full Coverage Foundation,CSWSF13 - Golden,#B6855C,color code,FALSE,https://www.nyxcosmetics.com/cant-stop-wont-stop-full-coverage-foundation/NYX_636.html,2026-09-28
NYX Professional Makeup,Can't Stop Won't Stop Full Coverage Foundation,CSWSF14 - Golden Honey,#BB835C,color code,FALSE,https://www.nyxcosmetics.com/cant-stop-wont-stop-full-coverage-foundation/NYX_636.html,2026-09-28
NYX Professional Makeup,Can't Stop Won't Stop Full Coverage Foundation,CSWSF15 - Caramel,#B48864,color code,FALSE,https://www.nyxcosmetics.com/cant-stop-wont-stop-full-coverage-foundation/NYX_636.html,2026-09-28
NYX Professional Makeup,Can't Stop Won't Stop Full Coverage Foundation,CSWSF15.3 - Almond,#A36133,color code,FALSE,https://www.nyxcosmetics.com/cant-stop-wont-stop-full-coverage-foundation/NYX_636.html,2026-09-28
NYX Professional Makeup,Can't Stop Won't Stop Full Coverage Foundation,CSWSF15.5 - Cinnamon,#B87F56,color code,FALSE,https://www.nyxcosmetics.com/cant-stop-wont-stop-full-coverage-foundation/NYX_636.html,2026-09-28
NYX Professional Makeup,Can't Stop Won't Stop Full Coverage Foundation,CSWSF15.8 - Honey,#AD6D41,color code,FALSE,https://www.nyxcosmetics.com/cant-stop-wont-stop-full-coverage-foundation/NYX_636.html,2026-09-28
NYX Professional Makeup,Can't Stop Won't Stop Full Coverage Foundation,CSWSF15.9 - Warm Honey,#AA714B,color code,FALSE,https://www.nyxcosmetics.com/cant-stop-wont-stop-full-coverage-foundation/NYX_636.html,2026-09-28
NYX Professional Makeup,Can't Stop Won't Stop Full Coverage Foundation,CSWSF16 - Mahogany,#A16A49,color code,FALSE,https://www.nyxcosmetics.com/cant-stop-wont-stop-full-coverage-foundation/NYX_636.html,2026-09-28
NYX Professional Makeup,Can't Stop Won't Stop Full Coverage Foundation,CSWSF16.5 - Nutmeg,#A36E45,color code,FALSE,https://www.nyxcosmetics.com/cant-stop-wont-stop-full-coverage-foundation/NYX_636.html,2026-09-28
NYX Professional Makeup,Can't Stop Won't Stop Full Coverage Foundation,CSWSF16.7 - Warm Mahogany,#8F4F23,color code,FALSE,https://www.nyxcosmetics.com/cant-stop-wont-stop-full-coverage-foundation/NYX_636.html,2026-09-28
NYX Professional Makeup,Can't Stop Won't Stop Full Coverage Foundation,CSWSF17 - Cappuccino,#935C3B,color code,FALSE,https://www.nyxcosmetics.com/cant-stop-wont-stop-full-coverage-foundation/NYX_636.html,2026-09-28
NYX Professional Makeup,Can't Stop Won't Stop Full Coverage Foundation,CSWSF18 - Deep Sable,#875D3D,color code,FALSE,https://www.nyxcosmetics.com/cant-stop-wont-stop-full-coverage-foundation/NYX_636.html,2026-09-28
NYX Professional Makeup,Can't Stop Won't Stop Full Coverage Foundation,CSWSF20 - Deep Rich,#70422C,color code,FALSE,https://www.nyxcosmetics.com/cant-stop-wont-stop-full-coverage-foundation/NYX_636.html,2026-09-28
NYX Professional Makeup,Can't Stop Won't Stop Full Coverage Foundation,CSWSF22 - Deep,#663F2B,color code,FALSE,https://www.nyxcosmetics.com/cant-stop-wont-stop-full-coverage-foundation/NYX_636.html,2026-09-28
NYX Professional Makeup,Can't Stop Won't Stop Full Coverage Foundation,CSWSF22.5 - Warm Walnut,#542D26,color code,FALSE,https://www.nyxcosmetics.com/cant-stop-wont-stop-full-coverage-foundation/NYX_636.html,2026-09-28
NYX Professional Makeup,Can't Stop Won't Stop Full Coverage Foundation,CSWSF22.7 - Deep Walnut,#63341F,color code,FALSE,https://www.nyxcosmetics.com/cant-stop-wont-stop-full-coverage-foundation/NYX_636.html,2026-09-28
NYX Professional Makeup,Can't Stop Won't Stop Full Coverage Foundation,CSWSF23 - Chestnut,#543222,color code,FALSE,https://www.nyxcosmetics.com/cant-stop-wont-stop-full-coverage-foundation/NYX_636.html,2026-09-28
NYX Professional Makeup,Can't Stop Won't Stop Full Coverage Foundation,CSWSF24 - Deep Espresso,#542D22,color code,FALSE,https://www.nyxcosmetics.com/cant-stop-wont-stop-full-coverage-foundation/NYX_636.html,2026-09-28
NYX Professional Makeup,Can't Stop Won't Stop Full Coverage Foundation,CSWSF25 - Deep Ebony,#4C281B,color code,FALSE,https://www.nyxcosmetics.com/cant-stop-wont-stop-full-coverage-foundation/NYX_636.html,2026-09-28
NYX Professional Makeup,Make 'Em Wonder Soft Matte Buildable Foundation,PALE,#FDD4B1,color code,TRUE,https://www.nyxcosmetics.com/face/foundation-makeup/make-%E2%80%98em-wonder-soft-matte-buildable-foundation/NYX_1163.html,2026-09-28
NYX Professional Makeup,Make 'Em Wonder Soft Matte Buildable Foundation,FAIR-PORCELAIN,#FFD1BF,color code,TRUE,https://www.nyxcosmetics.com/face/foundation-makeup/make-%E2%80%98em-wonder-soft-matte-buildable-foundation/NYX_1163.html,2026-09-28
NYX Professional Makeup,Make 'Em Wonder Soft Matte Buildable Foundation,FAIR,#EFD1B7,color code,TRUE,https://www.nyxcosmetics.com/face/foundation-makeup/make-%E2%80%98em-wonder-soft-matte-buildable-foundation/NYX_1163.html,2026-09-28
NYX Professional Makeup,Make 'Em Wonder Soft Matte Buildable Foundation,COOL-PORCELAIN,#E1C1AA,color code,TRUE,https://www.nyxcosmetics.com/face/foundation-makeup/make-%E2%80%98em-wonder-soft-matte-buildable-foundation/NYX_1163.html,2026-09-28
NYX Professional Makeup,Make 'Em Wonder Soft Matte Buildable Foundation,FAIR-IVORY,#DCB6A2,color code,TRUE,https://www.nyxcosmetics.com/face/foundation-makeup/make-%E2%80%98em-wonder-soft-matte-buildable-foundation/NYX_1163.html,2026-09-28
NYX Professional Makeup,Make 'Em Wonder Soft Matte Buildable Foundation,LIGHT,#F5C9AE,color code,TRUE,https://www.nyxcosmetics.com/face/foundation-makeup/make-%E2%80%98em-wonder-soft-matte-buildable-foundation/NYX_1163.html,2026-09-28
NYX Professional Makeup,Make 'Em Wonder Soft Matte Buildable Foundation,LIGHT-IVORY,#E8B79A,color code,TRUE,https://www.nyxcosmetics.com/face/foundation-makeup/make-%E2%80%98em-wonder-soft-matte-buildable-foundation/NYX_1163.html,2026-09-28
NYX Professional Makeup,Make 'Em Wonder Soft Matte Buildable Foundation,VANILLA,#E9B998,color code,TRUE,https://www.nyxcosmetics.com/face/foundation-makeup/make-%E2%80%98em-wonder-soft-matte-buildable-foundation/NYX_1163.html,2026-09-28
NYX Professional Makeup,Make 'Em Wonder Soft Matte Buildable Foundation,LIGHT-NUDE,#E2B890,color code,TRUE,https://www.nyxcosmetics.com/face/foundation-makeup/make-%E2%80%98em-wonder-soft-matte-buildable-foundation/NYX_1163.html,2026-09-28
NYX Professional Makeup,Make 'Em Wonder Soft Matte Buildable Foundation,NUDE,#DFB894,color code,TRUE,https://www.nyxcosmetics.com/face/foundation-makeup/make-%E2%80%98em-wonder-soft-matte-buildable-foundation/NYX_1163.html,2026-09-28
NYX Professional Makeup,Make 'Em Wonder Soft Matte Buildable Foundation,CLASSIC-IVORY,#E2A884,color code,TRUE,https://www.nyxcosmetics.com/face/foundation-makeup/make-%E2%80%98em-wonder-soft-matte-buildable-foundation/NYX_1163.html,2026-09-28
NYX Professional Makeup,Make 'Em Wonder Soft Matte Buildable Foundation,NATURAL,#DB9C75,color code,TRUE,https://www.nyxcosmetics.com/face/foundation-makeup/make-%E2%80%98em-wonder-soft-matte-buildable-foundation/NYX_1163.html,2026-09-28
NYX Professional Makeup,Make 'Em Wonder Soft Matte Buildable Foundation,LIGHT-SAND,#E1AD80,color code,TRUE,https://www.nyxcosmetics.com/face/foundation-makeup/make-%E2%80%98em-wonder-soft-matte-buildable-foundation/NYX_1163.html,2026-09-28
NYX Professional Makeup,Make 'Em Wonder Soft Matte Buildable Foundation,TRUE-BEIGE,#D69E7A,color code,TRUE,https://www.nyxcosmetics.com/face/foundation-makeup/make-%E2%80%98em-wonder-soft-matte-buildable-foundation/NYX_1163.html,2026-09-28
NYX Professional Makeup,Make 'Em Wonder Soft Matte Buildable Foundation,BUFF,#D1A17A,color code,TRUE,https://www.nyxcosmetics.com/face/foundation-makeup/make-%E2%80%98em-wonder-soft-matte-buildable-foundation/NYX_1163.html,2026-09-28
NYX Professional Makeup,Make 'Em Wonder Soft Matte Buildable Foundation,NATURAL-BEIGE,#CC8D67,color code,TRUE,https://www.nyxcosmetics.com/face/foundation-makeup/make-%E2%80%98em-wonder-soft-matte-buildable-foundation/NYX_1163.html,2026-09-28
NYX Professional Makeup,Make 'Em Wonder Soft Matte Buildable Foundation,MEDIUM-OLIVE,#D59777,color code,TRUE,https://www.nyxcosmetics.com/face/foundation-makeup/make-%E2%80%98em-wonder-soft-matte-buildable-foundation/NYX_1163.html,2026-09-28
NYX Professional Makeup,Make 'Em Wonder Soft Matte Buildable Foundation,GOLDEN-LIGHT,#CD9D71,color code,TRUE,https://www.nyxcosmetics.com/face/foundation-makeup/make-%E2%80%98em-wonder-soft-matte-buildable-foundation/NYX_1163.html,2026-09-28
NYX Professional Makeup,Make 'Em Wonder Soft Matte Buildable Foundation,WARM-BEIGE,#CF9A78,color code,TRUE,https://www.nyxcosmetics.com/face/foundation-makeup/make-%E2%80%98em-wonder-soft-matte-buildable-foundation/NYX_1163.html,2026-09-28
NYX Professional Makeup,Make 'Em Wonder Soft Matte Buildable Foundation,CLASSIC-TAN,#D38F62,color code,TRUE,https://www.nyxcosmetics.com/face/foundation-makeup/make-%E2%80%98em-wonder-soft-matte-buildable-foundation/NYX_1163.html,2026-09-28
NYX Professional Makeup,Make 'Em Wonder Soft Matte Buildable Foundation,NEUTRAL-TAN,#B67E59,color code,TRUE,https://www.nyxcosmetics.com/face/foundation-makeup/make-%E2%80%98em-wonder-soft-matte-buildable-foundation/NYX_1163.html,2026-09-28
NYX Professional Makeup,Make 'Em Wonder Soft Matte Buildable Foundation,MEDIUM,#B68159,color code,TRUE,https://www.nyxcosmetics.com/face/foundation-makeup/make-%E2%80%98em-wonder-soft-matte-buildable-foundation/NYX_1163.html,2026-09-28
NYX Professional Makeup,Make 'Em Wonder Soft Matte Buildable Foundation,GOLDEN-CARAMEL,#C38760,color code,TRUE,https://www.nyxcosmetics.com/face/foundation-makeup/make-%E2%80%98em-wonder-soft-matte-buildable-foundation/NYX_1163.html,2026-09-28
NYX Professional Makeup,Make 'Em Wonder Soft Matte Buildable Foundation,GOLDEN,#C0845D,color code,TRUE,https://www.nyxcosmetics.com/face/foundation-makeup/make-%E2%80%98em-wonder-soft-matte-buildable-foundation/NYX_1163.html,2026-09-28
NYX Professional Makeup,Make 'Em Wonder Soft Matte Buildable Foundation,WARM-HONEY,#A56137,color code,TRUE,https://www.nyxcosmetics.com/face/foundation-makeup/make-%E2%80%98em-wonder-soft-matte-buildable-foundation/NYX_1163.html,2026-09-28
NYX Professional Makeup,Make 'Em Wonder Soft Matte Buildable Foundation,HONEY,#BD8059,color code,TRUE,https://www.nyxcosmetics.com/face/foundation-makeup/make-%E2%80%98em-wonder-soft-matte-buildable-foundation/NYX_1163.html,2026-09-28
NYX Professional Makeup,Make 'Em Wonder Soft Matte Buildable Foundation,TRUE-CARAMEL,#AE6B4C,color code,TRUE,https://www.nyxcosmetics.com/face/foundation-makeup/make-%E2%80%98em-wonder-soft-matte-buildable-foundation/NYX_1163.html,2026-09-28
NYX Professional Makeup,Make 'Em Wonder Soft Matte Buildable Foundation,CINNAMON,#AF6C43,color code,TRUE,https://www.nyxcosmetics.com/face/foundation-makeup/make-%E2%80%98em-wonder-soft-matte-buildable-foundation/NYX_1163.html,2026-09-28
NYX Professional Makeup,Make 'Em Wonder Soft Matte Buildable Foundation,WARM-PECAN,#A86C48,color code,TRUE,https://www.nyxcosmetics.com/face/foundation-makeup/make-%E2%80%98em-wonder-soft-matte-buildable-foundation/NYX_1163.html,2026-09-28
NYX Professional Makeup,Make 'Em Wonder Soft Matte Buildable Foundation,LIGHT-NUTMEG,#AB7254,color code,TRUE,https://www.nyxcosmetics.com/face/foundation-makeup/make-%E2%80%98em-wonder-soft-matte-buildable-foundation/NYX_1163.html,2026-09-28
NYX Professional Makeup,Make 'Em Wonder Soft Matte Buildable Foundation,MAPLE,#A7704A,color code,TRUE,https://www.nyxcosmetics.com/face/foundation-makeup/make-%E2%80%98em-wonder-soft-matte-buildable-foundation/NYX_1163.html,2026-09-28
NYX Professional Makeup,Make 'Em Wonder Soft Matte Buildable Foundation,CAPUCCINO,#9C5B35,color code,TRUE,https://www.nyxcosmetics.com/face/foundation-makeup/make-%E2%80%98em-wonder-soft-matte-buildable-foundation/NYX_1163.html,2026-09-28
NYX Professional Makeup,Make 'Em Wonder Soft Matte Buildable Foundation,SIENNA,#925B3D,color code,TRUE,https://www.nyxcosmetics.com/face/foundation-makeup/make-%E2%80%98em-wonder-soft-matte-buildable-foundation/NYX_1163.html,2026-09-28
NYX Professional Makeup,Make 'Em Wonder Soft Matte Buildable Foundation,MAHOGANY,#8F5D3C,color code,TRUE,https://www.nyxcosmetics.com/face/foundation-makeup/make-%E2%80%98em-wonder-soft-matte-buildable-foundation/NYX_1163.html,2026-09-28
NYX Professional Makeup,Make 'Em Wonder Soft Matte Buildable Foundation,SOFT-MOCHA,#8E6448,color code,TRUE,https://www.nyxcosmetics.com/face/foundation-makeup/make-%E2%80%98em-wonder-soft-matte-buildable-foundation/NYX_1163.html,2026-09-28
NYX Professional Makeup,Make 'Em Wonder Soft Matte Buildable Foundation,WARM-RICH,#794831,color code,TRUE,https://www.nyxcosmetics.com/face/foundation-makeup/make-%E2%80%98em-wonder-soft-matte-buildable-foundation/NYX_1163.html,2026-09-28
NYX Professional Makeup,Make 'Em Wonder Soft Matte Buildable Foundation,DEEP-RICH,#744430,color code,TRUE,https://www.nyxcosmetics.com/face/foundation-makeup/make-%E2%80%98em-wonder-soft-matte-buildable-foundation/NYX_1163.html,2026-09-28
NYX Professional Makeup,Make 'Em Wonder Soft Matte Buildable Foundation,DEEP-TRUFFLE,#73432E,color code,TRUE,https://www.nyxcosmetics.com/face/foundation-makeup/make-%E2%80%98em-wonder-soft-matte-buildable-foundation/NYX_1163.html,2026-09-28
NYX Professional Makeup,Make 'Em Wonder Soft Matte Buildable Foundation,COCOA,#6F4432,color code,TRUE,https://www.nyxcosmetics.com/face/foundation-makeup/make-%E2%80%98em-wonder-soft-matte-buildable-foundation/NYX_1163.html,2026-09-28
NYX Professional Makeup,Make 'Em Wonder Soft Matte Buildable Foundation,WALNUT,#68391D,color code,TRUE,https://www.nyxcosmetics.com/face/foundation-makeup/make-%E2%80%98em-wonder-soft-matte-buildable-foundation/NYX_1163.html,2026-09-28
NYX Professional Makeup,Make 'Em Wonder Soft Matte Buildable Foundation,WARM-WALNUT,#593029,color code,TRUE,https://www.nyxcosmetics.com/face/foundation-makeup/make-%E2%80%98em-wonder-soft-matte-buildable-foundation/NYX_1163.html,2026-09-28
NYX Professional Makeup,Make 'Em Wonder Soft Matte Buildable Foundation,DEEP-WALNUT,#6B3A28,color code,TRUE,https://www.nyxcosmetics.com/face/foundation-makeup/make-%E2%80%98em-wonder-soft-matte-buildable-foundation/NYX_1163.html,2026-09-28
NYX Professional Makeup,Make 'Em Wonder Soft Matte Buildable Foundation,DEEP-EBONY,#5A3628,color code,TRUE,https://www.nyxcosmetics.com/face/foundation-makeup/make-%E2%80%98em-wonder-soft-matte-buildable-foundation/NYX_1163.html,2026-09-28
NYX Professional Makeup,Make 'Em Wonder Soft Matte Buildable Foundation,RICH-ESPRESSO,#361B0E,color code,TRUE,https://www.nyxcosmetics.com/face/foundation-makeup/make-%E2%80%98em-wonder-soft-matte-buildable-foundation/NYX_1163.html,2026-09-28
NYX Professional Makeup,Make 'Em Wonder Soft Matte Buildable Foundation,RICH-COCOA,#271711,color code,TRUE,https://www.nyxcosmetics.com/face/foundation-makeup/make-%E2%80%98em-wonder-soft-matte-buildable-foundation/NYX_1163.html,2026-09-28
Rare Beauty,Liquid Touch Weightless Foundation,100W,#F6E3CC,image,TRUE,https://www.rarebeauty.com/products/liquid-touch-weightless-foundation-1,2026-09-28
Rare Beauty,Liquid Touch Weightless Foundation,110N,#F5D8C5,image,TRUE,https://www.rarebeauty.com/products/liquid-touch-weightless-foundation-1,2026-09-28
Rare Beauty,Liquid Touch Weightless Foundation,120C,#F2CEB5,image,TRUE,https://www.rarebeauty.com/products/liquid-touch-weightless-foundation-1,2026-09-28
Rare Beauty,Liquid Touch Weightless Foundation,130N,#E9BEA0,image,TRUE,https://www.rarebeauty.com/products/liquid-touch-weightless-foundation-1,2026-09-28
Rare Beauty,Liquid Touch Weightless Foundation,140C,#F3C9AE,image,FALSE,https://www.rarebeauty.com/products/liquid-touch-weightless-foundation-1,2026-09-28
Rare Beauty,Liquid Touch Weightless Foundation,150C,#F5C6AD,image,TRUE,https://www.rarebeauty.com/products/liquid-touch-weightless-foundation-1,2026-09-28
Rare Beauty,Liquid Touch Weightless Foundation,190W,#EAC298,image,TRUE,https://www.rarebeauty.com/products/liquid-touch-weightless-foundation-1,2026-09-28
Rare Beauty,Liquid Touch Weightless Foundation,160C,#F3BEA3,image,TRUE,https://www.rarebeauty.com/products/liquid-touch-weightless-foundation-1,2026-09-28
Rare Beauty,Liquid Touch Weightless Foundation,170W,#E5C4A1,image,FALSE,https://www.rarebeauty.com/products/liquid-touch-weightless-foundation-1,2026-09-28
Rare Beauty,Liquid Touch Weightless Foundation,180W,#E6B998,image,TRUE,https://www.rarebeauty.com/products/liquid-touch-weightless-foundation-1,2026-09-28
Rare Beauty,Liquid Touch Weightless Foundation,200C,#ECBC93,image,FALSE,https://www.rarebeauty.com/products/liquid-touch-weightless-foundation-1,2026-09-28
Rare Beauty,Liquid Touch Weightless Foundation,210N,#E5B78C,image,FALSE,https://www.rarebeauty.com/products/liquid-touch-weightless-foundation-1,2026-09-28
Rare Beauty,Liquid Touch Weightless Foundation,220C,#EAB391,image,FALSE,https://www.rarebeauty.com/products/liquid-touch-weightless-foundation-1,2026-09-28
Rare Beauty,Liquid Touch Weightless Foundation,230N,#E2B785,image,FALSE,https://www.rarebeauty.com/products/liquid-touch-weightless-foundation-1,2026-09-28
Rare Beauty,Liquid Touch Weightless Foundation,240W,#E6B684,image,TRUE,https://www.rarebeauty.com/products/liquid-touch-weightless-foundation-1,2026-09-28
Rare Beauty,Liquid Touch Weightless Foundation,250W,#DCA97D,image,FALSE,https://www.rarebeauty.com/products/liquid-touch-weightless-foundation-1,2026-09-28
Rare Beauty,Liquid Touch Weightless Foundation,260N,#E1A468,image,FALSE,https://www.rarebeauty.com/products/liquid-touch-weightless-foundation-1,2026-09-28
Rare Beauty,Liquid Touch Weightless Foundation,270N,#E8AE80,image,FALSE,https://www.rarebeauty.com/products/liquid-touch-weightless-foundation-1,2026-09-28
Rare Beauty,Liquid Touch Weightless Foundation,280N,#E1B17F,image,FALSE,https://www.rarebeauty.com/products/liquid-touch-weightless-foundation-1,2026-09-28
Rare Beauty,Liquid Touch Weightless Foundation,290N,#DEA67D,image,FALSE,https://www.rarebeauty.com/products/liquid-touch-weightless-foundation-1,2026-09-28
Rare Beauty,Liquid Touch Weightless Foundation,300C,#D6A282,image,FALSE,https://www.rarebeauty.com/products/liquid-touch-weightless-foundation-1,2026-09-28
Rare Beauty,Liquid Touch Weightless Foundation,310W,#CA9871,image,FALSE,https://www.rarebeauty.com/products/liquid-touch-weightless-foundation-1,2026-09-28
Rare Beauty,Liquid Touch Weightless Foundation,320W,#DCA165,image,FALSE,https://www.rarebeauty.com/products/liquid-touch-weightless-foundation-1,2026-09-28
Rare Beauty,Liquid Touch Weightless Foundation,330N,#DB9A70,image,FALSE,https://www.rarebeauty.com/products/liquid-touch-weightless-foundation-1,2026-09-28
Rare Beauty,Liquid Touch Weightless Foundation,340C,#C79163,image,FALSE,https://www.rarebeauty.com/products/liquid-touch-weightless-foundation-1,2026-09-28
Rare Beauty,Liquid Touch Weightless Foundation,350C,#C68968,image,FALSE,https://www.rarebeauty.com/products/liquid-touch-weightless-foundation-1,2026-09-28
Rare Beauty,Liquid Touch Weightless Foundation,360W,#C88F59,image,FALSE,https://www.rarebeauty.com/products/liquid-touch-weightless-foundation-1,2026-09-28
Rare Beauty,Liquid Touch Weightless Foundation,370N,#D08B53,image,FALSE,https://www.rarebeauty.com/products/liquid-touch-weightless-foundation-1,2026-09-28
Rare Beauty,Liquid Touch Weightless Foundation,380W,#CA8A54,image,FALSE,https://www.rarebeauty.com/products/liquid-touch-weightless-foundation-1,2026-09-28
Rare Beauty,Liquid Touch Weightless Foundation,390C,#C47E62,image,TRUE,https://www.rarebeauty.com/products/liquid-touch-weightless-foundation-1,2026-09-28
Rare Beauty,Liquid Touch Weightless Foundation,400W,#BD8053,image,FALSE,https://www.rarebeauty.com/products/liquid-touch-weightless-foundation-1,2026-09-28
Rare Beauty,Liquid Touch Weightless Foundation,410N,#B4784D,image,FALSE,https://www.rarebeauty.com/products/liquid-touch-weightless-foundation-1,2026-09-28
Rare Beauty,Liquid Touch Weightless Foundation,420N,#B5744B,image,FALSE,https://www.rarebeauty.com/products/liquid-touch-weightless-foundation-1,2026-09-28
Rare Beauty,Liquid Touch Weightless Foundation,430W,#B67246,image,FALSE,https://www.rarebeauty.com/products/liquid-touch-weightless-foundation-1,2026-09-28
Rare Beauty,Liquid Touch Weightless Foundation,440C,#A66644,image,FALSE,https://www.rarebeauty.com/products/liquid-touch-weightless-foundation-1,2026-09-28
Rare Beauty,Liquid Touch Weightless Foundation,450N,#A45D3F,image,FALSE,https://www.rarebeauty.com/products/liquid-touch-weightless-foundation-1,2026-09-28
Rare Beauty,Liquid Touch Weightless Foundation,460W,#A15C35,image,TRUE,https://www.rarebeauty.com/products/liquid-touch-weightless-foundation-1,2026-09-28
Rare Beauty,Liquid Touch Weightless Foundation,480W,#8D5638,image,TRUE,https://www.rarebeauty.com/products/liquid-touch-weightless-foundation-1,2026-09-28
Rare Beauty,Liquid Touch Weightless Foundation,470C,#A0603F,image,FALSE,https://www.rarebeauty.com/products/liquid-touch-weightless-foundation-1,2026-09-28
Rare Beauty,Liquid Touch Weightless Foundation,490C,#94523A,image,FALSE,https://www.rarebeauty.com/products/liquid-touch-weightless-foundation-1,2026-09-28
Rare Beauty,Liquid Touch Weightless Foundation,500N,#884F34,image,FALSE,https://www.rarebeauty.com/products/liquid-touch-weightless-foundation-1,2026-09-28
Rare Beauty,Liquid Touch Weightless Foundation,510W,#83523B,image,FALSE,https://www.rarebeauty.com/products/liquid-touch-weightless-foundation-1,2026-09-28
Rare Beauty,Liquid Touch Weightless Foundation,520W,#754521,image,TRUE,https://www.rarebeauty.com/products/liquid-touch-weightless-foundation-1,2026-09-28
Rare Beauty,Liquid Touch Weightless Foundation,530N,#824622,image,FALSE,https://www.rarebeauty.com/products/liquid-touch-weightless-foundation-1,2026-09-28
Rare Beauty,Liquid Touch Weightless Foundation,540C,#764134,image,FALSE,https://www.rarebeauty.com/products/liquid-touch-weightless-foundation-1,2026-09-28
Rare Beauty,Liquid Touch Weightless Foundation,550C,#703C38,image,FALSE,https://www.rarebeauty.com/products/liquid-touch-weightless-foundation-1,2026-09-28
Rare Beauty,Liquid Touch Weightless Foundation,560W,#583227,image,TRUE,https://www.rarebeauty.com/products/liquid-touch-weightless-foundation-1,2026-09-28
Rare Beauty,Liquid Touch Weightless Foundation,570N,#583C30,image,FALSE,https://www.rarebeauty.com/products/liquid-touch-weightless-foundation-1,2026-09-28
Rare Beauty,Positive Light Tinted Moisturizer SPF 20,10N,#EDCDB0,image,FALSE,https://www.rarebeauty.com/products/positive-light-tinted-moisturizer-broad-spectrum-spf-20-sunscreen,2026-09-28
Rare Beauty,Positive Light Tinted Moisturizer SPF 20,12C,#ECC5AC,image,FALSE,https://www.rarebeauty.com/products/positive-light-tinted-moisturizer-broad-spectrum-spf-20-sunscreen,2026-09-28
Rare Beauty,Positive Light Tinted Moisturizer SPF 20,14W,#EAC3A3,image,FALSE,https://www.rarebeauty.com/products/positive-light-tinted-moisturizer-broad-spectrum-spf-20-sunscreen,2026-09-28
Rare Beauty,Positive Light Tinted Moisturizer SPF 20,16C,#E7BCA0,image,FALSE,https://www.rarebeauty.com/products/positive-light-tinted-moisturizer-broad-spectrum-spf-20-sunscreen,2026-09-28
Rare Beauty,Positive Light Tinted Moisturizer SPF 20,20W,#E8C099,image,FALSE,https://www.rarebeauty.com/products/positive-light-tinted-moisturizer-broad-spectrum-spf-20-sunscreen,2026-09-28
Rare Beauty,Positive Light Tinted Moisturizer SPF 20,22W,#DEB183,image,FALSE,https://www.rarebeauty.com/products/positive-light-tinted-moisturizer-broad-spectrum-spf-20-sunscreen,2026-09-28
Rare Beauty,Positive Light Tinted Moisturizer SPF 20,24N,#D9A578,image,FALSE,https://www.rarebeauty.com/products/positive-light-tinted-moisturizer-broad-spectrum-spf-20-sunscreen,2026-09-28
Rare Beauty,Positive Light Tinted Moisturizer SPF 20,26W,#CA9469,image,FALSE,https://www.rarebeauty.com/products/positive-light-tinted-moisturizer-broad-spectrum-spf-20-sunscreen,2026-09-28
Rare Beauty,Positive Light Tinted Moisturizer SPF 20,28C,#D4936A,image,FALSE,https://www.rarebeauty.com/products/positive-light-tinted-moisturizer-broad-spectrum-spf-20-sunscreen,2026-09-28
Rare Beauty,Positive Light Tinted Moisturizer SPF 20,30N,#CA9A6B,image,FALSE,https://www.rarebeauty.com/products/positive-light-tinted-moisturizer-broad-spectrum-spf-20-sunscreen,2026-09-28
Rare Beauty,Positive Light Tinted Moisturizer SPF 20,32N,#CC8D5E,image,FALSE,https://www.rarebeauty.com/products/positive-light-tinted-moisturizer-broad-spectrum-spf-20-sunscreen,2026-09-28
Rare Beauty,Positive Light Tinted Moisturizer SPF 20,34W,#BF8654,image,TRUE,https://www.rarebeauty.com/products/positive-light-tinted-moisturizer-broad-spectrum-spf-20-sunscreen,2026-09-28
Rare Beauty,Positive Light Tinted Moisturizer SPF 20,36C,#C27B53,image,TRUE,https://www.rarebeauty.com/products/positive-light-tinted-moisturizer-broad-spectrum-spf-20-sunscreen,2026-09-28
Rare Beauty,Positive Light Tinted Moisturizer SPF 20,38N,#B58053,image,FALSE,https://www.rarebeauty.com/products/positive-light-tinted-moisturizer-broad-spectrum-spf-20-sunscreen,2026-09-28
Rare Beauty,Positive Light Tinted Moisturizer SPF 20,40N,#B87E4A,image,FALSE,https://www.rarebeauty.com/products/positive-light-tinted-moisturizer-broad-spectrum-spf-20-sunscreen,2026-09-28
Rare Beauty,Positive Light Tinted Moisturizer SPF 20,42N,#BC7E51,image,FALSE,https://www.rarebeauty.com/products/positive-light-tinted-moisturizer-broad-spectrum-spf-20-sunscreen,2026-09-28
Rare Beauty,Positive Light Tinted Moisturizer SPF 20,44N,#AB704B,image,FALSE,https://www.rarebeauty.com/products/positive-light-tinted-moisturizer-broad-spectrum-spf-20-sunscreen,2026-09-28
Rare Beauty,Positive Light Tinted Moisturizer SPF 20,46C,#9E6347,image,FALSE,https://www.rarebeauty.com/products/positive-light-tinted-moisturizer-broad-spectrum-spf-20-sunscreen,2026-09-28
Rare Beauty,Positive Light Tinted Moisturizer SPF 20,48W,#8C5942,image,FALSE,https://www.rarebeauty.com/products/positive-light-tinted-moisturizer-broad-spectrum-spf-20-sunscreen,2026-09-28
Rare Beauty,Positive Light Tinted Moisturizer SPF 20,50N,#834F3B,image,FALSE,https://www.rarebeauty.com/products/positive-light-tinted-moisturizer-broad-spectrum-spf-20-sunscreen,2026-09-28
Rare Beauty,Positive Light Tinted Moisturizer SPF 20,52W,#73472F,image,FALSE,https://www.rarebeauty.com/products/positive-light-tinted-moisturizer-broad-spectrum-spf-20-sunscreen,2026-09-28
Rare Beauty,Positive Light Tinted Moisturizer SPF 20,54N,#653824,image,FALSE,https://www.rarebeauty.com/products/positive-light-tinted-moisturizer-broad-spectrum-spf-20-sunscreen,2026-09-28
Rare Beauty,Positive Light Tinted Moisturizer SPF 20,56N,#583227,image,FALSE,https://www.rarebeauty.com/products/positive-light-tinted-moisturizer-broad-spectrum-spf-20-sunscreen,2026-09-28
Rare Beauty,Positive Light Tinted Moisturizer SPF 20,58N,#412A24,image,FALSE,https://www.rarebeauty.com/products/positive-light-tinted-moisturizer-broad-spectrum-spf-20-sunscreen,2026-09-28
Rare Beauty,True to Myself Natural Matte Longwear Foundation,1 Fair Neutral,#FADFD8,image,TRUE,https://www.rarebeauty.com/products/true-to-myself-natural-matte-longwear-foundation,2026-09-28
Rare Beauty,True to Myself Natural Matte Longwear Foundation,2 Fair Warm,#F5DBCA,image,TRUE,https://www.rarebeauty.com/products/true-to-myself-natural-matte-longwear-foundation,2026-09-28
Rare Beauty,True to Myself Natural Matte Longwear Foundation,3 Fair Cool,#EDCDC2,image,TRUE,https://www.rarebeauty.com/products/true-to-myself-natural-matte-longwear-foundation,2026-09-28
Rare Beauty,True to Myself Natural Matte Longwear Foundation,4 Fair Neutral,#EFD0BD,image,TRUE,https://www.rarebeauty.com/products/true-to-myself-natural-matte-longwear-foundation,2026-09-28
Rare Beauty,True to Myself Natural Matte Longwear Foundation,5 Fair Warm,#F1CDB3,image,TRUE,https://www.rarebeauty.com/products/true-to-myself-natural-matte-longwear-foundation,2026-09-28
Rare Beauty,True to Myself Natural Matte Longwear Foundation,6 Fair Neutral,#F4D0BF,image,TRUE,https://www.rarebeauty.com/products/true-to-myself-natural-matte-longwear-foundation,2026-09-28
Rare Beauty,True to Myself Natural Matte Longwear Foundation,7 Light Warm,#F4D5B8,image,TRUE,https://www.rarebeauty.com/products/true-to-myself-natural-matte-longwear-foundation,2026-09-28
Rare Beauty,True to Myself Natural Matte Longwear Foundation,8 Light Cool,#F4CAB4,image,TRUE,https://www.rarebeauty.com/products/true-to-myself-natural-matte-longwear-foundation,2026-09-28
Rare Beauty,True to Myself Natural Matte Longwear Foundation,9 Light Neutral,#F3C8A5,image,TRUE,https://www.rarebeauty.com/products/true-to-myself-natural-matte-longwear-foundation,2026-09-28
Rare Beauty,True to Myself Natural Matte Longwear Foundation,10 Light Warm,#F7C797,image,TRUE,https://www.rarebeauty.com/products/true-to-myself-natural-matte-longwear-foundation,2026-09-28
Rare Beauty,True to Myself Natural Matte Longwear Foundation,11 Light Cool,#F8C3A1,image,TRUE,https://www.rarebeauty.com/products/true-to-myself-natural-matte-longwear-foundation,2026-09-28
Rare Beauty,True to Myself Natural Matte Longwear Foundation,12 Light Warm,#F5C191,image,TRUE,https://www.rarebeauty.com/products/true-to-myself-natural-matte-longwear-foundation,2026-09-28
Rare Beauty,True to Myself Natural Matte Longwear Foundation,13 Light Neutral,#FCC29E,image,TRUE,https://www.rarebeauty.com/products/true-to-myself-natural-matte-longwear-foundation,2026-09-28
Rare Beauty,True to Myself Natural Matte Longwear Foundation,14 Light Medium Warm,#F6BA97,image,TRUE,https://www.rarebeauty.com/products/true-to-myself-natural-matte-longwear-foundation,2026-09-28
Rare Beauty,True to Myself Natural Matte Longwear Foundation,15 Light Medium Neutral,#EEBA8A,image,FALSE,https://www.rarebeauty.com/products/true-to-myself-natural-matte-longwear-foundation,2026-09-28
Rare Beauty,True to Myself Natural Matte Longwear Foundation,16 Light Medium Neutral,#F2B684,image,TRUE,https://www.rarebeauty.com/products/true-to-myself-natural-matte-longwear-foundation,2026-09-28
Rare Beauty,True to Myself Natural Matte Longwear Foundation,17 Light Medium Cool,#F8B592,image,TRUE,https://www.rarebeauty.com/products/true-to-myself-natural-matte-longwear-foundation,2026-09-28
Rare Beauty,True to Myself Natural Matte Longwear Foundation,18 Light Medium Neutral,#EEB280,image,TRUE,https://www.rarebeauty.com/products/true-to-myself-natural-matte-longwear-foundation,2026-09-28
Rare Beauty,True to Myself Natural Matte Longwear Foundation,19 Light Medium Warm,#EFB782,image,TRUE,https://www.rarebeauty.com/products/true-to-myself-natural-matte-longwear-foundation,2026-09-28
Rare Beauty,True to Myself Natural Matte Longwear Foundation,20 Light Medium Neutral,#FBB383,image,TRUE,https://www.rarebeauty.com/products/true-to-myself-natural-matte-longwear-foundation,2026-09-28
Rare Beauty,True to Myself Natural Matte Longwear Foundation,21 Light Medium Warm,#E5A975,image,TRUE,https://www.rarebeauty.com/products/true-to-myself-natural-matte-longwear-foundation,2026-09-28
Rare Beauty,True to Myself Natural Matte Longwear Foundation,22 Medium Cool,#ECA684,image,TRUE,https://www.rarebeauty.com/products/true-to-myself-natural-matte-longwear-foundation,2026-09-28
Rare Beauty,True to Myself Natural Matte Longwear Foundation,23 Medium Neutral,#E6A36E,image,FALSE,https://www.rarebeauty.com/products/true-to-myself-natural-matte-longwear-foundation,2026-09-28
Rare Beauty,True to Myself Natural Matte Longwear Foundation,24 Medium Warm,#ECA765,image,TRUE,https://www.rarebeauty.com/products/true-to-myself-natural-matte-longwear-foundation,2026-09-28
Rare Beauty,True to Myself Natural Matte Longwear Foundation,25 Medium Neutral,#EDA670,image,TRUE,https://www.rarebeauty.com/products/true-to-myself-natural-matte-longwear-foundation,2026-09-28
Rare Beauty,True to Myself Natural Matte Longwear Foundation,26 Medium Warm,#E79D60,image,TRUE,https://www.rarebeauty.com/products/true-to-myself-natural-matte-longwear-foundation,2026-09-28
Rare Beauty,True to Myself Natural Matte Longwear Foundation,27 Medium Warm,#DF945D,image,TRUE,https://www.rarebeauty.com/products/true-to-myself-natural-matte-longwear-foundation,2026-09-28
Rare Beauty,True to Myself Natural Matte Longwear Foundation,28 Medium Cool,#DC996E,image,TRUE,https://www.rarebeauty.com/products/true-to-myself-natural-matte-longwear-foundation,2026-09-28
Rare Beauty,True to Myself Natural Matte Longwear Foundation,29 Medium Neutral,#E09156,image,TRUE,https://www.rarebeauty.com/products/true-to-myself-natural-matte-longwear-foundation,2026-09-28
Rare Beauty,True to Myself Natural Matte Longwear Foundation,30 Medium Warm,#CE894F,image,TRUE,https://www.rarebeauty.com/products/true-to-myself-natural-matte-longwear-foundation,2026-09-28
Rare Beauty,True to Myself Natural Matte Longwear Foundation,31 Medium Deep Neutral,#CF8659,image,TRUE,https://www.rarebeauty.com/products/true-to-myself-natural-matte-longwear-foundation,2026-09-28
Rare Beauty,True to Myself Natural Matte Longwear Foundation,32 Medium Deep Neutral,#D48858,image,TRUE,https://www.rarebeauty.com/products/true-to-myself-natural-matte-longwear-foundation,2026-09-28
Rare Beauty,True to Myself Natural Matte Longwear Foundation,33 Medium Deep Cool,#DC8758,image,TRUE,https://www.rarebeauty.com/products/true-to-myself-natural-matte-longwear-foundation,2026-09-28
Rare Beauty,True to Myself Natural Matte Longwear Foundation,34 Medium Deep Warm,#D2874F,image,TRUE,https://www.rarebeauty.com/products/true-to-myself-natural-matte-longwear-foundation,2026-09-28
Rare Beauty,True to Myself Natural Matte Longwear Foundation,35 Medium Deep Cool,#CC7F51,image,TRUE,https://www.rarebeauty.com/products/true-to-myself-natural-matte-longwear-foundation,2026-09-28
Rare Beauty,True to Myself Natural Matte Longwear Foundation,36 Medium Deep Warm,#CD7C42,image,TRUE,https://www.rarebeauty.com/products/true-to-myself-natural-matte-longwear-foundation,2026-09-28
Rare Beauty,True to Myself Natural Matte Longwear Foundation,37 Medium Deep Cool,#BF6E41,image,TRUE,https://www.rarebeauty.com/products/true-to-myself-natural-matte-longwear-foundation,2026-09-28
Rare Beauty,True to Myself Natural Matte Longwear Foundation,38 Medium Deep Neutral,#BF6E3E,image,TRUE,https://www.rarebeauty.com/products/true-to-myself-natural-matte-longwear-foundation,2026-09-28
Rare Beauty,True to Myself Natural Matte Longwear Foundation,39 Medium Deep Warm,#B16E39,image,TRUE,https://www.rarebeauty.com/products/true-to-myself-natural-matte-longwear-foundation,2026-09-28
Rare Beauty,True to Myself Natural Matte Longwear Foundation,40 Deep Neutral,#B3673F,image,TRUE,https://www.rarebeauty.com/products/true-to-myself-natural-matte-longwear-foundation,2026-09-28
Rare Beauty,True to Myself Natural Matte Longwear Foundation,41 Deep Warm,#9E5939,image,TRUE,https://www.rarebeauty.com/products/true-to-myself-natural-matte-longwear-foundation,2026-09-28
Rare Beauty,True to Myself Natural Matte Longwear Foundation,42 Deep Cool,#9A5B2F,image,TRUE,https://www.rarebeauty.com/products/true-to-myself-natural-matte-longwear-foundation,2026-09-28
Rare Beauty,True to Myself Natural Matte Longwear Foundation,43 Deep Cool,#965034,image,TRUE,https://www.rarebeauty.com/products/true-to-myself-natural-matte-longwear-foundation,2026-09-28
Rare Beauty,True to Myself Natural Matte Longwear Foundation,44 Deep Warm,#895023,image,TRUE,https://www.rarebeauty.com/products/true-to-myself-natural-matte-longwear-foundation,2026-09-28
Rare Beauty,True to Myself Natural Matte Longwear Foundation,45 Deep Cool,#723B1A,image,TRUE,https://www.rarebeauty.com/products/true-to-myself-natural-matte-longwear-foundation,2026-09-28
Rare Beauty,True to Myself Natural Matte Longwear Foundation,46 Deep Neutral,#713415,image,TRUE,https://www.rarebeauty.com/products/true-to-myself-natural-matte-longwear-foundation,2026-09-28
Rare Beauty,True to Myself Natural Matte Longwear Foundation,47 Deep Neutral,#55280B,image,TRUE,https://www.rarebeauty.com/products/true-to-myself-natural-matte-longwear-foundation,2026-09-28
Rare Beauty,True to Myself Natural Matte Longwear Foundation,48 Deep Cool,#451B0C,image,TRUE,https://www.rarebeauty.com/products/true-to-myself-natural-matte-longwear-foundation,2026-09-28
Makeup by Mario,SurrealSkin Foundation,.5 N,#FDDEC9,image,TRUE,https://www.makeupbymario.com/products/surrealskin-foundation,2026-09-28
Makeup by Mario,SurrealSkin Foundation,1 C,#EECBB0,image,TRUE,https://www.makeupbymario.com/products/surrealskin-foundation,2026-09-28
Makeup by Mario,SurrealSkin Foundation,2 N,#EECAB6,image,TRUE,https://www.makeupbymario.com/products/surrealskin-foundation,2026-09-28
Makeup by Mario,SurrealSkin Foundation,3 W,#E7C3A4,image,TRUE,https://www.makeupbymario.com/products/surrealskin-foundation,2026-09-28
Makeup by Mario,SurrealSkin Foundation,3.5 C,#FAD6C3,image,TRUE,https://www.makeupbymario.com/products/surrealskin-foundation,2026-09-28
Makeup by Mario,SurrealSkin Foundation,4 C,#E1B899,image,FALSE,https://www.makeupbymario.com/products/surrealskin-foundation,2026-09-28
Makeup by Mario,SurrealSkin Foundation,4.5 N,#F7CBB2,image,TRUE,https://www.makeupbymario.com/products/surrealskin-foundation,2026-09-28
Makeup by Mario,SurrealSkin Foundation,5 N,#E1B292,image,TRUE,https://www.makeupbymario.com/products/surrealskin-foundation,2026-09-28
Makeup by Mario,SurrealSkin Foundation,6 W,#E3B38C,image,TRUE,https://www.makeupbymario.com/products/surrealskin-foundation,2026-09-28
Makeup by Mario,SurrealSkin Foundation,7 C,#D6AE8E,image,TRUE,https://www.makeupbymario.com/products/surrealskin-foundation,2026-09-28
Makeup by Mario,SurrealSkin Foundation,8 N,#D4A887,image,TRUE,https://www.makeupbymario.com/products/surrealskin-foundation,2026-09-28
Makeup by Mario,SurrealSkin Foundation,9 W,#DDB086,image,TRUE,https://www.makeupbymario.com/products/surrealskin-foundation,2026-09-28
Makeup by Mario,SurrealSkin Foundation,10 C,#D09B78,image,TRUE,https://www.makeupbymario.com/products/surrealskin-foundation,2026-09-28
Makeup by Mario,SurrealSkin Foundation,11 N,#C19976,image,TRUE,https://www.makeupbymario.com/products/surrealskin-foundation,2026-09-28
Makeup by Mario,SurrealSkin Foundation,11.5 N,#D4A789,image,TRUE,https://www.makeupbymario.com/products/surrealskin-foundation,2026-09-28
Makeup by Mario,SurrealSkin Foundation,12 O,#CA9C73,image,TRUE,https://www.makeupbymario.com/products/surrealskin-foundation,2026-09-28
Makeup by Mario,SurrealSkin Foundation,13 W,#D29369,image,TRUE,https://www.makeupbymario.com/products/surrealskin-foundation,2026-09-28
Makeup by Mario,SurrealSkin Foundation,14 O,#D5A175,image,TRUE,https://www.makeupbymario.com/products/surrealskin-foundation,2026-09-28
Makeup by Mario,SurrealSkin Foundation,15 N,#CC956C,image,TRUE,https://www.makeupbymario.com/products/surrealskin-foundation,2026-09-28
Makeup by Mario,SurrealSkin Foundation,16 C,#CA906F,image,TRUE,https://www.makeupbymario.com/products/surrealskin-foundation,2026-09-28
Makeup by Mario,SurrealSkin Foundation,16.5 N,#D6A281,image,TRUE,https://www.makeupbymario.com/products/surrealskin-foundation,2026-09-28
Makeup by Mario,SurrealSkin Foundation,17 N,#C28460,image,TRUE,https://www.makeupbymario.com/products/surrealskin-foundation,2026-09-28
Makeup by Mario,SurrealSkin Foundation,17.5 N,#D89870,image,FALSE,https://www.makeupbymario.com/products/surrealskin-foundation,2026-09-28
Makeup by Mario,SurrealSkin Foundation,18 W,#C0825E,image,TRUE,https://www.makeupbymario.com/products/surrealskin-foundation,2026-09-28
Makeup by Mario,SurrealSkin Foundation,18.5 N,#C7885B,image,FALSE,https://www.makeupbymario.com/products/surrealskin-foundation,2026-09-28
Makeup by Mario,SurrealSkin Foundation,19 C,#AB6942,image,TRUE,https://www.makeupbymario.com/products/surrealskin-foundation,2026-09-28
Makeup by Mario,SurrealSkin Foundation,20 N,#A56539,image,TRUE,https://www.makeupbymario.com/products/surrealskin-foundation,2026-09-28
Makeup by Mario,SurrealSkin Foundation,21 W,#A4622C,image,TRUE,https://www.makeupbymario.com/products/surrealskin-foundation,2026-09-28
Makeup by Mario,SurrealSkin Foundation,22 C,#A15F3D,image,TRUE,https://www.makeupbymario.com/products/surrealskin-foundation,2026-09-28
Makeup by Mario,SurrealSkin Foundation,23 O,#98633C,image,TRUE,https://www.makeupbymario.com/products/surrealskin-foundation,2026-09-28
Makeup by Mario,SurrealSkin Foundation,24 N,#88512B,image,TRUE,https://www.makeupbymario.com/products/surrealskin-foundation,2026-09-28
Makeup by Mario,SurrealSkin Foundation,25 W,#854D29,image,TRUE,https://www.makeupbymario.com/products/surrealskin-foundation,2026-09-28
Makeup by Mario,SurrealSkin Foundation,26 N,#74452B,image,TRUE,https://www.makeupbymario.com/products/surrealskin-foundation,2026-09-28
Makeup by Mario,SurrealSkin Foundation,27 W,#673514,image,TRUE,https://www.makeupbymario.com/products/surrealskin-foundation,2026-09-28
Makeup by Mario,SurrealSkin Foundation,28 W,#643425,image,TRUE,https://www.makeupbymario.com/products/surrealskin-foundation,2026-09-28
Makeup by Mario,SurrealSkin Foundation,28.5 N,#5A2D0F,image,TRUE,https://www.makeupbymario.com/products/surrealskin-foundation,2026-09-28
Makeup by Mario,SurrealSkin Foundation,29 C,#5A311F,image,TRUE,https://www.makeupbymario.com/products/surrealskin-foundation,2026-09-28
Makeup by Mario,SurrealSkin Foundation,29.5 N,#5B2810,image,TRUE,https://www.makeupbymario.com/products/surrealskin-foundation,2026-09-28
Makeup by Mario,SurrealSkin Foundation,30 W,#4B2F23,image,TRUE,https://www.makeupbymario.com/products/surrealskin-foundation,2026-09-28
Makeup by Mario,SurrealSkin Natural Finish Foundation,.5 N,#F4D3BD,image,TRUE,https://www.makeupbymario.com/products/surrealskin-natural-finish-foundation,2026-09-28
Makeup by Mario,SurrealSkin Natural Finish Foundation,1 C,#ECC9AF,image,TRUE,https://www.makeupbymario.com/products/surrealskin-natural-finish-foundation,2026-09-28
Makeup by Mario,SurrealSkin Natural Finish Foundation,2 N,#EAC8B3,image,TRUE,https://www.makeupbymario.com/products/surrealskin-natural-finish-foundation,2026-09-28
Makeup by Mario,SurrealSkin Natural Finish Foundation,3 W,#E6BFA2,image,TRUE,https://www.makeupbymario.com/products/surrealskin-natural-finish-foundation,2026-09-28
Makeup by Mario,SurrealSkin Natural Finish Foundation,3.5 C,#E3BEAC,image,TRUE,https://www.makeupbymario.com/products/surrealskin-natural-finish-foundation,2026-09-28
Makeup by Mario,SurrealSkin Natural Finish Foundation,4.5 N,#E8C6A6,image,TRUE,https://www.makeupbymario.com/products/surrealskin-natural-finish-foundation,2026-09-28
Makeup by Mario,SurrealSkin Natural Finish Foundation,5 N,#DFB092,image,TRUE,https://www.makeupbymario.com/products/surrealskin-natural-finish-foundation,2026-09-28
Makeup by Mario,SurrealSkin Natural Finish Foundation,6 W,#E0B08A,image,TRUE,https://www.makeupbymario.com/products/surrealskin-natural-finish-foundation,2026-09-28
Makeup by Mario,SurrealSkin Natural Finish Foundation,7 C,#D6AD8F,image,TRUE,https://www.makeupbymario.com/products/surrealskin-natural-finish-foundation,2026-09-28
Makeup by Mario,SurrealSkin Natural Finish Foundation,8 N,#D2A786,image,TRUE,https://www.makeupbymario.com/products/surrealskin-natural-finish-foundation,2026-09-28
Makeup by Mario,SurrealSkin Natural Finish Foundation,9 W,#DCAE86,image,TRUE,https://www.makeupbymario.com/products/surrealskin-natural-finish-foundation,2026-09-28
Makeup by Mario,SurrealSkin Natural Finish Foundation,11 N,#C19876,image,TRUE,https://www.makeupbymario.com/products/surrealskin-natural-finish-foundation,2026-09-28
Makeup by Mario,SurrealSkin Natural Finish Foundation,11.5 N,#D1A27D,image,TRUE,https://www.makeupbymario.com/products/surrealskin-natural-finish-foundation,2026-09-28
Makeup by Mario,SurrealSkin Natural Finish Foundation,12 O,#C7996F,image,TRUE,https://www.makeupbymario.com/products/surrealskin-natural-finish-foundation,2026-09-28
Makeup by Mario,SurrealSkin Natural Finish Foundation,14 O,#C18D63,image,TRUE,https://www.makeupbymario.com/products/surrealskin-natural-finish-foundation,2026-09-28
Makeup by Mario,SurrealSkin Natural Finish Foundation,15 N,#C18D63,image,TRUE,https://www.makeupbymario.com/products/surrealskin-natural-finish-foundation,2026-09-28
Makeup by Mario,SurrealSkin Natural Finish Foundation,16.5 N,#C08E66,image,TRUE,https://www.makeupbymario.com/products/surrealskin-natural-finish-foundation,2026-09-28
Makeup by Mario,SurrealSkin Natural Finish Foundation,17 N,#C0845F,image,TRUE,https://www.makeupbymario.com/products/surrealskin-natural-finish-foundation,2026-09-28
Makeup by Mario,SurrealSkin Natural Finish Foundation,17.5 N,#BF825E,image,TRUE,https://www.makeupbymario.com/products/surrealskin-natural-finish-foundation,2026-09-28
Makeup by Mario,SurrealSkin Natural Finish Foundation,18 W,#BA7E59,image,TRUE,https://www.makeupbymario.com/products/surrealskin-natural-finish-foundation,2026-09-28
Makeup by Mario,SurrealSkin Natural Finish Foundation,18.5 N,#BA7E59,image,TRUE,https://www.makeupbymario.com/products/surrealskin-natural-finish-foundation,2026-09-28
Makeup by Mario,SurrealSkin Natural Finish Foundation,19 C,#AB6B44,image,TRUE,https://www.makeupbymario.com/products/surrealskin-natural-finish-foundation,2026-09-28
Makeup by Mario,SurrealSkin Natural Finish Foundation,20 N,#A36539,image,TRUE,https://www.makeupbymario.com/products/surrealskin-natural-finish-foundation,2026-09-28
Makeup by Mario,SurrealSkin Natural Finish Foundation,22 C,#A46340,image,TRUE,https://www.makeupbymario.com/products/surrealskin-natural-finish-foundation,2026-09-28
Makeup by Mario,SurrealSkin Natural Finish Foundation,23 O,#9A5F37,image,TRUE,https://www.makeupbymario.com/products/surrealskin-natural-finish-foundation,2026-09-28
Makeup by Mario,SurrealSkin Natural Finish Foundation,24 N,#945932,image,TRUE,https://www.makeupbymario.com/products/surrealskin-natural-finish-foundation,2026-09-28
Makeup by Mario,SurrealSkin Natural Finish Foundation,25 W,#7E4820,image,TRUE,https://www.makeupbymario.com/products/surrealskin-natural-finish-foundation,2026-09-28
Makeup by Mario,SurrealSkin Natural Finish Foundation,26 N,#6C3413,image,TRUE,https://www.makeupbymario.com/products/surrealskin-natural-finish-foundation,2026-09-28
Makeup by Mario,SurrealSkin Natural Finish Foundation,27 W,#753A11,image,TRUE,https://www.makeupbymario.com/products/surrealskin-natural-finish-foundation,2026-09-28
Makeup by Mario,SurrealSkin Natural Finish Foundation,28.5 N,#612F10,image,TRUE,https://www.makeupbymario.com/products/surrealskin-natural-finish-foundation,2026-09-28
Makeup by Mario,SurrealSkin Natural Finish Foundation,29.5 N,#5E2709,image,TRUE,https://www.makeupbymario.com/products/surrealskin-natural-finish-foundation,2026-09-28
Makeup by Mario,SurrealSkin Natural Finish Foundation,30 W,#4F2A17,image,TRUE,https://www.makeupbymario.com/products/surrealskin-natural-finish-foundation,2026-09-28
